job-card-0,KEYSIGHT TECHNOLOGIES SINGAPORE (HOLDINGS) PTE. LTD.,Software Engineer,"5074,8456"
job-card-1,RENEW GROUP PRIVATE LIMITED,Senior Software Engineer,Salary undisclosed
job-card-2,CORESTAFF PTE. LTD.,Software Engineer,"2800,4500"
job-card-3,KEYSIGHT TECHNOLOGIES SINGAPORE (HOLDINGS) PTE. LTD.,R&D Software Engineer,"4808,8013"
job-card-4,POWER INSTRUMENTS PTE LTD,SOFTWARE ENGINEER  /  SENIOR SOFTWARE ENGINEER,Salary undisclosed
job-card-5,OPENFEEL PTE. LTD.,Software Engineer  /  Software Developer  /  Analyst Programmer,Salary undisclosed
job-card-6,ASSURANCE TECHNOLOGY PTE LTD,Application Software Engineer,"3000,5000"
job-card-7,W3OCEAN PTE. LTD.,Software Engineer,"3500,3800"
job-card-8,TALENT SEARCH PTE. LTD.,Software Engineer,"4000,5000"
job-card-9,SATO ASIA PACIFIC PTE. LTD.,Software Engineer,Salary undisclosed
job-card-10,WEB-ECONOMY TECHNOLOGY PTE LTD,SENIOR SOFTWARE ENGINEER,"3500,6000"
job-card-11,UFINITY SERVICES PTE. LTD.,SOFTWARE ENGINEER,"3000,5200"
job-card-12,TRAKOMATIC PTE. LTD.,Computer Vision Software Engineer,"4000,6000"
job-card-13,UFINITY PTE LTD,SOFTWARE ENGINEER (Java),"3000,5200"
job-card-14,IAPPS PTE. LTD.,Software Engineer,Salary undisclosed
job-card-15,TRADEGECKO PTE. LTD.,"Software Engineer, Senior","6500,9500"
job-card-16,TRADEGECKO PTE. LTD.,Software Engineer,"4500,7000"
job-card-17,EQUINIX ASIA PACIFIC PTE. LTD.,Staff Software Engineer,"7000,8500"
job-card-18,TENX PTE. LTD.,Software Engineer - Front-End,"5000,12000"
job-card-19,HELIX LEISURE PTE. LTD.,Software Engineer,"5000,8000"
job-card-0,IHEALTH (SINGAPORE) LABS PTE. LTD.,Software Engineer - Full Stack,"6000,8000"
job-card-1,UFINITY SERVICES PTE. LTD.,SENIOR SOFTWARE ENGINEER,"3600,6000"
job-card-2,EMERSON PROCESS MANAGEMENT ASIA PACIFIC PRIVATE LIMITED,Senior  /  Software Engineer (MEAS_18010393),"4000,6500"
job-card-3,UFINITY PTE LTD,SENIOR SOFTWARE ENGINEER,"3600,6000"
job-card-4,TAIGER SINGAPORE PTE. LTD.,Junior Software Engineer,Salary undisclosed
job-card-5,"JPMORGAN CHASE BANK, N.A.",Software Engineer - Compliance Technology,"7000,14000"
job-card-6,"JPMORGAN CHASE BANK, N.A.",Big Data Software Engineer – Regulatory Reporting Technology,"7000,14000"
job-card-7,ENNOVATEZ PTE. LTD.,BU B&S Software Engineer,Recruiter
job-card-8,HPS PARTNERS PTE. LTD.,Embedded Software Engineer,"5000,6500"
job-card-9,XC TRADING SINGAPORE PTE. LTD.,Software Engineer,"2500,4500"
job-card-10,TUM CREATE LIMITED,Robotics Software Engineer,"3500,5600"
job-card-11,AUTODESK ASIA PTE. LTD.,"Software Engineer, Engineering Operations_18WD26295","35700,71300"
job-card-12,HELIX LEISURE PTE. LTD.,Software Engineer (Solutions Group),"5500,8500"
job-card-13,SINGAPORE TELECOMMUNICATIONS LIMITED,Network Software Engineer,"4000,6500"
job-card-14,MYREPUBLIC GROUP LIMITED,Software Engineer /  Senior Software Engineer,via Recruiter
job-card-15,APPLE SOUTH ASIA PTE. LTD.,Embedded Software Engineer,"8000,12000"
job-card-16,GREEN KONCEPTS PTE. LTD.,"Software Engineer-IT Infrastructure, Testing & Support","4000,8000"
job-card-17,Company Undisclosed,Principal Software Engineer (Lead Java Backend developer),via Recruiter
job-card-18,FREAKOUT PTE. LTD.,Software Engineer,"6000,8000"
job-card-19,TURNKEY BUSINESS SOLUTIONS PTE LTD,Software Engineer,"4000,6000"
job-card-0,IHEALTH (SINGAPORE) LABS PTE. LTD.,Software Engineer - Full Stack,"6000,8000"
job-card-1,UFINITY SERVICES PTE. LTD.,SENIOR SOFTWARE ENGINEER,"3600,6000"
job-card-2,EMERSON PROCESS MANAGEMENT ASIA PACIFIC PRIVATE LIMITED,Senior  /  Software Engineer (MEAS_18010393),"4000,6500"
job-card-3,UFINITY PTE LTD,SENIOR SOFTWARE ENGINEER,"3600,6000"
job-card-4,TAIGER SINGAPORE PTE. LTD.,Junior Software Engineer,Salary undisclosed
job-card-5,"JPMORGAN CHASE BANK, N.A.",Software Engineer - Compliance Technology,"7000,14000"
job-card-6,"JPMORGAN CHASE BANK, N.A.",Big Data Software Engineer – Regulatory Reporting Technology,"7000,14000"
job-card-7,ENNOVATEZ PTE. LTD.,BU B&S Software Engineer,Recruiter
job-card-8,HPS PARTNERS PTE. LTD.,Embedded Software Engineer,"5000,6500"
job-card-9,XC TRADING SINGAPORE PTE. LTD.,Software Engineer,"2500,4500"
job-card-10,TUM CREATE LIMITED,Robotics Software Engineer,"3500,5600"
job-card-11,AUTODESK ASIA PTE. LTD.,"Software Engineer, Engineering Operations_18WD26295","35700,71300"
job-card-12,HELIX LEISURE PTE. LTD.,Software Engineer (Solutions Group),"5500,8500"
job-card-13,SINGAPORE TELECOMMUNICATIONS LIMITED,Network Software Engineer,"4000,6500"
job-card-14,MYREPUBLIC GROUP LIMITED,Software Engineer /  Senior Software Engineer,via Recruiter
job-card-15,APPLE SOUTH ASIA PTE. LTD.,Embedded Software Engineer,"8000,12000"
job-card-16,GREEN KONCEPTS PTE. LTD.,"Software Engineer-IT Infrastructure, Testing & Support","4000,8000"
job-card-17,Company Undisclosed,Principal Software Engineer (Lead Java Backend developer),via Recruiter
job-card-18,FREAKOUT PTE. LTD.,Software Engineer,"6000,8000"
job-card-19,TURNKEY BUSINESS SOLUTIONS PTE LTD,Software Engineer,"4000,6000"
job-card-0,APTIV8 PTE. LTD.,Lead Software Engineer,"3500,6000"
job-card-1,ORION CONSULTANCY PTE. LIMITED,Software Engineer,"2200,3800"
job-card-2,COALESCE MANAGEMENT CONSULTING PTE. LIMITED,GIS Sr. Software Engineer,"5500,7000"
job-card-3,CAPITA PTE. LTD.,Software Engineer - C programming cum IOS - 6 months,"5000,7500"
job-card-4,DAIFUKU MECHATRONICS (SINGAPORE) PTE LTD,ASSISTANT SOFTWARE ENGINEER (RFID),"1800,2400"
job-card-5,INFOLOGIC PTE LTD,Software Engineer,Salary undisclosed
job-card-6,TOTAL EBIZ SOLUTIONS PTE. LTD.,Senior Software Engineer,"6500,7200"
job-card-7,TOTAL EBIZ SOLUTIONS PTE. LTD.,Senior Software Engineer,"5000,6500"
job-card-8,BLUE STAR INFOSTACK SOLUTIONS PTE. LTD.,Software Engineer,"5500,8000"
job-card-9,TOTAL EBIZ SOLUTIONS PTE. LTD.,Software Engineer,"4000,5500"
job-card-10,TOTAL EBIZ SOLUTIONS PTE. LTD.,Senior Software Engineer,"6500,7500"
job-card-11,TOTAL EBIZ SOLUTIONS PTE. LTD.,Senior Software Engineer,"5000,6500"
job-card-12,I-ACCESS SOLUTIONS PTE. LTD.,Software Engineer,"2500,6000"
job-card-13,APBA PTE. LTD.,Software Engineer,"2000,5000"
job-card-14,DAIFUKU MECHATRONICS (SINGAPORE) PTE LTD,Assistant Software Engineer,"2000,2600"
job-card-15,HES ENERGY SYSTEMS PTE. LTD.,SOFTWARE ENGINEER,"3500,4500"
job-card-16,TOTAL EBIZ SOLUTIONS PTE. LTD.,Software Engineer - Java,"6000,7500"
job-card-17,MEDIACORP PTE. LTD.,Senior Mobile Developer  /  Principal Software Engineer (iOS),"7000,10000"
job-card-18,MEDIACORP PTE. LTD.,Senior Mobile Developer  /  Principal Software Engineer (iOS),"5000,8000"
job-card-19,AUTODESK ASIA PTE. LTD.,Software Engineer in Test_18WD29403,"48000,96000"
job-card-0,Company Undisclosed,DEVELOPER & SOFTWARE ENGINEER,via Recruiter
job-card-1,ZALORA SOUTH EAST ASIA PTE. LTD.,Software Engineer - Testing,"4000,5500"
job-card-2,THE SUPREME HR ADVISORY PTE. LTD.,Software Engineer (C++ / VB / Java / C# / ASP / SQL / Python / Linux),"2500,5000"
job-card-3,AUDACY PTE. LTD.,FLIGHT SOFTWARE ENGINEER,"4000,10000"
job-card-4,REDMART LIMITED,Senior Software Engineer,"8000,11000"
job-card-5,TENX PTE. LTD.,Software Engineer - Security,"5000,12000"
job-card-6,"JPMORGAN CHASE BANK, N.A.","Python /  R Software Engineer, Corporate Technology","7500,15000"
job-card-7,ARISTON SERVICES PTE. LTD.,Senior Software Engineer,"5000,10000"
job-card-8,AUTODESK ASIA PTE. LTD.,"Senior Software Engineer, SDK Development_17WD24690","59000,118000"
job-card-9,ASM TECHNOLOGY SINGAPORE PTE LTD,Software Engineer,"3000,4500"
job-card-10,WILLOWGLEN SERVICES PTE LTD,SENIOR SOFTWARE ENGINEER (Ref: 0718 / S2 / E0059),"3500,5000"
job-card-11,PRIMUSTECH PTE. LTD.,SOFTWARE ENGINEER,Salary undisclosed
job-card-12,TERALYTICS PTE. LTD.,Software Engineer,"6000,12000"
job-card-13,CARTRACK TECHNOLOGIES SOUTH EAST ASIA PTE. LTD.,Mobile Software Engineer,"5500,10000"
job-card-14,SABRE INFORMATION SERVICES PTE LTD,Staff Software Engineer,"2000,4000"
job-card-15,INTERSOFTKK (SINGAPORE) PTE. LTD.,Associate Software engineer,"2500,3200"
job-card-16,CONEXUS PTE. LTD.,Staff Software Engineer,"3500,5000"
job-card-17,ASM TECHNOLOGY SINGAPORE PTE LTD,Software Engineer (Product Development),"3000,5500"
job-card-18,MURATA ENERGY DEVICE SINGAPORE PTE. LTD.,CIM Software Engineer,"3500,6000"
job-card-19,WILLOWGLEN SERVICES PTE LTD,SOFTWARE ENGINEER (Ref: 0718 / S2 / E0062),"3000,4500"
job-card-0,ETUAN MECHATRONIC PTE LTD,Software Engineer  /  Senior Software Engineer,Salary undisclosed
job-card-1,GP NETWORK ASIA PTE. LTD.,Software Engineer,"7000,12000"
job-card-2,BROCADE COMMUNICATIONS SINGAPORE PTE. LTD.,Principal Software Engineer,"7000,10000"
job-card-3,IIM PTE. LTD.,Advanced Software Engineer,"3800,4500"
job-card-4,SYMANTEC ASIA PACIFIC PTE. LTD.,Software Engineer,"90000,110000"
job-card-5,SYMANTEC ASIA PACIFIC PTE. LTD.,Associate Software Engineer,"60000,70000"
job-card-6,THE SUPREME HR ADVISORY PTE. LTD.,Software Engineer,"4000,6000"
job-card-7,CARGO COMMUNITY NETWORK PTE LTD,Software Engineer,"3000,5000"
job-card-8,RANDSTAD PTE. LIMITED,Software Engineer,"6000,6500"
job-card-9,GETECH AUTOMATION PTE LTD,SOFTWARE ENGINEER,"4000,4700"
job-card-10,OAKTREE CONSULTING,Embedded Software Engineer,"3000,4500"
job-card-11,MANPOWER STAFFING SERVICES (SINGAPORE) PTE LTD,Software Engineer (Payment Terminal),"3500,5000"
job-card-12,SIMPLUS PTE. LTD.,Software Engineer,Salary undisclosed
job-card-13,EXCELPOINT SYSTEMS (PTE) LTD,Software Engineer,"3500,4300"
job-card-14,EXCELPOINT SYSTEMS (PTE) LTD,Software Engineer,"3500,4300"
job-card-15,BEUMER GROUP SINGAPORE PTE. LTD.,SOFTWARE ENGINEER,"3500,5000"
job-card-16,TRAVELOKA SERVICES PTE. LTD.,Senior Software Engineer,"8000,15000"
job-card-17,DENTSU AEGIS NETWORK HUB2050,Senior Software Engineer,"4000,12000"
job-card-18,TENX PTE. LTD.,Software Engineer,"4000,8000"
job-card-19,RECRUIT HAUS PTE. LTD.,Software Engineer (Mobile App),Recruiter
job-card-0,THE SUPREME HR ADVISORY PTE. LTD.,Advanced Software Engineer,"2500,3500"
job-card-1,IZEEM PTE. LTD.,Lead Software Engineer,"3500,4000"
job-card-2,NCS PTE. LTD.,Senior  /  Software Engineer,"5000,9000"
job-card-3,VCARGO CLOUD PTE. LTD.,Senior Software Engineer,"6000,8000"
job-card-4,VCARGO CLOUD PTE. LTD.,Software Engineer,"3000,4800"
job-card-5,ONELINK HR CONSULTANCY PTE. LTD.,Software Engineer,"3000,5000"
job-card-6,CXA GROUP PTE. LIMITED,Senior Software Engineer,"6000,10000"
job-card-7,Nanyang Polytechnic,Software Engineer (Centre for IT Innovation) - School of Information Technology,Salary undisclosed
job-card-8,TELERADIO ENGINEERING PTE. LTD.,software engineer,"2500,6000"
job-card-9,WEGO PTE. LTD.,Software Engineer - Marketing Technology (Search&CRM),"3000,8000"
job-card-10,TENX PTE. LTD.,Senior Software Engineer,"10000,15000"
job-card-11,TENX PTE. LTD.,Software Engineer,"4000,12000"
job-card-12,ENROCHEM PTE. LTD.,Senior software engineer,"4500,6000"
job-card-13,WILSON PARKING (SINGAPORE) PTE. LTD.,Software Engineer,Salary undisclosed
job-card-14,AVENSYS CONSULTING PTE. LTD.,Software Engineer,"5500,8000"
job-card-15,AVENSYS CONSULTING PTE. LTD.,Senior Software Engineer,"5500,8000"
job-card-16,REALTEK SINGAPORE PRIVATE LIMITED,Software Engineer  /  Senior Software Engineer_WiFi AP / Router Development,"3000,5600"
job-card-17,NINJA LOGISTICS PTE. LTD.,Senior Software Engineer,"5000,9000"
job-card-18,WEWORK SINGAPORE PTE. LTD.,Senior Software Engineer,"8000,12000"
job-card-19,ST ENGINEERING LAND SYSTEMS LTD.,Software Engineer (Mobility Solutions),"3500,4800"
