job,company,job_title,salary
job-card-0,MORGAN LEWIS STAMFORD LLC,Associate Talent Manager,"5000,8000"
job-card-1,GERSON LEHRMAN GROUP SINGAPORE PTE. LTD.,Senior Associate,"48000,75000"
job-card-2,PRICEWATERHOUSECOOPERS CONSULTING (SINGAPORE) PTE. LTD.,Financial Services Technology Consulting Associate  /  Senior Associate,"3500,7000"
job-card-3,Republic Polytechnic,"School of Sports, Health and Leisure - CET Associate Lecturer (Sport and Exercise Science)",Salary undisclosed
job-card-4,VELAN TRADING PTE. LTD.,"Sales Associate, Departmental Store","6000,7000"
job-card-5,PEOPLE PROFILERS PTE. LTD.,Sales Associate,"1300,2000"
job-card-6,X-BOUNDARIES PTE. LTD.,Sales Associate,"1600,2000"
job-card-7,X-BOUNDARIES PTE. LTD.,Sales Associate,"1400,1600"
job-card-8,NANYANG TECHNOLOGICAL UNIVERSITY,Research Associate,"3000,6000"
job-card-9,STHREE PTE. LTD.,Associate Recruitment Consultant (Real Staffing),"3000,4500"
job-card-10,INSEAD,Research Associate,"3000,5000"
job-card-11,COUNCIL FOR WORLD MISSION LTD.,Mission Programme Associate,"3000,4000"
job-card-12,RGF TALENT SOLUTIONS SINGAPORE PTE. LTD.,Associate Director (Recruitment),"8000,10000"
job-card-13,AQUIS SEARCH PTE. LTD.,Associate Consultant (Japanese or Korean speaking),Salary undisclosed
job-card-14,LINKLATERS SINGAPORE PTE. LTD.,Associate,"10000,15000"
job-card-15,PHD SINGAPORE PTE. LTD.,Associate Manager,"4000,5000"
job-card-16,KPMG SERVICES PTE. LTD.,"Robotic Process Automation (RPA) Developer, Senior Associate  /  Associate","3500,6000"
job-card-17,IMPACT INVESTMENT EXCHANGE (ASIA) PTE. LTD.,Credit Asset Management Associate,"3500,4000"
job-card-18,SUMITOMO MITSUI BANKING CORPORATION SINGAPORE BRANCH,"Global Transaction Banking Department , Associate /  Senior Associate","3000,6500"
job-card-19,AQUIS SEARCH PTE. LTD.,Associate Consultant (Japanese or Korean speaking),Salary undisclosed
job-card-0,DATAXU SINGAPORE PTE. LTD.,Account Associate,"35000,50000"
job-card-1,GIC PRIVATE LIMITED,"Associate, Funds & Co-Investments Group - Asia","5000,10000"
job-card-2,AQUIS SEARCH PTE. LTD.,Associate Consultant (Japanese or Korean speaking),Salary undisclosed
job-card-3,SINGAPORE-MIT ALLIANCE FOR RESEARCH AND TECHNOLOGY CENTRE,Postdoctoral Associate / Research Associate / Research Scientist (Ref: IRG_FM_2018_021),"4500,8000"
job-card-4,NATIONAL UNIVERSITY OF SINGAPORE,"Assistant Professor  /  Associate Professor, Associate Dean for Assessment","60000,204000"
job-card-5,NATIONAL UNIVERSITY OF SINGAPORE,"Associate Professor  /  Professor, Associate Dean for Technology Enhanced Learning & Innovation","108000,276000"
job-card-6,NATIONAL UNIVERSITY OF SINGAPORE,"Assistant Professor  /  Associate Professor  /  Professor, Associate Dean for Simulation Based Education","60000,276000"
job-card-7,NANYANG TECHNOLOGICAL UNIVERSITY,Research Associate / Fellow (Preparedness for clinical practice study),Salary undisclosed
job-card-8,EXIGER SINGAPORE PTE. LTD.,"Associate, Implementation Support","3600,5000"
job-card-9,GREENWICH ASSOCIATES SINGAPORE PTE. LTD.,Client Associate,"5000,7000"
job-card-10,AQUIS SEARCH PTE. LTD.,Associate Consultant (Japanese or Korean speaking),Salary undisclosed
job-card-11,VISA WORLDWIDE PTE. LIMITED,"Business Associate, Graduate Development Program","5500,7500"
job-card-12,ASPENTECH PTE. LTD.,Associate Inside Sales Account Manager,"44000,64000"
job-card-13,AQUIS SEARCH PTE. LTD.,Associate Consultant (Japanese or Korean speaking),Salary undisclosed
job-card-14,SINGAPORE-MIT ALLIANCE FOR RESEARCH AND TECHNOLOGY CENTRE,Postdoctoral Associate / Senior Postdoctoral Associate (Ref: IRG_LEES_2018_004),"4500,8000"
job-card-15,Republic Polytechnic,"School of Sports, Health and Leisure - Associate Lecturer (Sports and Exercise Sciences)",Salary undisclosed
job-card-16,BEATHCHAPMAN (PTE. LTD.),"Associate Director, Regional Technical (Core Network Virtualization)",Recruiter
job-card-17,NUINTERNATIONAL SINGAPORE PTE. LTD.,Assistant Professor  /  Associate Professor in Mechanical Design & Manufacturing Engineering,"6298,12108"
job-card-18,GOOGLE ASIA PACIFIC PTE. LTD.,Associate Product Marketing Manager - Singapore,"4375,8750"
job-card-19,NATIONAL UNIVERSITY OF SINGAPORE,Research Associate  /  Assistant (Biology),"3000,4500"
job-card-0,DATAXU SINGAPORE PTE. LTD.,Account Associate,"35000,50000"
job-card-1,GIC PRIVATE LIMITED,"Associate, Funds & Co-Investments Group - Asia","5000,10000"
job-card-2,AQUIS SEARCH PTE. LTD.,Associate Consultant (Japanese or Korean speaking),Salary undisclosed
job-card-3,SINGAPORE-MIT ALLIANCE FOR RESEARCH AND TECHNOLOGY CENTRE,Postdoctoral Associate / Research Associate / Research Scientist (Ref: IRG_FM_2018_021),"4500,8000"
job-card-4,NATIONAL UNIVERSITY OF SINGAPORE,"Assistant Professor  /  Associate Professor, Associate Dean for Assessment","60000,204000"
job-card-5,NATIONAL UNIVERSITY OF SINGAPORE,"Associate Professor  /  Professor, Associate Dean for Technology Enhanced Learning & Innovation","108000,276000"
job-card-6,NATIONAL UNIVERSITY OF SINGAPORE,"Assistant Professor  /  Associate Professor  /  Professor, Associate Dean for Simulation Based Education","60000,276000"
job-card-7,NANYANG TECHNOLOGICAL UNIVERSITY,Research Associate / Fellow (Preparedness for clinical practice study),Salary undisclosed
job-card-8,EXIGER SINGAPORE PTE. LTD.,"Associate, Implementation Support","3600,5000"
job-card-9,GREENWICH ASSOCIATES SINGAPORE PTE. LTD.,Client Associate,"5000,7000"
job-card-10,AQUIS SEARCH PTE. LTD.,Associate Consultant (Japanese or Korean speaking),Salary undisclosed
job-card-11,VISA WORLDWIDE PTE. LIMITED,"Business Associate, Graduate Development Program","5500,7500"
job-card-12,ASPENTECH PTE. LTD.,Associate Inside Sales Account Manager,"44000,64000"
job-card-13,AQUIS SEARCH PTE. LTD.,Associate Consultant (Japanese or Korean speaking),Salary undisclosed
job-card-14,SINGAPORE-MIT ALLIANCE FOR RESEARCH AND TECHNOLOGY CENTRE,Postdoctoral Associate / Senior Postdoctoral Associate (Ref: IRG_LEES_2018_004),"4500,8000"
job-card-15,Republic Polytechnic,"School of Sports, Health and Leisure - Associate Lecturer (Sports and Exercise Sciences)",Salary undisclosed
job-card-16,BEATHCHAPMAN (PTE. LTD.),"Associate Director, Regional Technical (Core Network Virtualization)",Recruiter
job-card-17,NUINTERNATIONAL SINGAPORE PTE. LTD.,Assistant Professor  /  Associate Professor in Mechanical Design & Manufacturing Engineering,"6298,12108"
job-card-18,GOOGLE ASIA PACIFIC PTE. LTD.,Associate Product Marketing Manager - Singapore,"4375,8750"
job-card-19,NATIONAL UNIVERSITY OF SINGAPORE,Research Associate  /  Assistant (Biology),"3000,4500"
job-card-0,THE NIELSEN COMPANY (SINGAPORE) PTE. LTD.,Associate Director Sales,"8000,12000"
job-card-1,SAPIENT CONSULTING (SINGAPORE) PRIVATE LIMITED,"Associate Creative Director, Experience Design",Salary undisclosed
job-card-2,CREADITS PTE. LTD.,Creative Success Associate,"4000,5000"
job-card-3,NANYANG TECHNOLOGICAL UNIVERSITY,Research Associate,"3000,4500"
job-card-4,NANYANG TECHNOLOGICAL UNIVERSITY,Research Associate (NIE-OER 23 / 17 CCY),"3500,5600"
job-card-5,ARK ALLIANCE LLP,Audit Associate,"2400,2500"
job-card-6,NATIONAL UNIVERSITY OF SINGAPORE,Research Associate,"4500,5000"
job-card-7,Company Undisclosed,Associate Engineer (Telecommunications),via Recruiter
job-card-8,NATIONAL UNIVERSITY OF SINGAPORE,Research Assistant / Associate,"3000,5000"
job-card-9,STANDARD CHARTERED BANK,"Associate Director, Strategy","8000,12000"
job-card-10,ALTAIR GLOBAL RELOCATION SINGAPORE PTE. LTD.,Global Services Associate,"2500,3000"
job-card-11,GOOGLE ASIA PACIFIC PTE. LTD.,"Operations Support Associate, Legal Online Support (Korean) - Singapore","5500,11000"
job-card-12,NATIONAL UNIVERSITY HOSPITAL (SINGAPORE) PTE LTD,"Consultant / Associate Consultant, Division of Rheumatology, Department of Medicine,",Recruiter
job-card-13,VOLT SERVICE CORPORATION PTE. LTD.,Marketing Associate,Recruiter
job-card-14,NATIONAL UNIVERSITY HOSPITAL (SINGAPORE) PTE LTD,Associate Consultant (Medical Doctor),Recruiter
job-card-15,ALEXANDER MANN BPO SOLUTIONS (SINGAPORE) PTE. LTD.,(Future Positions-Campus) APAC Singapore Global Research Full Time Associate 2019,Recruiter
job-card-16,ALEXANDER MANN BPO SOLUTIONS (SINGAPORE) PTE. LTD.,(Future Positions-Campus) APAC Singapore Global Investment Banking Full Time Associate 2019,Recruiter
job-card-17,NANYANG TECHNOLOGICAL UNIVERSITY,Research Associate,"3400,4500"
job-card-18,HAPPY MARKETER PRIVATE LTD.,"Associate Consultant, Digital Strategy","2500,3500"
job-card-19,RANDSTAD PTE. LIMITED,QC Associate Engineer (Semiconductor  /  Electronics),"2300,2800"
job-card-0,TOUREGO PTE. LTD.,Business Development Associate,"800,1000"
job-card-1,Republic Polytechnic,School of Infocomm - Associate Lecturer (Data Centre  /  Cloud Management),Salary undisclosed
job-card-2,Republic Polytechnic,School of Infocomm - Associate Lecturer (Business Applications   / Business Information Systems),Salary undisclosed
job-card-3,NATIONAL UNIVERSITY HOSPITAL (SINGAPORE) PTE LTD,"Consultant / Associate Consultant, Division of Rheumatology, Department of Medicine",Salary undisclosed
job-card-4,NATIONAL UNIVERSITY HOSPITAL (SINGAPORE) PTE LTD,Associate Consultant (Medical Doctor),Salary undisclosed
job-card-5,SINGAPORE-MIT ALLIANCE FOR RESEARCH AND TECHNOLOGY CENTRE,Postdoctoral Associate / Research Associate / Research Scientist (Ref: IRG_CENSAM_2018_003),"4500,8000"
job-card-6,NATIONAL UNIVERSITY OF SINGAPORE,Research Assistant / Associate / Fellow,"3000,5000"
job-card-7,NATIONAL UNIVERSITY OF SINGAPORE,Assistant / Associate Professor,"8000,10000"
job-card-8,ERNST & YOUNG SOLUTIONS LLP,"Senior Associate - Transaction Diligence, Transaction Advisory Services, Singapore","4100,8200"
job-card-9,ERNST & YOUNG SOLUTIONS LLP,"Associate - Transaction Diligence, Transaction Advisory Services, Singapore","3000,6000"
job-card-10,NANYANG TECHNOLOGICAL UNIVERSITY,Research Associate,"5000,5500"
job-card-11,Republic Polytechnic,School of Infocomm - Associate Lecturer,Salary undisclosed
job-card-12,Republic Polytechnic,School of Technology for the Arts - Associate Lecturer (Game Design),"3520,5280"
job-card-13,Republic Polytechnic,"School of Sports, Health and Leisure - Associate Lecturer (Health Services Management)",Salary undisclosed
job-card-14,Republic Polytechnic,"School of Sports, Health and Leisure - Associate Lecturer (Health Management and Promotion)",Salary undisclosed
job-card-15,Republic Polytechnic,"School of Sports, Health and Leisure - Associate Lecturer (Sports Coaching)","3520,5280"
job-card-16,TIDY MAINTENANCE & ENGINEERING PTE. LTD.,Sales & Marketing Associate,"1500,2000"
job-card-17,IMPACT INVESTMENT EXCHANGE (ASIA) PTE. LTD.,Business Development Associate,"3600,4000"
job-card-18,DBS BANK LTD.,"Senior Associate / Associate, AML Transaction Monitoring Analytics, Group Compliance(180003P7)","4500,8000"
job-card-19,ES RECRUITMENT PTE. LTD.,Associate Project Manager,"6000,7500"
job-card-0,P G WEE PARTNERSHIP LLP,Audit Associate,"2500,3500"
job-card-1,NANYANG TECHNOLOGICAL UNIVERSITY,Research Associate,"3400,4000"
job-card-2,AUTOWEALTH PRIVATE LIMITED,Management Associate,"2500,3500"
job-card-3,BLUECHIP PLATFORMS ASIA PTE. LTD.,"Associate, Data Operations / Analyst",Salary undisclosed
job-card-4,KERRY CONSULTING PTE. LTD.,Associate,"3000,6000"
job-card-5,GRANT THORNTON SINGAPORE PRIVATE LIMITED,Transfer Pricing Senior Associate,"4200,4700"
job-card-6,GRANT THORNTON SINGAPORE PRIVATE LIMITED,Transfer Pricing Associate,"3000,3400"
job-card-7,NANYANG TECHNOLOGICAL UNIVERSITY,Research Associate,"3500,5250"
job-card-8,KPMG SERVICES PTE. LTD.,Graduate Associate 2018,"2500,4300"
job-card-9,ADROIT HR PROFESSIONAL PTE. LTD.,Associate; Business Analytics Program Manager /  Analytics Consultant /  Data Scientist(Big Data Mining),Salary undisclosed
job-card-10,FOO KON TAN ADVISORY SERVICES PTE. LTD.,"Associate  /  Senior, Internal Audit","2400,4000"
job-card-11,NANYANG TECHNOLOGICAL UNIVERSITY,Assistant or Associate Professor (International Political Economy),"6000,17000"
job-card-12,HILL DICKINSON LLP,Senior Associate,"175000,175000"
job-card-13,KPMG SERVICES PTE. LTD.,Deal Advisory - Senior Associate  /  Assistant Manager,"4900,7100"
job-card-14,DBS BANK LTD.,"Senior Associate  /  Associate,  EPGO – Asset Transfer & Settlement, Wealth Mgmt Ops, T&O (180003MA)","4000,8000"
job-card-15,KPMG SERVICES PTE. LTD.,Associate  /  Senior Associate - Strategy,"7500,15000"
job-card-16,INNOSIGHT CONSULTING ASIA-PACIFIC PTE. LTD.,Associate,Salary undisclosed
job-card-17,MACHSPEED HUMAN RESOURCES PTE. LTD.,"Sales Associate (Watch) (Orchard,5 days  $1800)","1800,1800"
job-card-18,DBS BANK LTD.,"Senior Associate  /  Associate, Ops Risk & Control, Consumer Banking Operations, T&O (180003LR)","4000,8000"
job-card-19,ASPIRE GLOBAL NETWORK PTE. LTD.,"Associate Manager, Marketing Automation",Recruiter
job-card-0,PROTIVITI PTE. LTD.,"Associate Consultant, Robotics Process Authomation (RPA)","3200,4000"
job-card-1,GROUPM SINGAPORE PTE. LTD.,Performance Associate Director,"5500,6000"
job-card-2,BEATHCHAPMAN (PTE. LTD.),Associate Director,"7000,9000"
job-card-3,FOO KON TAN LLP,Audit Associate  /  Senior,"2400,4000"
job-card-4,BENSYL CONSULTANCY SERVICES PTE LTD,Audit Associate,"1700,2200"
job-card-5,HRNET ONE PTE LTD,Associate Consultant,"2800,3000"
job-card-6,DBS BANK LTD.,"Senior Associate / Associate, Application Delivery Engineer, Institutional Banking Grp Tech (180003KO)","4000,8000"
job-card-7,NANYANG TECHNOLOGICAL UNIVERSITY,Research Associate,"3400,5000"
job-card-8,TRAVELOKA SERVICES PTE. LTD.,Business Development Associate,"3400,6100"
job-card-9,EAMES CONSULTING GROUP (SINGAPORE) PTE. LTD.,Associate Consultant Recruitment,"2800,3500"
job-card-10,EAMES CONSULTING GROUP (SINGAPORE) PTE. LTD.,Associate Consultant Recruitment,"2800,3500"
job-card-11,BSL MANAGEMENT SERVICES PTE LTD,Accounts Associate,Salary undisclosed
job-card-12,EAMES CONSULTING GROUP (SINGAPORE) PTE. LTD.,Associate Consultant Recruitment,"2800,3500"
job-card-13,EAMES CONSULTING GROUP (SINGAPORE) PTE. LTD.,Associate Consultant Recruitment,"2800,3500"
job-card-14,EAMES CONSULTING GROUP (SINGAPORE) PTE. LTD.,"Associate Director /  Senior Recruitment Consultant For Broking, Claims & Underwriting Division",Salary undisclosed
job-card-15,YISHUN COMMUNITY HOSPITAL PTE. LTD.,Clinical Associate,"3500,6000"
job-card-16,ALEXANDRA HEALTH PTE. LTD.,Clinical Associate,"3500,6000"
job-card-17,ALEXANDRA HEALTH PTE. LTD.,Associate Consultant,"9000,15000"
job-card-18,BEATHCHAPMAN (PTE. LTD.),Associate Recruitment Consultant – Technology,"2500,3500"
job-card-19,GROUPM SINGAPORE PTE. LTD.,GroupM | Associate Analyst,"3000,4500"
