job-card-0,UPS ASIA GROUP PTE. LTD.,APAC Data Scientist,"5256,7008"
job-card-1,DATHENA SCIENCE PTE. LTD.,Data Scientist,"4000,7000"
job-card-2,UPS ASIA GROUP PTE. LTD.,APAC Lead Data Scientist,"7482,9975"
job-card-3,Company Undisclosed,Data Scientist,via Recruiter
job-card-4,HILL-ROM SERVICES PTE. LTD.,Data Scientist,"4000,7500"
job-card-5,RESMED ASIA PTE. LTD.,Senior Data Scientist,"8500,10500"
job-card-6,SINGAPORE TELECOMMUNICATIONS LIMITED,Data Scientist,"4500,9000"
job-card-7,JABIL CIRCUIT (SINGAPORE) PTE. LTD.,Data Scientist Lead,"5000,9000"
job-card-8,NIOMETRICS (PTE.) LTD.,Data Scientist,"5000,10000"
job-card-9,Company Undisclosed,Senior Data Scientist - R / Python,via Recruiter
job-card-10,Company Undisclosed,Senior Data Scientist - R / Python,via Recruiter
job-card-11,ACCENTURE PTE LTD,Data Scientist,"6500,13000"
job-card-12,TERALYTICS PTE. LTD.,Data Analyst - Data Scientist,"5000,8000"
job-card-13,CARTRACK TECHNOLOGIES SOUTH EAST ASIA PTE. LTD.,Lead Data Scientist,"8000,10000"
job-card-14,IBM SINGAPORE PTE LTD,Data Scientist,"7000,11000"
job-card-15,CARTRACK TECHNOLOGIES SOUTH EAST ASIA PTE. LTD.,Lead Data Scientist,"7000,12000"
job-card-16,ADROIT HR PROFESSIONAL PTE. LTD.,Associate; Business Analytics Program Manager /  Analytics Consultant /  Data Scientist(Big Data Mining),Salary undisclosed
job-card-17,JABIL CIRCUIT (SINGAPORE) PTE. LTD.,Data Scientist,"3000,6000"
job-card-18,PORTCAST PTE. LTD.,Data Scientist,"2200,6000"
job-card-19,DENTSU AEGIS NETWORK HUB2050,Data Scientist,"6000,12000"
job-card-0,AMARIS.AI PTE. LTD.,AI DATA SCIENTIST (GENERALIST),"4000,9000"
job-card-1,PRUDENTIAL ASSURANCE COMPANY SINGAPORE (PTE) LIMITED,Data Scientist,"6000,12000"
job-card-2,ETH SINGAPORE SEC LTD.,Data Scientist: Urban-Rural Systems (UR-Scape),"5000,10000"
job-card-3,WEGO PTE. LTD.,Data Scientist,"3000,6000"
job-card-4,AMARIS.AI PTE. LTD.,AI DATA SCIENTIST (GENERALIST),"5000,10000"
job-card-5,AMARIS.AI PTE. LTD.,SENIOR AI DATA SCIENTIST (GENERALIST),"9000,14000"
job-card-6,PATSNAP PTE. LTD.,Data Scientist,Salary undisclosed
job-card-7,ASPIRE FINANCIAL TECHNOLOGIES PTE. LTD.,Data Scientist,Salary undisclosed
job-card-8,RANDSTAD PTE. LIMITED,Data Scientist,"7000,9000"
job-card-9,SMARTCLEAN TECHNOLOGIES PTE. LTD.,Data Scientist,"4000,6000"
job-card-10,TERALYTICS PTE. LTD.,Data scientist,"6000,12000"
job-card-11,MORGAN STANLEY INVESTMENT MANAGEMENT COMPANY,Data Scientist (Multi-Asset Investment),"10000,15000"
job-card-12,TRAVELOKA SERVICES PTE. LTD.,Data Scientist,"5000,10000"
job-card-13,TRAVELOKA SERVICES PTE. LTD.,Data Scientist Lead,"10000,15000"
job-card-14,TECHCOM SOLUTIONS ASIA PACIFIC PTE. LTD.,Data Scientist,"6000,8000"
job-card-15,CHRIS CONSULTING PTE. LTD.,Data Scientist - Analytics & Planning (VP / Director),"15000,16000"
job-card-16,DATASPARK PTE. LTD.,Data Scientist,"6000,10000"
job-card-17,WEGO PTE. LTD.,Marketing Data Scientist,"3000,8000"
job-card-18,KEWMANN PTE. LTD.,Data Engineer  /  Data Scientist,"3000,6000"
job-card-19,AMAZON WEB SERVICES SINGAPORE PRIVATE LIMITED,Senior Data Scientist,"250000,350000"
job-card-0,AMARIS.AI PTE. LTD.,AI DATA SCIENTIST (GENERALIST),"4000,9000"
job-card-1,PRUDENTIAL ASSURANCE COMPANY SINGAPORE (PTE) LIMITED,Data Scientist,"6000,12000"
job-card-2,ETH SINGAPORE SEC LTD.,Data Scientist: Urban-Rural Systems (UR-Scape),"5000,10000"
job-card-3,WEGO PTE. LTD.,Data Scientist,"3000,6000"
job-card-4,AMARIS.AI PTE. LTD.,AI DATA SCIENTIST (GENERALIST),"5000,10000"
job-card-5,AMARIS.AI PTE. LTD.,SENIOR AI DATA SCIENTIST (GENERALIST),"9000,14000"
job-card-6,PATSNAP PTE. LTD.,Data Scientist,Salary undisclosed
job-card-7,ASPIRE FINANCIAL TECHNOLOGIES PTE. LTD.,Data Scientist,Salary undisclosed
job-card-8,RANDSTAD PTE. LIMITED,Data Scientist,"7000,9000"
job-card-9,SMARTCLEAN TECHNOLOGIES PTE. LTD.,Data Scientist,"4000,6000"
job-card-10,TERALYTICS PTE. LTD.,Data scientist,"6000,12000"
job-card-11,MORGAN STANLEY INVESTMENT MANAGEMENT COMPANY,Data Scientist (Multi-Asset Investment),"10000,15000"
job-card-12,TRAVELOKA SERVICES PTE. LTD.,Data Scientist,"5000,10000"
job-card-13,TRAVELOKA SERVICES PTE. LTD.,Data Scientist Lead,"10000,15000"
job-card-14,TECHCOM SOLUTIONS ASIA PACIFIC PTE. LTD.,Data Scientist,"6000,8000"
job-card-15,CHRIS CONSULTING PTE. LTD.,Data Scientist - Analytics & Planning (VP / Director),"15000,16000"
job-card-16,DATASPARK PTE. LTD.,Data Scientist,"6000,10000"
job-card-17,WEGO PTE. LTD.,Marketing Data Scientist,"3000,8000"
job-card-18,KEWMANN PTE. LTD.,Data Engineer  /  Data Scientist,"3000,6000"
job-card-19,AMAZON WEB SERVICES SINGAPORE PRIVATE LIMITED,Senior Data Scientist,"250000,350000"
job-card-0,OLDENDORFF CARRIERS (SINGAPORE) PTE. LTD.,Data Scientist,"5500,8250"
job-card-1,GRABTAXI HOLDINGS PTE. LTD.,Data Scientist (Business Analytics),"6500,8500"
job-card-2,GRABTAXI HOLDINGS PTE. LTD.,Data Scientist (Business Analytics),"5000,7000"
job-card-3,CLARIANT (SINGAPORE) PTE. LTD.,Data Scientist,"5000,8000"
job-card-4,AVIVA ASIA DIGITAL PTE. LTD.,Data Scientist,"11000,13000"
job-card-5,GRABTAXI HOLDINGS PTE. LTD.,Data Scientist (Lifecycle Marketing),"6000,12500"
job-card-6,HAIER SINGAPORE INVESTMENT HOLDING PTE. LTD.,Data Scientist,"6000,8000"
job-card-7,DBS BANK LTD.,"AVP  /  Senior Associate, Data Scientist, Analytics Centre of Excellence, Tech & Ops (170002MB)","5500,11000"
job-card-8,Ministry of Defence,Senior Data Scientist,Salary undisclosed
job-card-9,APPLE SOUTH ASIA PTE. LTD.,"Senior Data Scientist, App Store Analytics - Business & Marketing","9400,12500"
job-card-10,APPLE SOUTH ASIA PTE. LTD.,"Senior Data Scientist, App Store Analytics - Business & Marketing","6000,9400"
job-card-11,LOUIS DREYFUS COMPANY ASIA  PTE. LTD.,Data scientist,"6000,9000"
job-card-12,YARA ASIA PTE. LTD.,Data Scientist (Smallholder Digital Innovation Centre),"5000,10000"
job-card-13,Ministry of Defence,Principal Data Scientist,Salary undisclosed
job-card-14,MOH OFFICE FOR HEALTHCARE TRANSFORMATION PTE. LTD.,Data Scientist (Big Data),"5000,9000"
job-card-15,KKT TECHNOLOGY PTE. LTD.,Data Scientist,"3400,6100"
job-card-16,MINISTRY OF MOVEMENT PTE. LTD.,Data Scientist,"9000,10000"
job-card-17,SIEMENS MOBILITY PTE. LTD.,Senior Data Scientist (68722),"5000,8000"
job-card-18,INFINEON TECHNOLOGIES ASIA PACIFIC PTE LTD,Data Scientist - Business Intelligence and Analytics,"5000,10000"
job-card-19,DBS BANK LTD.,"SVP / VP, Senior Data Scientist, Data & Transformation, Technology and Operations (1800039X)","9500,18000"
job-card-0,DBS BANK LTD.,"VP  /  AVP, Data Scientist, Risk Management Group (180003OF)","9500,18000"
job-card-1,DBS BANK LTD.,"VP  /  AVP, Data Scientist, Risk Management Group (180003OF)","6500,13000"
job-card-2,PEOPLE PROFILERS PTE. LTD.,Data Scientist (Leading FinTech Co / $4.5-9k / Central),"4500,9000"
job-card-3,SIEMENS PTE. LTD.,Data Scientist (62913),"4000,8000"
job-card-4,GRABTAXI HOLDINGS PTE. LTD.,Data Scientist,"6000,12000"
job-card-5,IBM SINGAPORE PTE LTD,Data Scientist,Salary undisclosed
job-card-6,TATA CONSULTANCY SERVICES ASIA PACIFIC PTE. LTD.,Data Scientist,"4500,6500"
job-card-7,INTERNATIONAL APPLICATION SOLUTIONS PTE LTD,Junior Data Scientist,"3000,5000"
job-card-8,INTERNATIONAL APPLICATION SOLUTIONS PTE LTD,Data Scientist,"7500,9500"
job-card-9,MICROSOFT OPERATIONS PTE LTD,Data & Applied Scientist,"120000,130000"
job-card-10,NATIONAL UNIVERSITY OF SINGAPORE,Data Analyst / Scientist,"6000,7000"
job-card-11,STARHUB LTD.,Data Analyst  /  Scientist,"4000,8000"
job-card-12,KANTAR SINGAPORE PTE. LTD.,Expert Solutions Director,"8000,10000"
job-card-13,DBS BANK LTD.,"AVP  /  Senior Associate, Data Analyst, Analytic Center of Excellence, Transformation Grp (180003G5)","5500,11000"
job-card-14,CPM CONSULTING PTE. LTD.,Data Science Consultant,"3000,6500"
job-card-15,IRISNATION SINGAPORE PTE. LTD.,"Manager, Marketing","4000,5000"
job-card-16,CHARLES & KEITH (SINGAPORE) PTE. LTD.,Data Analyst,"4000,6000"
job-card-17,SWISS RE ASIA PTE. LTD.,Machine Learning Specialist,"6000,10000"
job-card-18,INSEAD,Manager - Advanced Analytics Support,"9000,10500"
job-card-19,SINGAPORE UNIVERSITY OF TECHNOLOGY AND DESIGN,Research Assistant,"3250,5500"
job-card-0,Company Undisclosed,Data Analytics,"6200,8500"
job-card-1,Company Undisclosed,"Senior Big Data Engineer, Data & Analytics (Ref 22371)","5000,10000"
job-card-2,Company Undisclosed,"Vice President, Data Analyst, Digital Bank","6600,13200"
job-card-3,Company Undisclosed,"Assistant Vice President, Data Analyst, Digital Bank","5300,6500"
job-card-4,Company Undisclosed,"Manager, Data Analyst, Digital Bank","4300,5100"
job-card-5,Company Undisclosed,"Senior Officer, Data Analyst, Digital Bank","3200,4000"
