job-card-0,GLOBAL BUSINESS TRAVEL (SINGAPORE) PTE. LTD.,APAC Consulting Manager,"7000,12000"
job-card-1,JUST CAUSE PTE. LTD.,Consulting Manager,Salary undisclosed
job-card-2,ORACLE CORPORATION SINGAPORE PTE LTD,Consulting Manager,"10000,15000"
job-card-3,PRICEWATERHOUSECOOPERS CONSULTING (SINGAPORE) PTE. LTD.,Financial Services Technology Consulting Manager,"6000,12000"
job-card-4,ORACLE CORPORATION SINGAPORE PTE LTD,Consulting Manager,"10000,15000"
job-card-5,SINGAPORE MANAGEMENT UNIVERSITY,"Assistant Manager / Manager, Research & Consulting (2-year contract), ISES",via Recruiter
job-card-6,ACCENTURE SG SERVICES PTE. LTD.,Technology Consulting Associate Manager,"5000,10000"
job-card-7,BIMAGE CONSULTING PTE. LTD.,Senior Manager -Consulting (BIM / VDC),Salary undisclosed
job-card-8,ROCHE DIAGNOSTICS ASIA PACIFIC PTE LTD,"Regional Manager, Business Process Consulting","11000,15000"
job-card-9,COGNIZANT TECHNOLOGY SOLUTIONS ASIA PACIFIC PTE. LTD.,Senior Manager - Consulting,"11400,16900"
job-card-10,ORACLE CAPAC SERVICES UNLIMITED COMPANY (SINGAPORE BRANCH),Consulting Technical Manager,"7000,14000"
job-card-11,SAPIENT CONSULTING (SINGAPORE) PRIVATE LIMITED,"Senior Manager, Business Consulting",Salary undisclosed
job-card-12,ORACLE FINANCIAL SERVICES SOFTWARE PTE. LTD.,Consulting Practice Manager,"13000,15500"
job-card-13,BLUECHIP PLATFORMS ASIA PTE. LTD.,"AVP / VP, IT Project Manager, Consulting",Salary undisclosed
job-card-14,COGNIZANT TECHNOLOGY SOLUTIONS ASIA PACIFIC PTE. LTD.,Manager - Consulting,"9000,12000"
job-card-15,ERNST & YOUNG ADVISORY PTE. LTD.,"Manager / Senior Manager, Advisory, Performance Improvement, Singapore","6000,12000"
job-card-16,ERNST & YOUNG SOLUTIONS LLP,"Senior Manager- Strategy & Transformation Group, Transaction Advisory Services","8000,16000"
job-card-17,ERNST & YOUNG SOLUTIONS LLP,"Manager- Strategy & Transformation Group, Transaction Advisory Services","7500,15000"
job-card-18,ERNST & YOUNG ADVISORY PTE. LTD.,"Senior Associate, Advisory, Performance Improvement, Singapore","4100,8200"
job-card-19,SYNPULSE SINGAPORE PTE. LTD.,"Manager, Financial Services","9500,19000"
job-card-0,Company Undisclosed,Management Consulting Manager,"7000,14000"
job-card-1,Company Undisclosed,Consulting Director,Salary undisclosed
job-card-0,Company Undisclosed,Management Consulting Manager,"7000,14000"
job-card-1,Company Undisclosed,Consulting Director,Salary undisclosed
