job-card-0,SAVE THE CHILDREN ASIA REGIONAL OFFICE LIMITED,Regional Learning & Development Manager,"5500,7200"
job-card-1,JONES LANG LASALLE PROPERTY CONSULTANTS PTE LTD,Business Development Manager,"8000,10000"
job-card-2,LINKEDIN SINGAPORE PTE. LTD.,Sales Development Manager,"8000,15000"
job-card-3,LINKEDIN SINGAPORE PTE. LTD.,Sales Development Manager,"8000,15000"
job-card-4,CISCO SYSTEMS (USA) PTE. LTD.,"Talent & Development Manager, Global Virtual Sales","7200,12000"
job-card-5,TREEMARK PTE. LTD.,Business Development Manager,"5000,8000"
job-card-6,THE SUPREME HR ADVISORY PTE. LTD.,Business Development Manager (Project Sales),"3000,5000"
job-card-7,FCM SINGAPORE PTE. LTD.,Business Development Manager,"3000,7000"
job-card-8,SP DESIGN FURNISHING PTE. LIMITED,Business Development Manager,Salary undisclosed
job-card-9,CITY LAW LLC,Business Development Manager,"6500,7000"
job-card-10,ACEXCELLENT CONSULTING PTE. LTD.,Business Development Manager (Trading),"6000,7000"
job-card-11,INOK SYSTEMS PTE LTD,Business Development Manager,"80000,120000"
job-card-12,AMAZON ASIA-PACIFIC RESOURCES PRIVATE LIMITED,Real Estate Development Manager,"14000,16000"
job-card-13,BARRY CALLEBAUT COCOA ASIA PACIFIC PTE. LTD.,Senior Customer Product Development Manager,"10000,13000"
job-card-14,GLAXOSMITHKLINE PTE LTD,Learning and Development Manager,"8000,13000"
job-card-15,GOOGLE ASIA PACIFIC PTE. LTD.,"Strategic Partner Development Manager, News and Publishing Products - Singapore","5300,10600"
job-card-16,BEACON CONSULTING PTE LTD,Business Development Manager,Salary undisclosed
job-card-17,SANMINA-SCI SYSTEMS SINGAPORE PTE. LTD.,HR training & development manager,"5500,6500"
job-card-18,MARINA BAY SANDS PTE. LTD.,Software Development Manager,"10200,11000"
job-card-19,CITRIX SYSTEMS SINGAPORE PTE. LTD.,"Business Development Manager, Cloud Service Provider APJ",Salary undisclosed
job-card-0,INTUITION PUBLISHING PTE. LTD.,Business Development Manager,"85000,100000"
job-card-1,INTUITION PUBLISHING PTE. LTD.,Business Development Manager,"120000,130000"
job-card-2,TP ICAP MANAGEMENT SERVICES (SINGAPORE) PTE. LTD.,Development Manager,"9500,14250"
job-card-3,QATAR AIRWAYS (Q.C.S.C.),Regional Cargo Business Development Manager - Asia,Salary undisclosed
job-card-4,KERRY CONSULTING PTE. LTD.,Development Manager (Hospitality),Recruiter
job-card-5,EMERSON PROCESS MANAGEMENT ASIA PACIFIC PRIVATE LIMITED,Business Development Manager –  Gas Analysis (MEAS_18011490),"7000,10000"
job-card-6,NBCU GLOBAL NETWORKS ASIA PTE. LTD.,Business Development Manager,"6500,10000"
job-card-7,INVITROCUE PTE. LTD.,Business Development Manager,"5000,6500"
job-card-8,EMERSON PROCESS MANAGEMENT ASIA PACIFIC PRIVATE LIMITED,Industry Business Development Manager - Regulator Upstream O&G (PRM_18005409),"6000,12000"
job-card-9,EMERSON PROCESS MANAGEMENT ASIA PACIFIC PRIVATE LIMITED,Industry Business Development Manager - Regulator Midstream (PRM_18005405),"6000,12000"
job-card-10,EMERSON PROCESS MANAGEMENT ASIA PACIFIC PRIVATE LIMITED,Industry Business Development Manager – PRV Process (PRM_18005474),"6000,12000"
job-card-11,TABLEAU ASIA PACIFIC PTE. LTD.,Partner Development Manager,"10500,12000"
job-card-12,A*STAR RESEARCH ENTITIES,IHPC - Industry Development Manager,"3400,6800"
job-card-13,MERCURI URVAL (ASIA) PTE. LTD.,Business Development Manager,Recruiter
job-card-14,HEINEMANN ASIA PACIFIC PTE. LTD.,Business Development Manager,"9000,13000"
job-card-15,SIEMENS HEALTHCARE PTE. LTD.,"Business Development Manager, CS CRM (Asia Pacific) (69943)","6000,9000"
job-card-16,PARTSPROMO AUTO SERVICES PTE. LTD.,Business Development Manager,"3500,3500"
job-card-17,UNI RECRUIT SERVICES PTE. LTD.,Business Development Manager,Recruiter
job-card-18,MEINHARDT (SINGAPORE) PTE LTD,Business Development Manager,"6500,9000"
job-card-19,PEPPERL+FUCHS ASIA PTE. LTD.,Organisational Development Manager,"10000,15000"
job-card-0,INTUITION PUBLISHING PTE. LTD.,Business Development Manager,"85000,100000"
job-card-1,INTUITION PUBLISHING PTE. LTD.,Business Development Manager,"120000,130000"
job-card-2,TP ICAP MANAGEMENT SERVICES (SINGAPORE) PTE. LTD.,Development Manager,"9500,14250"
job-card-3,QATAR AIRWAYS (Q.C.S.C.),Regional Cargo Business Development Manager - Asia,Salary undisclosed
job-card-4,KERRY CONSULTING PTE. LTD.,Development Manager (Hospitality),Recruiter
job-card-5,EMERSON PROCESS MANAGEMENT ASIA PACIFIC PRIVATE LIMITED,Business Development Manager –  Gas Analysis (MEAS_18011490),"7000,10000"
job-card-6,NBCU GLOBAL NETWORKS ASIA PTE. LTD.,Business Development Manager,"6500,10000"
job-card-7,INVITROCUE PTE. LTD.,Business Development Manager,"5000,6500"
job-card-8,EMERSON PROCESS MANAGEMENT ASIA PACIFIC PRIVATE LIMITED,Industry Business Development Manager - Regulator Upstream O&G (PRM_18005409),"6000,12000"
job-card-9,EMERSON PROCESS MANAGEMENT ASIA PACIFIC PRIVATE LIMITED,Industry Business Development Manager - Regulator Midstream (PRM_18005405),"6000,12000"
job-card-10,EMERSON PROCESS MANAGEMENT ASIA PACIFIC PRIVATE LIMITED,Industry Business Development Manager – PRV Process (PRM_18005474),"6000,12000"
job-card-11,TABLEAU ASIA PACIFIC PTE. LTD.,Partner Development Manager,"10500,12000"
job-card-12,A*STAR RESEARCH ENTITIES,IHPC - Industry Development Manager,"3400,6800"
job-card-13,MERCURI URVAL (ASIA) PTE. LTD.,Business Development Manager,Recruiter
job-card-14,HEINEMANN ASIA PACIFIC PTE. LTD.,Business Development Manager,"9000,13000"
job-card-15,SIEMENS HEALTHCARE PTE. LTD.,"Business Development Manager, CS CRM (Asia Pacific) (69943)","6000,9000"
job-card-16,PARTSPROMO AUTO SERVICES PTE. LTD.,Business Development Manager,"3500,3500"
job-card-17,UNI RECRUIT SERVICES PTE. LTD.,Business Development Manager,Recruiter
job-card-18,MEINHARDT (SINGAPORE) PTE LTD,Business Development Manager,"6500,9000"
job-card-19,PEPPERL+FUCHS ASIA PTE. LTD.,Organisational Development Manager,"10000,15000"
job-card-0,UNITY TECHNOLOGIES SINGAPORE PTE. LTD.,"Business Development Manager, SEA",Salary undisclosed
job-card-1,BLACKROCK ADVISORS SINGAPORE PTE. LTD.,"Director, Development Manager (Aladdin Client Orders)","12000,15000"
job-card-2,T-SOLUTIONS (PRIVATE LTD.),Business Development Manager,"3500,4000"
job-card-3,SETA TECHNOLOGIES PTE. LTD.,Business Development Manager,"8000,8000"
job-card-4,MARINA BAY SANDS PTE. LTD.,Business Development Manager,"5000,7500"
job-card-5,EXIGER SINGAPORE PTE. LTD.,Business Development Manager,"6000,10000"
job-card-6,REERACOEN SINGAPORE PTE. LTD.,Business Development Manager,"5000,6000"
job-card-7,SIMONE STUDIOS PTE. LTD.,Business Development Manager,Salary undisclosed
job-card-8,BOND INTERNATIONAL CONSULTANTS PTE LTD,Business Development Manager,"2000,3600"
job-card-9,WESTRAMA MANAGEMENT (S) PTE. LTD.,Business Development Manager,Recruiter
job-card-10,HEALTHSERVE LTD.,Communications and Development Manager,"3000,3800"
job-card-11,BCD MEETINGS & EVENTS ASIA PACIFIC PTE. LTD.,Business Development Manager,"6000,10000"
job-card-12,SINCO HOLDING PTE. LTD.,Business Development Manager,"4000,4800"
job-card-13,THE FULLERTON HOTEL,Assistant Learning & Development Manager  /  Learning & Development Manager,Salary undisclosed
job-card-14,GEMINI TRAVEL N TOURS PTE. LTD.,Business Development Manager,"3000,4000"
job-card-15,ACTIVE WATERPROOFING & RENOVATION PTE. LTD.,Business Development Manager,"6000,7000"
job-card-16,ICON BUSINESS SOLUTIONS PTE. LTD.,Business Development Manager,"3500,5000"
job-card-17,ECOMMERCE ENABLERS PTE. LTD.,Business Development Manager,"4000,6000"
job-card-18,AEON SEARCH CONSULTING PTE. LTD.,Content Development Manager / Up To $7.5K / Central,"5000,7500"
job-card-19,HAYS SPECIALIST RECRUITMENT PTE. LTD.,Business Development Manager,"5000,8500"
job-card-0,EAST MARINE PTE LTD,Training & Development Manager,Salary undisclosed
job-card-1,FIRIUM SOLUTIONS (ASIA PACIFIC) PTE LTD,Business Development Manager (IT Solutions),"4000,5500"
job-card-2,BLACKMORES INTERNATIONAL PTE. LIMITED,Product Development Manager,"5000,7000"
job-card-3,XTREMAX PTE. LTD.,Business Development Manager,"3500,6200"
job-card-4,ARTICARES PTE. LTD.,Business Development Manager,Salary undisclosed
job-card-5,ALUZINC ASIA PTE. LTD.,International Business Development Manager,Salary undisclosed
job-card-6,TRINA SOLAR ENERGY DEVELOPMENT PTE. LTD.,Business Development Manager,"6000,6800"
job-card-7,AIG ASIA PACIFIC INSURANCE PTE. LTD.,Business Development Manager - Agency,"5800,6200"
job-card-8,VANIDAY SINGAPORE PTE. LTD.,Business Development Manager,"4000,6000"
job-card-9,Company Undisclosed,Business Development Manager,via Recruiter
job-card-10,GLOBIBO PTE. LTD.,Business Development Manager (Event Applications),"3200,3600"
job-card-11,GF MACHINING SOLUTIONS PTE. LTD.,Additive Manufacturing Business Development Manager Asia,Salary undisclosed
job-card-12,BOLLYWOOD VEGGIES PTE LTD,"BUSINESS DEVELOPMENT MANAGER, LOCAL & INTERNATIONAL","4000,4000"
job-card-13,BRIDGE ET AL. PTE. LTD.,Customer Success and Business Development Manager,"3000,4500"
job-card-14,NEURONES IT ASIA PTE. LTD.,Business Development Manager-IT Contracting Services,"5000,6000"
job-card-15,FERRUM SG PTE. LTD.,"Regional Business Development Manager, Southeast and South Asia","3500,5000"
job-card-16,EMERSON PROCESS MANAGEMENT ASIA PACIFIC PRIVATE LIMITED,Lifecycle Services Performance Services Sales / Business Development Manager (PSS_18003523),"6000,9000"
job-card-17,HELIX LEISURE PTE. LTD.,Business Development Manager,"4000,6000"
job-card-18,EMERSON PROCESS MANAGEMENT ASIA PACIFIC PRIVATE LIMITED,Control and Operator (COP) Performance Business Development Manager (PSS_18010707),"6000,9000"
job-card-19,Q-PLUS DESIGN PTE LTD,Business Development Manager,"3000,4000"
job-card-0,ALPHARD OFFSHORE PTE. LTD.,Business Development Manager,"3000,5000"
job-card-1,CHINA UNICOM (SINGAPORE) OPERATIONS PTE. LTD.,Senior Business Development Manager,Salary undisclosed
job-card-2,RAKUTEN ASIA PTE. LTD.,Business Development Manager,"5000,8000"
job-card-3,FPT INFORMATION SYSTEM SINGAPORE PTE. LTD.,Business Development Manager,"4500,5500"
job-card-4,STARHUB LTD.,"Product & Market Development Manager (Retail , Smart Targeting)",Salary undisclosed
job-card-5,LEEDEN NATIONAL OXYGEN LTD.,Software Development Manager,"5000,7500"
job-card-6,UBER SINGAPORE TECHNOLOGY PTE. LTD.,Senior Business Development Manager Uber EATS APAC,Salary undisclosed
job-card-7,YHS (SINGAPORE) PTE LTD,Business Development Manager,Salary undisclosed
job-card-8,FACEBOOK SINGAPORE PTE. LTD.,"SMB Business Development Manager, Greater China","6000,12000"
job-card-9,MBA MICHAEL BAILEY ASSOCIATES PTE. LTD.,Client Development Manager,"3000,4500"
job-card-10,NITYO INFOTECH SERVICES PTE. LTD.,Business development Manager,"6500,8500"
job-card-11,PRIME GROUP (ASIA) PTE. LTD.,Senior Business Development Manager,"5000,8000"
job-card-12,MCLINK ASIA PTE. LTD.,Business Development Manager,Salary undisclosed
job-card-13,OP3 CREATIVE PTE. LTD.,Business Development Manager,"3500,7000"
job-card-14,SINGAPORE CHILDCARE PTE. LTD.,HUMAN RESOURCE & DEVELOPMENT MANAGER,"4500,5000"
job-card-15,VISIBILITY DESIGN PTE. LTD.,Business Development Manager,"3500,4500"
job-card-16,DBS BANK LTD.,"VP, Biz Development Manager (Malaysia), Treasures Private Client, Consumer Banking Group (1800000V)","10400,18700"
job-card-17,DBS BANK LTD.,"AVP, Biz Development Manager (Malaysia), Treasures Private Client, Consumer Banking Group (1800000V)","6500,11700"
job-card-18,THE SUPREME HR ADVISORY PTE. LTD.,Business Development Manager  /  Brand Manager [Beauty Industry],"5000,6000"
job-card-19,COLEMAN COLLEGE PTE. LTD.,Marketing  /  Business Development (Manager / Senior Manager,"3000,6000"
job-card-0,NCS PTE. LTD.,Business Development Manager - Manufacturing (SI),"5000,7000"
job-card-1,INCALL SYSTEMS PTE LTD,Business Development Manager,"2000,3000"
job-card-2,THE SUPREME HR ADVISORY PTE. LTD.,Business Development Manager / Brand Manager,"5000,6000"
job-card-3,THE SUPREME HR ADVISORY PTE. LTD.,Business Development Manager / Brand Manager,"4000,6000"
job-card-4,MALAYAN BANKING BERHAD,(Retail SME) Relationship Manager  /  Business Development Manager,"3000,5000"
job-card-5,GETECH AUTOMATION PTE LTD,Software Development Manager,"5000,5900"
job-card-6,DN & ASSOCIATES EXECUTIVE SEARCH PTE. LTD.,Business Development Manager,Recruiter
job-card-7,MIGHTCAST PTE. LTD.,ICO Business Development Manager,"3500,6000"
job-card-8,STANDARD CHARTERED BANK (SINGAPORE) LIMITED,"Senior Business Development Manager, International Clients","5000,10000"
job-card-9,STANDARD CHARTERED BANK (SINGAPORE) LIMITED,"Business Development Manager, International Clients","4000,8000"
job-card-10,TERRAPINN PTE LTD,Business Development Manager,"3500,6500"
job-card-11,PIF CAPITAL EXCHANGE PTE. LTD.,Sales and Business Development Manager,"4000,8000"
job-card-12,PIF CAPITAL EXCHANGE PTE. LTD.,Sales and Business Development Manager,"4000,8000"
job-card-13,TSL CONTRACTOR PTE. LTD.,Business Development Manager,"3500,5000"
job-card-14,LU INTERNATIONAL (SINGAPORE) FINANCIAL ASSET EXCHANGE PTE. LTD.,Business Development Manager,"4000,9000"
job-card-15,SATO ASIA PACIFIC PTE. LTD.,Business Development Manager,Salary undisclosed
job-card-16,EMERSON PROCESS MANAGEMENT ASIA PACIFIC PRIVATE LIMITED,Business Development Manager SEAT (FLOW_18003574),"7500,9000"
job-card-17,CITIBANK SINGAPORE LIMITED,IPB - Business Development Manager (India Market)-18015295,"4000,7000"
job-card-18,OVERSEA-CHINESE BANKING CORPORATION LIMITED,Business Development Manager - External Channel (Offshore - North Asia),"4000,7500"
job-card-19,ZUELLIG PHARMA SPECIALTY SOLUTIONS GROUP PTE. LTD.,Business Development Manager,"4500,5500"
