job-card-0,BENCONTROL TECHNOLOGIES PTE. LTD.,Project Engineer,"2500,3500"
job-card-1,EXTERRAN OFFSHORE PTE. LTD.,Sr. Application Engineer,"8000,10000"
job-card-2,EMERSON PROCESS MANAGEMENT ASIA PACIFIC PRIVATE LIMITED,Senior PIMS Engineer (SYSS_18009221),"4500,6000"
job-card-3,CAPITA PTE. LTD.,IT Sales Engineer,"4500,7000"
job-card-4,CAPITA PTE. LTD.,IT sales engineer,"4000,6000"
job-card-5,OILFIELD SERVICES & SUPPLIES PTE LTD,QUALITY ENGINEER TRAINEE,"2000,2400"
job-card-6,BOSKALIS INTERNATIONAL (S) PTE LTD,Chief Engineer Officer (Ship),"3000,10000"
job-card-7,AMEC FOSTER WHEELER ASIA PACIFIC PTE. LTD.,Principal Piping Engineer,"10000,20000"
job-card-8,AMAZON ASIA-PACIFIC RESOURCES PRIVATE LIMITED,Senior Data Center Infrastructure Availability Engineer,"14000,17000"
job-card-9,SALESFORCE.COM SINGAPORE PTE. LTD.,Solution Engineer | Marketing Cloud,"10000,15000"
job-card-10,TENX PTE. LTD.,Software Engineer - Front-End,"5000,12000"
job-card-11,TRINITY CONSULTING SERVICES PTE. LTD.,SENIOR MIDDLEWARE ENGINEER,"6000,8500"
job-card-12,CISCO SYSTEMS (USA) PTE. LTD.,Virtual System Engineer,"101000,151000"
job-card-13,ANOTECH ENERGY SINGAPORE PTE. LTD.,Messaging L2 Engineer,Salary undisclosed
job-card-14,SYS-MAC AUTOMATION ENGINEERING PTE LTD,Mechanical Design Engineer,"2200,4400"
job-card-15,SYS-MAC AUTOMATION ENGINEERING PTE LTD,Senior Mechanical Design Engineer,"3000,5000"
job-card-16,STONE FOREST IT PTE LTD,Senior Systems Engineer,"3700,4500"
job-card-17,T.Y.LIN INTERNATIONAL PTE. LTD.,Mechanical Engineer /  Executive Engineer /  Senior Engineer,"3500,5500"
job-card-18,HP SINGAPORE (PRIVATE) LIMITED,Print Head Writing System and Integration Engineer,"3600,5400"
job-card-19,PUMYANG SINGAPORE E&C PTE. LTD.,Project Engineer,"2800,3000"
job-card-0,MANPOWER PROFESSIONAL SINGAPORE PTE. LTD.,Senior Equipment Engineer,"6000,8000"
job-card-1,SUNHUAN CONSTRUCTION PTE LTD,Civil Engineer (Building Construction),"3500,5500"
job-card-2,SOIL-BUILD (PTE.) LTD.,Assembly Engineer,"5500,7500"
job-card-3,HENDRICKS CORP. PTE. LTD.,Project Application Engineer,"5000,7000"
job-card-4,THE FULLERTON HOTEL,Chief Engineer,"5000,7000"
job-card-5,FABTEC ASIA ENGINEERING PTE. LTD.,Senior Mechanical Design Engineer,"4500,7000"
job-card-6,FABTEC ASIA ENGINEERING PTE. LTD.,MECHANICAL DESIGNE ENGINEER,"4500,6500"
job-card-7,SC ENGINEERING PRIVATE LIMITED,Project Engineer,"2000,3000"
job-card-8,TENABLE NETWORK SECURITY PTE. LIMITED,Technical Support Engineer,"70000,90000"
job-card-9,CARTRACK TECHNOLOGIES SOUTH EAST ASIA PTE. LTD.,System Engineer,"7500,11000"
job-card-10,ADDSTONES SAS,DevOps Engineer,Salary undisclosed
job-card-11,ADDSTONES SAS,Middleware Engineer,"5000,10000"
job-card-12,ARYAN SEARCH PTE. LTD.,Senior Quality Assurance Engineer (Automation Testing),"4000,6000"
job-card-13,SWISSLOG SINGAPORE PTE. LTD.,Control System Engineer,"3500,4500"
job-card-14,KSP EMPLOYMENT AGENCY PTE. LTD.,Project Engineer,Recruiter
job-card-15,FABULOUS AESTHETICS PTE. LTD.,System Operations Engineer,Salary undisclosed
job-card-16,THE SUPREME HR ADVISORY PTE. LTD.,Project Engineer,"2600,3000"
job-card-17,AMEC FOSTER WHEELER ASIA PACIFIC PTE. LTD.,Senior Piping Engineer,Salary undisclosed
job-card-18,INSEAD,System Engineer - Advanced Analytics Support,"6000,7500"
job-card-19,JGC SINGAPORE PTE LTD,Rotating / Package Engineer (2-year Contract),Salary undisclosed
job-card-0,MANPOWER PROFESSIONAL SINGAPORE PTE. LTD.,Senior Equipment Engineer,"6000,8000"
job-card-1,SUNHUAN CONSTRUCTION PTE LTD,Civil Engineer (Building Construction),"3500,5500"
job-card-2,SOIL-BUILD (PTE.) LTD.,Assembly Engineer,"5500,7500"
job-card-3,HENDRICKS CORP. PTE. LTD.,Project Application Engineer,"5000,7000"
job-card-4,THE FULLERTON HOTEL,Chief Engineer,"5000,7000"
job-card-5,FABTEC ASIA ENGINEERING PTE. LTD.,Senior Mechanical Design Engineer,"4500,7000"
job-card-6,FABTEC ASIA ENGINEERING PTE. LTD.,MECHANICAL DESIGNE ENGINEER,"4500,6500"
job-card-7,SC ENGINEERING PRIVATE LIMITED,Project Engineer,"2000,3000"
job-card-8,TENABLE NETWORK SECURITY PTE. LIMITED,Technical Support Engineer,"70000,90000"
job-card-9,CARTRACK TECHNOLOGIES SOUTH EAST ASIA PTE. LTD.,System Engineer,"7500,11000"
job-card-10,ADDSTONES SAS,DevOps Engineer,Salary undisclosed
job-card-11,ADDSTONES SAS,Middleware Engineer,"5000,10000"
job-card-12,ARYAN SEARCH PTE. LTD.,Senior Quality Assurance Engineer (Automation Testing),"4000,6000"
job-card-13,SWISSLOG SINGAPORE PTE. LTD.,Control System Engineer,"3500,4500"
job-card-14,KSP EMPLOYMENT AGENCY PTE. LTD.,Project Engineer,Recruiter
job-card-15,FABULOUS AESTHETICS PTE. LTD.,System Operations Engineer,Salary undisclosed
job-card-16,THE SUPREME HR ADVISORY PTE. LTD.,Project Engineer,"2600,3000"
job-card-17,AMEC FOSTER WHEELER ASIA PACIFIC PTE. LTD.,Senior Piping Engineer,Salary undisclosed
job-card-18,INSEAD,System Engineer - Advanced Analytics Support,"6000,7500"
job-card-19,JGC SINGAPORE PTE LTD,Rotating / Package Engineer (2-year Contract),Salary undisclosed
job-card-0,Company Undisclosed,Network Security Engineer,via Recruiter
job-card-1,S&P SYSTEM SERVICES PTE. LTD.,Project Engineer,"3600,4500"
job-card-2,TENABLE NETWORK SECURITY PTE. LIMITED,Technical Support Engineer – For Recent Polytechnic or University Graduate,"2500,3700"
job-card-3,EXPEREO SINGAPORE PTE. LTD.,Network Operations Engineer,"3000,4000"
job-card-4,SEARCH PERSONNEL PRIVATE LIMITED,Project Engineer  /  Site Engineer,Recruiter
job-card-5,MAKO APAC PTE. LTD.,Graduate Trading Systems Engineer / Site Reliability Engineer (SRE),"4000,7000"
job-card-6,GOOGLE ASIA PACIFIC PTE. LTD.,"Cloud DevOps and Infrastructure Engineer, Google Professional Services - Singapore","9700,19400"
job-card-7,AUTODESK ASIA PTE. LTD.,"Software Engineer, Engineering Operations_18WD26295","35700,71300"
job-card-8,MODEC OFFSHORE PRODUCTION SYSTEMS (SINGAPORE) PTE. LTD.,"Trainee Engineer, Outfitting",Salary undisclosed
job-card-9,FIREEYE SINGAPORE PRIVATE LIMITED,Senior Technical Support Engineer,"110000,140000"
job-card-10,HELIX LEISURE PTE. LTD.,Software Engineer,"5000,8000"
job-card-11,HELIX LEISURE PTE. LTD.,Software Engineer (Solutions Group),"5500,8500"
job-card-12,CHEM TECHNOLOGIES PTE LTD,Project Engineer,"2300,2800"
job-card-13,PBT ENGINEERING PTE LTD,Planning Engineer  /  Senior Planning Engineer,"2200,4500"
job-card-14,POWER INSTRUMENTS PTE LTD,SOFTWARE ENGINEER  /  SENIOR SOFTWARE ENGINEER,Salary undisclosed
job-card-15,JGC SINGAPORE PTE LTD,Rotating / Package Engineer (2-year Contract),Salary undisclosed
job-card-16,AMAZON ASIA-PACIFIC RESOURCES PRIVATE LIMITED,Data Center Project Engineer,"12000,15000"
job-card-17,FORTITUDE PARTNERSHIP PTE. LTD.,Systems / Sales Engineer,Recruiter
job-card-18,FIGS INC PTE. LTD.,DevOps Engineer,"4000,6000"
job-card-19,MASER PTE. LTD.,Assistant Facility Engineer,"1800,2800"
job-card-0,LIBERTY WIRELESS PTE. LTD.,System Operations Engineer,"4500,6000"
job-card-1,LIBERTY WIRELESS PTE. LTD.,System Operations Engineer,"3000,4500"
job-card-2,NEXUS CO-OPERATIVE LIMITED,Senior Software Development Engineer For Test (SDET),"8000,15000"
job-card-3,NEXUS CO-OPERATIVE LIMITED,Senior Software Development Engineer For Test (SDET),"6000,12000"
job-card-4,MEMBERSON PTE. LTD.,Support & Application Engineer,"2000,3000"
job-card-5,NEXUS CO-OPERATIVE LIMITED,Software Development Engineer For Test (SDET),"4000,9000"
job-card-6,AVIRE GLOBAL PTE. LTD.,Development Engineer,"4000,5000"
job-card-7,STANDARD CHARTERED BANK,Public Cloud Engineer,"13000,20000"
job-card-8,UP COMMUNICATIONS PTE LTD,Senior Telecommunications Engineer,"6000,7500"
job-card-9,AMS SENSORS SINGAPORE PTE. LTD.,"Sr  /  Engineer (Customer Quality, Outgoing Quality)","3000,6000"
job-card-10,A*STAR RESEARCH ENTITIES,"Research Engineer (MB / Metabolic Engineering Research Laboratory), ICES","2500,5000"
job-card-11,UPS ASIA GROUP PTE. LTD.,APAC Data Engineer,"5256,7008"
job-card-12,HTZ RESOURCES,L1 / L2 Network Engineer (up to S$3500 + AWS),Recruiter
job-card-13,EPAM SYSTEMS PTE. LTD.,Software Testing Engineer,Salary undisclosed
job-card-14,AGODA COMPANY PTE. LTD.,"Engineer, Software (Back End Software Engineer)","5000,8000"
job-card-15,REC SOLAR PTE. LTD.,"Senior / Engineer, Process Development","3200,5500"
job-card-16,MANPOWER STAFFING SERVICES (SINGAPORE) PTE LTD,Senior Equipment Engineer,"6000,8000"
job-card-17,SIVANTOS PTE. LTD.,Test Development Engineer,Salary undisclosed
job-card-18,NOVA SYSTEMS & ENGINEERING PTE. LTD.,Senior Network Security Engineer,"5500,7000"
job-card-19,PACTERA SINGAPORE PTE. LTD.,Durability TFE DET Engineer,"5500,6500"
job-card-0,WANCO MANPOWER PTE LTD,PVD Process Principal Engineer / Senior Engineer / Engineer,"4000,6500"
job-card-1,WANCO MANPOWER PTE LTD,Facilities Principal Engineer /  Senior Engineer /  Engineer (Mechanical),"3800,6000"
job-card-2,WANCO MANPOWER PTE LTD,Lithography Equipment Principal Engineer /  Senior Engineer /  Engineer,"4000,6000"
job-card-3,REDMART LIMITED,SENIOR INDUSTRIAL ENGINEER - ECOMMERCE FULFILLMENT,"7000,10000"
job-card-4,JGC SINGAPORE PTE LTD,Static Package Engineer (1-year Contract),"4000,4500"
job-card-5,JGC SINGAPORE PTE LTD,Static Package Engineer (1-year Contract),"4000,4800"
job-card-6,SPX FLOW TECHNOLOGY SINGAPORE PTE. LTD.,Application Engineer - Aftermarket (Pumps),"4300,4800"
job-card-7,MANPOWER PROFESSIONAL SINGAPORE PTE. LTD.,Senior Automation Engineer,"7000,9000"
job-card-8,NATIONAL UNIVERSITY OF SINGAPORE,Research Assistant / Research Engineer,"3000,4000"
job-card-9,SKYWORKS GLOBAL PTE. LTD.,Customer Quality Engineer,"6000,7000"
job-card-10,HORTONWORKS ASIA PACIFIC PTE. LTD.,Senior Solutions Engineer,"11000,12000"
job-card-11,APPLE SOUTH ASIA PTE. LTD.,"Apple Media Products, Commerce Software Engineer","6000,12000"
job-card-12,APPLE SOUTH ASIA PTE. LTD.,"Sr. Software Engineer, Core Services, Apple Media Products","6000,12000"
job-card-13,DYSON OPERATIONS PTE. LTD.,Electronics Engineer (General),"5800,9500"
job-card-14,TRAVELOKA SERVICES PTE. LTD.,Senior Oracle EBS Technical Engineer,"6000,12000"
job-card-15,DATHENA SCIENCE PTE. LTD.,DevOps Engineer,"2000,7000"
job-card-16,HEEREMA MARINE CONTRACTORS SINGAPORE PTE. LTD.,Instrumentation test engineer,"4500,5500"
job-card-17,ADVANCED & BEST PLACEMENTS PTE. LTD.,Project Engineer,"3500,6000"
job-card-18,HEWLETT-PACKARD SINGAPORE (SALES) PTE. LTD.,Resident Engineer,"7600,9000"
job-card-19,MSD INTERNATIONAL GMBH (SINGAPORE BRANCH),Specialist - Pandaan Automation IT Engineer,"4000,7000"
job-card-0,LOGISTIC PEOPLE (ASIA PACIFIC) PTE. LTD.,Senior Ruby on Rails / React JS Engineer,Recruiter
job-card-1,BUILDERS HUB PTE. LTD.,Construction Site Engineer,"2800,4500"
job-card-2,STANDARD CHARTERED BANK,Senior Engineer - Container Platform Engineering,"14000,16000"
job-card-3,HILL-ROM SERVICES PTE. LTD.,"Engineer, Testing","4000,6500"
job-card-4,AMEC FOSTER WHEELER ASIA PACIFIC PTE. LTD.,Senior Civil & Structural Engineer,"5000,7000"
job-card-5,INFOGAIN PTE. LTD.,Senior Stware Engineer,"6000,8500"
job-card-6,INFOGAIN PTE. LTD.,System Engineer,"5000,6000"
job-card-7,INFOGAIN PTE. LTD.,Senior Software Engineer,"6500,8500"
job-card-8,MOOLAHSENSE PRIVATE LIMITED,Quality Assurance & Quality Control Engineer,"3000,4000"
job-card-9,LOGICALIS SINGAPORE PTE. LTD.,Network Operations Engineer,"6000,7000"
job-card-10,RANDSTAD PTE. LIMITED,Compliance & Certification Engineer (HVAC),"3500,4500"
job-card-11,RANDSTAD PTE. LIMITED,"Technical Service Engineer (Industrial Products, HVAC)","3500,4500"
job-card-12,A*STAR RESEARCH ENTITIES,Research Engineer / Senior Research Engineer (ARTC / A*STAR),"2500,5000"
job-card-13,TESSOLVE ENGINEERING SERVICES PTE. LTD.,Reliability Evaluation Engineer,"3000,4500"
job-card-14,DEUTSCHE BANK AKTIENGESELLSCHAFT,Chief Operating Office - Engineer - AVP,"8000,12000"
job-card-15,HTZ RESOURCES,"L1 Network Engineer (up to S$3000, MNC, 1 Year Contract)","2400,3500"
job-card-16,EASTERN GREEN POWER PTE. LTD.,Engineer,"2800,3000"
job-card-17,GOVERNMENT TECHNOLOGY AGENCY,Cloud Infrastructure Engineer,Salary undisclosed
job-card-18,FUGRO SINGAPORE MARINE PTE. LTD.,Workshop Engineer,"2000,3500"
job-card-19,FUGRO SINGAPORE MARINE PTE. LTD.,Project Engineer,Salary undisclosed
