job-card-0,TATA CONSULTANCY SERVICES ASIA PACIFIC PTE. LTD.,SAP Functional Consultant,"7000,10000"
job-card-1,ICON CONSULTING-GROUP PTE. LTD.,SAP FICO Techno-Functional Consultant,"6000,12000"
job-card-2,IBIZ CONSULTING PTE. LTD.,Techno Functional Consultant – Microsoft Dynamics CRM,"3000,7000"
job-card-3,PATH INFOTECH PTE. LTD.,Required SAP MM Functional Consultant,"6000,7500"
job-card-4,THAKRAL ONE PTE. LTD.,Senior Functional Consultant,"10000,14000"
job-card-5,THAKRAL ONE PTE. LTD.,Functional Consultant,"6500,9500"
job-card-6,GENIE GENIUS PTE. LTD.,Salesforce CRM techno-Functional Consultant,"3500,6000"
job-card-7,SYNERGIX TECHNOLOGIES PTE LTD,Functional Consultant,"2500,3500"
job-card-8,INTERNATIONAL APPLICATION SOLUTIONS PTE LTD,PeopleSoft HCM techno functional consultant,"7300,9500"
job-card-9,ERP21 PTE LTD,SAP Functional Consultant (FICO),"6000,8500"
job-card-10,ITCAN PTE. LIMITED,GMI SME Functional Consultant,"4000,7500"
job-card-11,INTERNATIONAL APPLICATION SOLUTIONS PTE LTD,SAP MM Functional Consultant,"6000,8500"
job-card-12,CACTOZ PTE. LTD.,LSNav  /  Navision Functional Consultant,"3500,5000"
job-card-13,ZENITH INFOTECH (S) PTE LTD.,SAP HR Functional Consultant,"5000,7000"
job-card-14,IBIZ CONSULTING PTE. LTD.,Functional Consultant,"3000,7500"
job-card-15,PATH INFOTECH PTE. LTD.,Required Salesforce Functional Consultant,"6000,8500"
job-card-16,KELLY SERVICES (SINGAPORE) PTE. LTD.,SAP HANA Techno Functional Consultant,"15000,22500"
job-card-17,KELLY SERVICES (SINGAPORE) PTE. LTD.,SAP HANA Techno Functional Consultant,"10000,15000"
job-card-18,KELLY SERVICES (SINGAPORE) PTE. LTD.,SAP HANA Techno Functional Consultant,"7000,10500"
job-card-19,DELOITTE CONSULTING PTE. LTD.,ERP (Workday Financial Management) Functional Senior Consultant,"6000,12000"
job-card-0,DELOITTE CONSULTING PTE. LTD.,Senior Consultant  /  Consultant - Technology - SAP Functional PP / QM,"7000,9000"
job-card-1,IMPLEMENTARY PTE. LTD.,Principal Functional Finance Consultant - Insurance,"6000,15000"
job-card-2,ICON CONSULTING-GROUP PTE. LTD.,SAP Functional Data Consultant,"7500,12000"
job-card-3,DEZIRE TECHNOLOGIES PTE. LTD.,SAP Consultant (Functional),"5000,6500"
job-card-4,ITCAN PTE. LIMITED,RPG  /  AS400 Programmer  /  Functional  /  Technical Consultant,"6500,13000"
job-card-5,OPTIMUM SOLUTIONS (SINGAPORE) PTE LTD,T24 Product Consultant - Functional,"8500,10500"
job-card-6,ABEAM CONSULTING (SINGAPORE) PTE. LTD.,SAP ABAP Senior Consultant,"4000,6000"
job-card-7,ERP21 PTE LTD,SAP Senior Developer,"6500,8500"
job-card-8,MICROLABS PTE. LTD.,Project Consultant,"4000,6000"
job-card-9,CEVA LOGISTICS SINGAPORE PTE. LTD.,Transportation and Freight Solution Consultant – Asia Pacific,"4000,9000"
job-card-10,APAR TECHNOLOGIES PTE. LTD.,Senior SAP Consultant,"5500,7500"
job-card-11,KLARE SERVICES SINGAPORE PTE. LTD.,Senior SAP WCM / EHS Consultant,"18000,25000"
job-card-12,KLARE SERVICES SINGAPORE PTE. LTD.,Senior SAP WCM Consultant,"12000,18000"
job-card-13,KLARE SERVICES SINGAPORE PTE. LTD.,SAP WCM Consultant,"8000,12000"
job-card-14,ANACLE SYSTEMS LIMITED,Associate Consultant,"2700,4000"
job-card-15,INFODRIVE SOLUTIONS PTE. LTD.,SAP HR Consultant,"5000,7000"
job-card-16,PATH INFOTECH PTE. LTD.,Required Dynamics AX Technical developer,"6500,7500"
job-card-17,NUVISTA TECHNOLOGIES PTE. LTD.,Project Manager - ERP,"4500,7500"
job-card-18,FUTUREX TECHNOLOGIES PTE. LTD.,RPA Kapow Developer,"5500,6000"
job-card-19,INECOM PTE. LTD.,SAP B1 Programmers  /  Technical Consultants,"3000,6000"
job-card-0,DELOITTE CONSULTING PTE. LTD.,Senior Consultant  /  Consultant - Technology - SAP Functional PP / QM,"7000,9000"
job-card-1,IMPLEMENTARY PTE. LTD.,Principal Functional Finance Consultant - Insurance,"6000,15000"
job-card-2,ICON CONSULTING-GROUP PTE. LTD.,SAP Functional Data Consultant,"7500,12000"
job-card-3,DEZIRE TECHNOLOGIES PTE. LTD.,SAP Consultant (Functional),"5000,6500"
job-card-4,ITCAN PTE. LIMITED,RPG  /  AS400 Programmer  /  Functional  /  Technical Consultant,"6500,13000"
job-card-5,OPTIMUM SOLUTIONS (SINGAPORE) PTE LTD,T24 Product Consultant - Functional,"8500,10500"
job-card-6,ABEAM CONSULTING (SINGAPORE) PTE. LTD.,SAP ABAP Senior Consultant,"4000,6000"
job-card-7,ERP21 PTE LTD,SAP Senior Developer,"6500,8500"
job-card-8,MICROLABS PTE. LTD.,Project Consultant,"4000,6000"
job-card-9,CEVA LOGISTICS SINGAPORE PTE. LTD.,Transportation and Freight Solution Consultant – Asia Pacific,"4000,9000"
job-card-10,APAR TECHNOLOGIES PTE. LTD.,Senior SAP Consultant,"5500,7500"
job-card-11,KLARE SERVICES SINGAPORE PTE. LTD.,Senior SAP WCM / EHS Consultant,"18000,25000"
job-card-12,KLARE SERVICES SINGAPORE PTE. LTD.,Senior SAP WCM Consultant,"12000,18000"
job-card-13,KLARE SERVICES SINGAPORE PTE. LTD.,SAP WCM Consultant,"8000,12000"
job-card-14,ANACLE SYSTEMS LIMITED,Associate Consultant,"2700,4000"
job-card-15,INFODRIVE SOLUTIONS PTE. LTD.,SAP HR Consultant,"5000,7000"
job-card-16,PATH INFOTECH PTE. LTD.,Required Dynamics AX Technical developer,"6500,7500"
job-card-17,NUVISTA TECHNOLOGIES PTE. LTD.,Project Manager - ERP,"4500,7500"
job-card-18,FUTUREX TECHNOLOGIES PTE. LTD.,RPA Kapow Developer,"5500,6000"
job-card-19,INECOM PTE. LTD.,SAP B1 Programmers  /  Technical Consultants,"3000,6000"
job-card-0,SCIENTE INTERNATIONAL PTE. LTD.,SAP Analyst,"3000,4500"
job-card-1,Y3 TECHNOLOGIES PTE LTD,Java Developer,"3000,4000"
job-card-2,Company Undisclosed,SAP HR Functional Consultant (Ref 22517),"3500,7000"
job-card-3,Company Undisclosed,SAP HR Techno Functional Consultant (Ref 22290),"4500,9000"
