job-card-0,KEYSIGHT TECHNOLOGIES SINGAPORE (SALES) PTE. LTD.,Senior Product Support Engineer,"4691,7819"
job-card-1,OSISOFT ASIA PTE. LTD.,Sr . Product Support Engineer,"7500,9500"
job-card-2,ERIKS PRIVATE LTD,Product Support Engineer,"3000,3900"
job-card-3,THE SUPREME HR ADVISORY PTE. LTD.,Software Engineer (Java / Third Level Support / R&D / Security Product),"2200,3500"
job-card-4,APPLIED MATERIALS SOUTH EAST ASIA PTE. LTD.,Customer Support Technician,"2000,3500"
job-card-5,APPLIED MATERIALS SOUTH EAST ASIA PTE. LTD.,Customer Support Technician,"2000,3500"
job-card-6,APPLIED MATERIALS SOUTH EAST ASIA PTE. LTD.,Customer Support Technician,"3000,5000"
job-card-7,NOVADE SOLUTIONS PTE. LTD.,Product Consultant,"2500,3500"
