job-card-0,RESOURCES GLOBAL PROFESSIONALS (SINGAPORE) PTE. LTD.,"Project Consultant - Business Analyst, Supply Chain (6-12 months' contract)","5500,10000"
job-card-1,RIDIK PTE. LTD.,Business Analyst,"5500,7500"
job-card-2,RIDIK SOFTWARE SOLUTIONS PTE. LTD.,Business Analyst,"5500,7500"
job-card-3,MANPOWER STAFFING SERVICES (SINGAPORE) PTE LTD,SAP PP - Business Analyst,"7000,8000"
job-card-4,MARIAPPS MARINE SOLUTIONS PTE. LTD.,Senior Business Analyst,Salary undisclosed
job-card-5,JOHNSON & JOHNSON PTE. LTD.,Business Analyst for Janssen Asia Pacific Regional Functions,"6000,12000"
job-card-6,MARIAPPS MARINE SOLUTIONS PTE. LTD.,Senior Business Analyst,"3500,4000"
job-card-7,GOVERNMENT TECHNOLOGY AGENCY,"Business Analyst, Customer Relationship Management",Salary undisclosed
job-card-8,ALLEGIS GROUP SINGAPORE PRIVATE LIMITED,Business Analyst – Regulatory Reporting,"10000,13000"
job-card-9,ALLEGIS GLOBAL SOLUTIONS (SINGAPORE) PTE. LTD.,Business Analyst,"8000,10000"
job-card-10,GOVERNMENT TECHNOLOGY AGENCY,Business Analyst (Digital Services),Salary undisclosed
job-card-11,FIRIUM SOLUTIONS (ASIA PACIFIC) PTE LTD,Business Analyst,"5500,6500"
job-card-12,ALEXANDER MANN BPO SOLUTIONS (SINGAPORE) PTE. LTD.,"AVP, Securities Operations Technology Business Analyst  /  Project Manager, Global Markets Technology",Recruiter
job-card-13,BRAIN DOMAIN PRIVATE LIMITED,Digital Business Analyst - Manufacturing,"5000,8000"
job-card-14,GOVERNMENT TECHNOLOGY AGENCY,"Business Analyst, SAP HR",Salary undisclosed
job-card-15,GOVERNMENT TECHNOLOGY AGENCY,"Business Analyst, SAP FI",Salary undisclosed
job-card-16,GOVERNMENT TECHNOLOGY AGENCY,"Business Analyst, Knowledge Management (Sharepoint)",Salary undisclosed
job-card-17,WEIR SPM SINGAPORE PTE. LTD.,Senior IT Business Analyst,"7000,8000"
job-card-18,ALLEGIS GLOBAL SOLUTIONS (SINGAPORE) PTE. LTD.,"Business Analyst, FX (MBFC, 1 year contract)","4500,7000"
job-card-19,ADDSTONES SAS,Project Manager  /  Business Analyst MIFIR,Salary undisclosed
job-card-0,BLUE STAR INFOSTACK SOLUTIONS PTE. LTD.,Senior Business Analyst,"7000,10000"
job-card-1,ARYAN SEARCH PTE. LTD.,Hiring for the position of Business Analyst Insurance with one of the leading client in Singapore,"4000,10000"
job-card-2,GOVERNMENT TECHNOLOGY AGENCY,Business Analyst (Agile Methodology),Salary undisclosed
job-card-3,JEWEL PAYMENTECH PTE. LTD.,IT Business Analyst,"4000,6000"
job-card-4,DENTONS RODYK & DAVIDSON LLP,Business Analyst,"3000,5000"
job-card-5,DXC TECHNOLOGY SINGAPORE PTE. LTD.,Advisor Business Analyst,"7500,11250"
job-card-6,NTUC INCOME INSURANCE CO-OPERATIVE LTD,Contract Executive (Business Analyst - 1 Year),"4000,7000"
job-card-7,TANGSPAC CONSULTING PTE LTD,Business analyst (1 year contract),"4000,6000"
job-card-8,ALLEGIS GROUP SINGAPORE PRIVATE LIMITED,Business Analyst,"9000,12000"
job-card-9,CITIBANK N.A.,O&T - Technical Business Analyst - 18014563,"4583,7291"
job-card-10,OMRON ASIA PACIFIC PTE LTD,IT Business Analyst,"4500,6000"
job-card-11,BP SINGAPORE PTE. LIMITED,Lead Business Analyst - International Gas,"11000,16000"
job-card-12,NUCLEUS SOFTWARE SOLUTIONS PTE LTD,Business Analyst,"5000,7000"
job-card-13,PRUDENTIAL ASSURANCE COMPANY SINGAPORE (PTE) LIMITED,Business Analyst,"5000,8000"
job-card-14,PRUDENTIAL ASSURANCE COMPANY SINGAPORE (PTE) LIMITED,Business Analyst,"2500,5000"
job-card-15,FUTUREX TECHNOLOGIES PTE. LTD.,Business Analyst - AML,"5500,6200"
job-card-16,GREEN LIGHT PROFESSIONAL SERVICES (SINGAPORE) PTE. LTD.,Business Analyst,"8000,12000"
job-card-17,AIA SINGAPORE PRIVATE LIMITED,Business Analyst,"4500,7500"
job-card-18,AIA SINGAPORE PRIVATE LIMITED,Business Analyst,"4000,6000"
job-card-19,CAR CLUB PTE. LTD.,Data / Business Analyst (Junior),"2500,2800"
job-card-0,BLUE STAR INFOSTACK SOLUTIONS PTE. LTD.,Senior Business Analyst,"7000,10000"
job-card-1,ARYAN SEARCH PTE. LTD.,Hiring for the position of Business Analyst Insurance with one of the leading client in Singapore,"4000,10000"
job-card-2,GOVERNMENT TECHNOLOGY AGENCY,Business Analyst (Agile Methodology),Salary undisclosed
job-card-3,JEWEL PAYMENTECH PTE. LTD.,IT Business Analyst,"4000,6000"
job-card-4,DENTONS RODYK & DAVIDSON LLP,Business Analyst,"3000,5000"
job-card-5,DXC TECHNOLOGY SINGAPORE PTE. LTD.,Advisor Business Analyst,"7500,11250"
job-card-6,NTUC INCOME INSURANCE CO-OPERATIVE LTD,Contract Executive (Business Analyst - 1 Year),"4000,7000"
job-card-7,TANGSPAC CONSULTING PTE LTD,Business analyst (1 year contract),"4000,6000"
job-card-8,ALLEGIS GROUP SINGAPORE PRIVATE LIMITED,Business Analyst,"9000,12000"
job-card-9,CITIBANK N.A.,O&T - Technical Business Analyst - 18014563,"4583,7291"
job-card-10,OMRON ASIA PACIFIC PTE LTD,IT Business Analyst,"4500,6000"
job-card-11,BP SINGAPORE PTE. LIMITED,Lead Business Analyst - International Gas,"11000,16000"
job-card-12,NUCLEUS SOFTWARE SOLUTIONS PTE LTD,Business Analyst,"5000,7000"
job-card-13,PRUDENTIAL ASSURANCE COMPANY SINGAPORE (PTE) LIMITED,Business Analyst,"5000,8000"
job-card-14,PRUDENTIAL ASSURANCE COMPANY SINGAPORE (PTE) LIMITED,Business Analyst,"2500,5000"
job-card-15,FUTUREX TECHNOLOGIES PTE. LTD.,Business Analyst - AML,"5500,6200"
job-card-16,GREEN LIGHT PROFESSIONAL SERVICES (SINGAPORE) PTE. LTD.,Business Analyst,"8000,12000"
job-card-17,AIA SINGAPORE PRIVATE LIMITED,Business Analyst,"4500,7500"
job-card-18,AIA SINGAPORE PRIVATE LIMITED,Business Analyst,"4000,6000"
job-card-19,CAR CLUB PTE. LTD.,Data / Business Analyst (Junior),"2500,2800"
job-card-0,PEOPLEBANK SINGAPORE PTE. LTD.,Business Analyst,"6000,8000"
job-card-1,KERING SOUTH EAST ASIA PTE. LTD.,Business Analyst,"5000,7000"
job-card-2,ALLEGIS GLOBAL SOLUTIONS (SINGAPORE) PTE. LTD.,"Senior Business Analyst, Financial Markets (Contract)","9000,13000"
job-card-3,Company Undisclosed,Business Analyst Manager (JD#4402),via Recruiter
job-card-4,ENGIE GLOBAL MARKETS  SINGAPORE BRANCH,IS Integration Business Analyst,"7500,9000"
job-card-5,MONEYOWL PRIVATE LIMITED,Business Analyst,"6000,7000"
job-card-6,SIEMENS MOBILITY PTE. LTD.,Transportation Business Analyst (59337),"4500,9000"
job-card-7,SIMMTECH SE ASIA PTE. LTD.,Business Analyst - Sales Support,"2500,3500"
job-card-8,ICON OUTSOURCING,Senior Business Analyst,"10500,12000"
job-card-9,ICON OUTSOURCING,Senior Business Analyst,"9000,10500"
job-card-10,TANGSPAC CONSULTING PTE LTD,Senior Business Analyst,"10500,12000"
job-card-11,TANGSPAC CONSULTING PTE LTD,Senior Business Analyst,"9000,10500"
job-card-12,SCIENTE INTERNATIONAL PTE. LTD.,Business Analyst (JD#4306),Recruiter
job-card-13,CANOPY PTE. LTD.,Senior Business Analyst - Manager,"4000,6000"
job-card-14,CUTECH SOLUTIONS & SERVICES PTE. LTD.,Business Analyst,"4500,8000"
job-card-15,ADDSTONES SAS,Business Analyst /  Project Manager,"5000,10000"
job-card-16,APPLE SOUTH ASIA PTE. LTD.,"Senior Business Analyst, Asia Pacific Supply Chain","5000,10000"
job-card-17,APPLE SOUTH ASIA PTE. LTD.,"Senior Business Analyst, Asia Pacific Supply Chain","6000,12000"
job-card-18,SAVANT INFOTECH SOLUTIONS PTE. LTD.,BUSINESS ANALYST - CONTRACT,Salary undisclosed
job-card-19,PACTERA SINGAPORE PTE. LTD.,*Senior Business Analyst,"5500,10000"
job-card-0,GOVERNMENT TECHNOLOGY AGENCY,Business Analyst (Data Analytics),Salary undisclosed
job-card-1,ACCELA RECRUITMENT SERVICES PTE. LTD.,Business Analyst,Recruiter
job-card-2,ACCENTURE PTE LTD,IT Business Analyst,"6000,12000"
job-card-3,WEB PROFESSIONAL HOUSE PTE LTD,Senior Business Analyst,"4500,6500"
job-card-4,WEB PROFESSIONAL HOUSE PTE LTD,Business Analyst,"2500,4500"
job-card-5,IBM SINGAPORE PTE LTD,Digital Banking Business Analyst,"12000,15000"
job-card-6,METEORITE INFORMATICS PTE. LTD.,Business Analyst,"5500,8000"
job-card-7,MANGOSTEEN BCC PTE. LTD.,Business Analyst,"3000,6000"
job-card-8,METEORITE INFORMATICS PTE. LTD.,Business Analyst,"5000,8000"
job-card-9,KERRY CONSULTING PTE. LTD.,Business Analyst (FMCG),Recruiter
job-card-10,TATA CONSULTANCY SERVICES ASIA PACIFIC PTE. LTD.,Business Analyst – Finance and Risk Domain,"7000,10000"
job-card-11,ADECCO PERSONNEL PTE LTD,IT Business Analyst /  Project Manager,"4000,8000"
job-card-12,THAKRAL ONE PTE. LTD.,1.	Senior Business Analyst,"12000,15000"
job-card-13,HR-PRO RECRUITMENT SERVICES PTE. LTD.,Bank Business Analyst (1 year Contract),"7000,8000"
job-card-14,DBS BANK LTD.,"Senior Associate, Business Analyst - Group Consumer Credit, Risk Management Group(180003AG)","5000,9000"
job-card-15,ACCION LABS PTE. LTD.,Business Analyst,"6000,10000"
job-card-16,ICON OUTSOURCING,Business Analyst,"7500,9000"
job-card-17,ICON OUTSOURCING,Business Analyst,"7000,8500"
job-card-18,TANGSPAC CONSULTING PTE LTD,Business Analyst,"7500,9000"
job-card-19,TANGSPAC CONSULTING PTE LTD,Business Analyst,"7000,8500"
job-card-0,BEATHCHAPMAN (PTE. LTD.),Business Analyst,Recruiter
job-card-1,ON DEMAND AGILITY SOLUTIONS PTE. LTD.,Risk & Data- Business Analyst /  Quality Assurance /  Data Modeler,"5000,6200"
job-card-2,ON DEMAND AGILITY SOLUTIONS PTE. LTD.,Business Analyst - Data /  Risk,"4500,6500"
job-card-3,Company Undisclosed,Business Analyst (Counterparty Risk) (JD#4301),via Recruiter
job-card-4,CAPGEMINI SINGAPORE PTE. LTD.,Business Analyst,"5000,7000"
job-card-5,SCIENTE INTERNATIONAL PTE. LTD.,Business Analyst (Counterparty Risk) (JD#4301),Recruiter
job-card-6,SCIENTE INTERNATIONAL PTE. LTD.,Business Analyst - Big Data & Analytics (JD#4293),Recruiter
job-card-7,U3 INFOTECH PTE. LTD.,Business Analyst,"6500,8000"
job-card-8,SANDBOX CONSULTING PTE. LTD.,Pure Business Analyst,"6500,7000"
job-card-9,HITACHI SOLUTIONS ASIA PACIFIC PTE. LTD.,Business Analyst,"10000,12000"
job-card-10,TATA NYK SHIPPING PTE. LTD.,Business Analyst,Salary undisclosed
job-card-11,TATA CONSULTANCY SERVICES ASIA PACIFIC PTE. LTD.,Business Analyst,"6000,9000"
job-card-12,APAR TECHNOLOGIES PTE. LTD.,Business Analyst,"5000,7500"
job-card-13,ALLEGIS GROUP SINGAPORE PRIVATE LIMITED,SAP PP & QM Business Analyst – 2 year contract (followed by yearly renewal),"12000,15000"
job-card-14,ALLEGIS GROUP SINGAPORE PRIVATE LIMITED,SAP PP & QM Business Analyst – 2 year contract (followed by yearly renewal),"9000,12000"
job-card-15,ALLEGIS GROUP SINGAPORE PRIVATE LIMITED,SAP PP & QM Business Analyst – 2 year contract (followed by yearly renewal),"6000,9000"
job-card-16,ALLEGIS GROUP SINGAPORE PRIVATE LIMITED,SAP PP & PM Business Analyst – 2 year contract (followed by yearly renewal),"12000,15000"
job-card-17,ALLEGIS GROUP SINGAPORE PRIVATE LIMITED,SAP PP & PM Business Analyst – 2 year contract (followed by yearly renewal),"9000,12000"
job-card-18,ALLEGIS GROUP SINGAPORE PRIVATE LIMITED,SAP PP & PM Business Analyst – 2 year contract (followed by yearly renewal),"6000,9000"
job-card-19,ALLEGIS GROUP SINGAPORE PRIVATE LIMITED,SAP PM Business Analyst – 2 year contract (followed by yearly renewal),"12000,15000"
job-card-0,ALLEGIS GROUP SINGAPORE PRIVATE LIMITED,SAP PM Business Analyst – 2 year contract (followed by yearly renewal),"9000,12000"
job-card-1,ALLEGIS GROUP SINGAPORE PRIVATE LIMITED,SAP PM Business Analyst – 2 year contract (followed by yearly renewal),"6000,9000"
job-card-2,ALLEGIS GROUP SINGAPORE PRIVATE LIMITED,SAP PM & QM Business Analyst – 2 year contract (followed by yearly renewal),"12000,15000"
job-card-3,ALLEGIS GROUP SINGAPORE PRIVATE LIMITED,SAP PM & QM Business Analyst – 2 year contract (followed by yearly renewal),"9000,12000"
job-card-4,ALLEGIS GROUP SINGAPORE PRIVATE LIMITED,SAP PM & QM Business Analyst – 2 year contract (followed by yearly renewal),"6000,9000"
job-card-5,PACTERA SINGAPORE PTE. LTD.,Senior / Business Analyst,"5000,7000"
job-card-6,UNIZEN TECHNOLOGIES PTE. LTD.,Business Analyst,"6000,6500"
job-card-7,APAR TECHNOLOGIES PTE. LTD.,Business Analyst,"7000,10500"
job-card-8,BECTON DICKINSON HOLDINGS PTE. LTD.,IT Business Analyst,"2800,3300"
job-card-9,MEAD JOHNSON NUTRITION (ASIA PACIFIC) PTE. LTD.,"Business Analyst, Direct to Consumer","3000,4500"
job-card-10,GOVERNMENT TECHNOLOGY AGENCY,"Business Analyst, Business Process Reengineering",Salary undisclosed
job-card-11,RESOURCES GLOBAL PROFESSIONALS (SINGAPORE) PTE. LTD.,Project Consultant - Business Analyst (with strong SAP MM experience) - contract,Salary undisclosed
job-card-12,PACTERA SINGAPORE PTE. LTD.,*Business Analyst,"4000,6500"
job-card-13,DBS BANK LTD.,"Associate, Business Analyst-Consumer Deposits & Secured Loans, Consumer Banking Group (18000366)","3750,6800"
job-card-14,APAR TECHNOLOGIES PTE. LTD.,Business Analyst,"5500,8200"
job-card-15,OPTIMUM SOLUTIONS (SINGAPORE) PTE LTD,MAS 610 Business Analyst,"5000,9500"
job-card-16,UNICOM DATABANK PRIVATE LIMITED,"First Vice President, Business Analyst","10000,15000"
job-card-17,BRITISH COUNCIL (SINGAPORE) LIMITED,Procurement Business Analyst  /  Project Manager,"3483,6470"
job-card-18,SCIENTE INTERNATIONAL PTE. LTD.,Business Analyst - Credit Risk (JD#4147),Recruiter
job-card-19,INTELLECT MINDS PTE. LTD.,Business Analyst  /  Project Manager - Advisory,"6500,8000"
