job-card-0,Ministry of Manpower,"Data Analyst, Income Security Policy Division (1-year Contract)",Salary undisclosed
job-card-1,TRAKOMATIC PTE. LTD.,Data analyst,"3500,4500"
job-card-2,GOOGLE ASIA PACIFIC PTE. LTD.,"Data Analyst, Online Partnerships Group - Singapore","5500,11000"
job-card-3,GROUPM SINGAPORE PTE. LTD.,Mindshare | Data Analyst,"3000,4500"
job-card-4,BCD TRAVEL ASIA PACIFIC PTE. LTD.,Global CDS Operations OneTouch Data Analyst,"2500,3000"
job-card-5,DBS BANK LTD.,"AVP  /  Senior Associate, Data Analyst, Analytic Center of Excellence, Transformation Grp (180003G5)","5500,11000"
job-card-6,TERALYTICS PTE. LTD.,Data Analyst - Data Scientist,"5000,8000"
job-card-7,MYREPUBLIC LIMITED,Data Analyst,via Recruiter
job-card-8,CAROUSELL PTE. LTD.,senior data analyst,"9000,12000"
job-card-9,CAROUSELL PTE. LTD.,Senior Data Analyst,"6000,9000"
job-card-10,TECHCOM SOLUTIONS & CONSULTANCY PTE. LTD.,"Data Analyst (Ab Initio, Tableau)","5000,7000"
job-card-11,ASPIRE FINANCIAL TECHNOLOGIES PTE. LTD.,Data Analyst,Salary undisclosed
job-card-12,WEGO PTE. LTD.,Data Analyst,"3000,5000"
job-card-13,ALLEGIS GROUP SINGAPORE PRIVATE LIMITED,Tableau Data Analyst,"9000,11000"
job-card-14,90 SECONDS INTERNATIONAL PTE. LTD.,Data Analyst,"5000,9000"
job-card-15,90 SECONDS INTERNATIONAL PTE. LTD.,Data Analyst,"4000,8000"
job-card-16,GRABTAXI HOLDINGS PTE. LTD.,Data Analyst,"3700,7400"
job-card-17,ASPIRE GLOBAL NETWORK PTE. LTD.,Data Analyst,Recruiter
job-card-18,TRAVELOKA SERVICES PTE. LTD.,Data Analyst,"4300,8600"
job-card-19,Company Undisclosed,Data Analyst,via Recruiter
job-card-0,INTERNATIONAL APPLICATION SOLUTIONS PTE LTD,Data Analyst Lead,"6200,8000"
job-card-1,SCIENTE INTERNATIONAL PTE. LTD.,Data Analyst (JD#4429),Recruiter
job-card-2,THE STAKEHOLDER COMPANY PTE. LTD.,Data Analyst,"3000,4000"
job-card-3,GIC PRIVATE LIMITED,AVP Data Analyst,"5000,10000"
job-card-4,SMRT SERVICES PTE. LTD.,Data Analyst,"3000,4000"
job-card-5,SCIENTE INTERNATIONAL PTE. LTD.,Data Analyst,"3500,4200"
job-card-6,GECO ASIA PTE. LTD.,Data Analyst in Singapore (90338),"5000,8500"
job-card-7,EXECUTIT PTE. LTD.,Junior Data Analyst,"3000,4000"
job-card-8,CLARIANT (SINGAPORE) PTE. LTD.,Data Analyst,"3300,5500"
job-card-9,MERCER (SINGAPORE) PTE. LTD.,Data Analyst,Salary undisclosed
job-card-10,GARENA ONLINE PRIVATE LIMITED,Data Analyst,"4000,7000"
job-card-11,GRABTAXI HOLDINGS PTE. LTD.,Regional Data Analyst,"6000,8000"
job-card-12,GRABTAXI HOLDINGS PTE. LTD.,Regional Data Analyst,"4000,6000"
job-card-13,DBS BANK LTD.,"VP  /  AVP, Data Analyst, Middle Office Technology, Technology and Operations  (180003CW)","7500,15000"
job-card-14,DBS BANK LTD.,"VP  /  AVP, Data Analyst, Middle Office Technology, Technology and Operations  (180003CW)","6500,13000"
job-card-15,CAROUSELL PTE. LTD.,Data Analyst,"4000,7000"
job-card-16,ROBERT BOSCH (SOUTH EAST ASIA) PTE. LTD.,"Data Analyst & Key User, Demand Planning","4000,7000"
job-card-17,YGP PTE. LTD.,Data Analyst,"3000,4000"
job-card-18,ALLEGIS GLOBAL SOLUTIONS (SINGAPORE) PTE. LTD.,"Data analyst (Tableau analytics, 6 months contract MBFC)","4000,7000"
job-card-19,INFOGAIN SOLUTIONS PTE. LIMITED,"DATA ANALYST(Tableau, Spotfire, Kibana, Qlikview)","6200,7400"
job-card-0,INTERNATIONAL APPLICATION SOLUTIONS PTE LTD,Data Analyst Lead,"6200,8000"
job-card-1,SCIENTE INTERNATIONAL PTE. LTD.,Data Analyst (JD#4429),Recruiter
job-card-2,THE STAKEHOLDER COMPANY PTE. LTD.,Data Analyst,"3000,4000"
job-card-3,GIC PRIVATE LIMITED,AVP Data Analyst,"5000,10000"
job-card-4,SMRT SERVICES PTE. LTD.,Data Analyst,"3000,4000"
job-card-5,SCIENTE INTERNATIONAL PTE. LTD.,Data Analyst,"3500,4200"
job-card-6,GECO ASIA PTE. LTD.,Data Analyst in Singapore (90338),"5000,8500"
job-card-7,EXECUTIT PTE. LTD.,Junior Data Analyst,"3000,4000"
job-card-8,CLARIANT (SINGAPORE) PTE. LTD.,Data Analyst,"3300,5500"
job-card-9,MERCER (SINGAPORE) PTE. LTD.,Data Analyst,Salary undisclosed
job-card-10,GARENA ONLINE PRIVATE LIMITED,Data Analyst,"4000,7000"
job-card-11,GRABTAXI HOLDINGS PTE. LTD.,Regional Data Analyst,"6000,8000"
job-card-12,GRABTAXI HOLDINGS PTE. LTD.,Regional Data Analyst,"4000,6000"
job-card-13,DBS BANK LTD.,"VP  /  AVP, Data Analyst, Middle Office Technology, Technology and Operations  (180003CW)","7500,15000"
job-card-14,DBS BANK LTD.,"VP  /  AVP, Data Analyst, Middle Office Technology, Technology and Operations  (180003CW)","6500,13000"
job-card-15,CAROUSELL PTE. LTD.,Data Analyst,"4000,7000"
job-card-16,ROBERT BOSCH (SOUTH EAST ASIA) PTE. LTD.,"Data Analyst & Key User, Demand Planning","4000,7000"
job-card-17,YGP PTE. LTD.,Data Analyst,"3000,4000"
job-card-18,ALLEGIS GLOBAL SOLUTIONS (SINGAPORE) PTE. LTD.,"Data analyst (Tableau analytics, 6 months contract MBFC)","4000,7000"
job-card-19,INFOGAIN SOLUTIONS PTE. LIMITED,"DATA ANALYST(Tableau, Spotfire, Kibana, Qlikview)","6200,7400"
job-card-0,INFINEON TECHNOLOGIES ASIA PACIFIC PTE LTD,Data Analyst - Logistics,"3000,5500"
job-card-1,CHARLES & KEITH (SINGAPORE) PTE. LTD.,Data Analyst,"4000,6000"
job-card-2,E PROTECTIONS PTE. LTD.,Data Analyst,"3000,4000"
job-card-3,BLOOMBERG SINGAPORE PTE. LTD.,2018 Market Data Analyst,"65000,97000"
job-card-4,CHAPPUIS HALDER & CO PTE. LTD.,Data Analyst,"5500,8500"
job-card-5,SHIPSFOCUS INTELLIGENCE PTE. LTD.,Data Analyst,"3000,3500"
job-card-6,DIGITAL ALCHEMY (SINGAPORE) PTE. LTD.,Marketing & Data Analyst,Salary undisclosed
job-card-7,REEBONZ LIMITED,Senior Data Analyst,"3000,4000"
job-card-8,LYJ INTERNATIONAL PTE. LTD.,Data Analyst,"3000,5000"
job-card-9,DATUMSTRUCT (S) PTE LTD,Data Analyst,"2000,4500"
job-card-10,KPMG SERVICES PTE. LTD.,Data Analyst,"4900,7100"
job-card-11,Company Undisclosed,Data Analyst,via Recruiter
job-card-12,NATIONAL UNIVERSITY OF SINGAPORE,Data Analyst / Scientist,"6000,7000"
job-card-13,STARHUB LTD.,"Lead Data Analyst, Smarthub",Salary undisclosed
job-card-14,ADECCO PERSONNEL PTE LTD,Data Analyst (POI Maps Quality),"3000,4500"
job-card-15,RINGS.TV PTE. LTD.,Data Analyst,"3000,5000"
job-card-16,RINGS.TV PTE. LTD.,Data Analyst,"3000,5000"
job-card-17,SCIENTE INTERNATIONAL PTE. LTD.,Senior Data Analyst (JD#4394),Recruiter
job-card-18,SCIENTE INTERNATIONAL PTE. LTD.,Data Analyst (JD#4390),Recruiter
job-card-19,STARHUB LTD.,Data Analyst  /  Scientist,"4000,8000"
job-card-0,TAIGER SINGAPORE PTE. LTD.,QA Data Analyst,"3500,5000"
job-card-1,PANASONIC ASIA PACIFIC PTE. LTD.,Data Analyst Executive (1 year contract),"2200,4000"
job-card-2,BRIGHTOIL MARINE ONLINE PTE. LTD.,Data Analyst,Salary undisclosed
job-card-3,JONES LANG LASALLE PROPERTY CONSULTANTS PTE LTD,Database Analyst,"4000,6000"
job-card-4,UNICOM DATABANK PRIVATE LIMITED,"First Vice President, Business Analyst","10000,15000"
job-card-5,THE SUPREME HR ADVISORY PTE. LTD.,Logistics Specialist,"3300,4000"
job-card-6,CPM CONSULTING PTE. LTD.,Data Science Consultant,"3000,6500"
job-card-7,IRISNATION SINGAPORE PTE. LTD.,"Manager, Marketing","4000,5000"
job-card-8,AP LINK PTE LTD,Software Developer,"3000,3800"
job-card-9,HAIER SINGAPORE INVESTMENT HOLDING PTE. LTD.,Data Scientist,"6000,8000"
job-card-10,TECHCOM SOLUTIONS ASIA PACIFIC PTE. LTD.,"DATA Analsyt - (Ab Initio, Tableau)","4500,5500"
job-card-11,R SYSTEMS (SINGAPORE) PTE LIMITED,Walki in interviews 24th August 11:00 AM onwards,"2500,8000"
job-card-12,R SYSTEMS (SINGAPORE) PTE LIMITED,Walkin Interviews 3rd August 11:00 AM Onwards,"2500,8000"
job-card-13,OPTIMUM SOLUTIONS (SINGAPORE) PTE LTD,Senior Cognos Analyst,"7000,9000"
job-card-14,DAVID & GOLIATH PTE. LTD.,"Data Engineer (Hadoop ETL, Data Science Team) - perm in Banking","6000,10000"
job-card-15,Company Undisclosed,"Data Analyst, Pricing Analytics","4000,5000"
job-card-16,Company Undisclosed,"Manager, Data Analyst","6000,9000"
job-card-17,Company Undisclosed,"Vice President, Data Analyst, Digital Bank","6600,13200"
job-card-18,Company Undisclosed,"Assistant Vice President, Data Analyst, Digital Bank","5300,6500"
job-card-19,Company Undisclosed,"Manager, Data Analyst, Digital Bank","4300,5100"
job-card-0,Company Undisclosed,"Senior Officer, Data Analyst, Digital Bank","3200,4000"
job-card-1,Company Undisclosed,Business Intelligence Analyst,"4500,5800"
