job-card-0,RGF TALENT SOLUTIONS SINGAPORE PTE. LTD.,Principal Consultant (Recruitment),"6000,8000"
job-card-1,SPENCER OGDEN PTE. LTD.,Principal Consultant,"4500,6000"
job-card-2,ORACLE CORPORATION SINGAPORE PTE LTD,Senior Principal Consultant,"7000,12000"
job-card-3,ORACLE CORPORATION SINGAPORE PTE LTD,Senior Principal Consultant,"7000,12000"
job-card-4,SANDBOX CONSULTING PTE. LTD.,Principal Consultant,"7000,10000"
job-card-5,SINGAPORE CHEMICAL INDUSTRY COUNCIL LIMITED,Principal Consultant,"6500,8000"
job-card-6,FUNDS PARTNERSHIP (ASIA) PTE. LTD.,Principal Consultant,"5000,12000"
job-card-7,CENTRAL PROVIDENT FUND BOARD,Senior Deputy Director  /  Principal Consultant (Infrastructure and Operations),Salary undisclosed
job-card-8,ACALUTION PTE. LTD.,Principal  /  Senior Technical Consultant - T24 Product Specialist,"8000,12000"
job-card-9,BEATHCHAPMAN (PTE. LTD.),Senior / Principal Recruitment Consultant (3 positions),"6000,9000"
job-card-10,BEATHCHAPMAN (PTE. LTD.),Principal Recruitment Consultant (Supply Chain & Logistics),"7000,9000"
job-card-11,ORACLE FINANCIAL SERVICES SOFTWARE PTE. LTD.,Master Principal Sales Consultant,"11500,16500"
job-card-12,IMPLEMENTARY PTE. LTD.,Principal Functional Finance Consultant - Insurance,"6000,15000"
job-card-13,ORACLE FINANCIAL SERVICES SOFTWARE PTE. LTD.,Master Principal Sales Consultant,"12000,15000"
job-card-14,Company Undisclosed,Consultant  /  Senior Consultant,via Recruiter
job-card-15,ROLAND BERGER PTE. LTD.,Principal (Telecommunication),"200000,300000"
