job-card-0,SPACE EXECUTIVE PTE. LTD.,Marketing Executive,"4500,6500"
job-card-1,UNIVERSE MOTORING,Sales Executive,"4000,4800"
job-card-2,GARTNER ADVISORY (SINGAPORE) PTE LTD,Executive Partner,"200000,270000"
job-card-3,GARTNER ADVISORY (SINGAPORE) PTE LTD,Executive Client Manager (Korea Market),"64000,100000"
job-card-4,SINGAPORE SEMICONDUCTOR INDUSTRY ASSOCIATION,Business Development Executive,Salary undisclosed
job-card-5,BUSINESS EDGE PERSONNEL SERVICES PTE LTD,"Assistant Manager, Executive Education",Salary undisclosed
job-card-6,MEGU CATERING CONCEPTS PTE. LTD.,Operations Executive,"2900,3200"
job-card-7,CROWNE PLAZA CHANGI AIRPORT,Assistant Executive Housekeeper (Hotel and Accommodation Services),Salary undisclosed
job-card-8,ONE EIGHTY CONCEPTS PTE. LTD.,Sales Executive,"2000,2500"
job-card-9,IE IDEAS PTE. LTD.,Events Executive,"2200,2800"
job-card-10,MY INDIA OVERSEAS PTE. LTD.,Executive Manager,"5000,7000"
job-card-11,CAREGIVER ASIA PTE. LTD.,Client Talent Acquisition Executive,"2000,4000"
job-card-12,Accountant-General's Department,Executive / Senior Executive (Cash Management & Payments),Salary undisclosed
job-card-13,THE SINGAPORE MALAY CHAMBER OF COMMERCE AND INDUSTRY,Marcomms Senior Executive,"2500,3000"
job-card-14,NANYANG TECHNOLOGICAL UNIVERSITY,Executive / Senior Executive (HR Analytics) (1800006H),Salary undisclosed
job-card-15,NATIONAL UNIVERSITY OF SINGAPORE,Finance & Admin Executive (AI Singapore),"3000,4200"
job-card-16,GOOGLE ASIA PACIFIC PTE. LTD.,Protective Services Manager (Executive Protection and Event Security) - Singapore,"6700,11167"
job-card-17,NATIONAL UNIVERSITY OF SINGAPORE,"Executive (Operations & Quality Management), SCALE (Exec & Prof Dev)","2800,4300"
job-card-18,Ministry of Home Affairs,Assistant Executive /  Senior Assistant Executive (Strategic Planning),Salary undisclosed
job-card-19,PINKLIFT PTE. LTD.,Operations Executive (Part-time),"1000,1000"
job-card-0,NATIONAL UNIVERSITY OF SINGAPORE,"Associate Director (Business Development), SCALE (Executive & Professional Development Unit)","6500,12000"
job-card-1,WIZLEARN TECHNOLOGIES PTE. LTD.,ICT Executive (Infocomm Technology Executive),"1700,3000"
job-card-2,OMD SINGAPORE PTE. LTD.,Media Executive,"2300,3000"
job-card-3,HANSFORT INVESTMENT PTE. LTD.,Events Executive,"2000,3000"
job-card-4,NATIONAL UNIVERSITY OF SINGAPORE,"Senior Lecturer, SCALE (Executive & Professional Development Unit)","7000,13000"
job-card-5,GARTNER ADVISORY (SINGAPORE) PTE LTD,"Executive Advisor, HR Practice, Asia","100000,170000"
job-card-6,MACLINK PTE. LTD.,Operation Executive,"3600,3600"
job-card-7,ARCSTONE PTE. LTD.,Executive Administrator,Salary undisclosed
job-card-8,Singapore Land Authority,"Executive /  Senior Executive, Projects Management Team (Contract role)","2200,5600"
job-card-9,RUDI'S FINE FOOD PTE LTD,Quality Assurance & Quality Control Executive,"2000,3000"
job-card-10,ACES CROWDFUND (SG) PTE. LTD.,Sales and Marketing Executive,Salary undisclosed
job-card-11,HUNET PTE. LTD.,Administrative Executive,Salary undisclosed
job-card-12,SIN GHEE HUAT CORPORATION LTD.,Sales Coordinator & Sales Executive,"1800,3500"
job-card-13,NAUTICAL CONCEPT PTE LTD,Merchandising Executive,"2000,2500"
job-card-14,TRIPADVISOR SINGAPORE PRIVATE LIMITED,Business Development Sales Executive,"3600,4800"
job-card-15,Company Undisclosed,ICT Executive cum Residential ICT Trainer- Beatty Secondary School,via Recruiter
job-card-16,HYDROCHEM (S) PTE LTD,"Sales Executive, Project","2500,3500"
job-card-17,VANTAGE HR SOLUTIONS,"SENIOR  /  CONTRACT EXECUTIVE (MNC, Marine Industry)",Recruiter
job-card-18,DIMERCO EXPRESS SINGAPORE PTE LTD,Assistant / Executive,"2000,3500"
job-card-19,SCIENTIFIC RESOURCES PTE LTD,Accounts Executive,Salary undisclosed
job-card-0,NATIONAL UNIVERSITY OF SINGAPORE,"Associate Director (Business Development), SCALE (Executive & Professional Development Unit)","6500,12000"
job-card-1,WIZLEARN TECHNOLOGIES PTE. LTD.,ICT Executive (Infocomm Technology Executive),"1700,3000"
job-card-2,OMD SINGAPORE PTE. LTD.,Media Executive,"2300,3000"
job-card-3,HANSFORT INVESTMENT PTE. LTD.,Events Executive,"2000,3000"
job-card-4,NATIONAL UNIVERSITY OF SINGAPORE,"Senior Lecturer, SCALE (Executive & Professional Development Unit)","7000,13000"
job-card-5,GARTNER ADVISORY (SINGAPORE) PTE LTD,"Executive Advisor, HR Practice, Asia","100000,170000"
job-card-6,MACLINK PTE. LTD.,Operation Executive,"3600,3600"
job-card-7,ARCSTONE PTE. LTD.,Executive Administrator,Salary undisclosed
job-card-8,Singapore Land Authority,"Executive /  Senior Executive, Projects Management Team (Contract role)","2200,5600"
job-card-9,RUDI'S FINE FOOD PTE LTD,Quality Assurance & Quality Control Executive,"2000,3000"
job-card-10,ACES CROWDFUND (SG) PTE. LTD.,Sales and Marketing Executive,Salary undisclosed
job-card-11,HUNET PTE. LTD.,Administrative Executive,Salary undisclosed
job-card-12,SIN GHEE HUAT CORPORATION LTD.,Sales Coordinator & Sales Executive,"1800,3500"
job-card-13,NAUTICAL CONCEPT PTE LTD,Merchandising Executive,"2000,2500"
job-card-14,TRIPADVISOR SINGAPORE PRIVATE LIMITED,Business Development Sales Executive,"3600,4800"
job-card-15,Company Undisclosed,ICT Executive cum Residential ICT Trainer- Beatty Secondary School,via Recruiter
job-card-16,HYDROCHEM (S) PTE LTD,"Sales Executive, Project","2500,3500"
job-card-17,VANTAGE HR SOLUTIONS,"SENIOR  /  CONTRACT EXECUTIVE (MNC, Marine Industry)",Recruiter
job-card-18,DIMERCO EXPRESS SINGAPORE PTE LTD,Assistant / Executive,"2000,3500"
job-card-19,SCIENTIFIC RESOURCES PTE LTD,Accounts Executive,Salary undisclosed
job-card-0,YANG MING (SINGAPORE) PTE. LTD.,Sales Executive,Salary undisclosed
job-card-1,MANPOWER STAFFING SERVICES (SINGAPORE) PTE LTD,Operations Executive,"6000,7000"
job-card-2,GROUPM SINGAPORE PTE. LTD.,Mindshare | Regional Social Executive,"3000,4500"
job-card-3,GROUPM SINGAPORE PTE. LTD.,Mindshare | Regional Search Executive,"3000,4500"
job-card-4,NANYANG TECHNOLOGICAL UNIVERSITY,"Senior / Executive, Accounts Payable (180000A5)",Salary undisclosed
job-card-5,TIDY MAINTENANCE & ENGINEERING PTE. LTD.,Account Executive,"2200,2500"
job-card-6,NANYANG TECHNOLOGICAL UNIVERSITY,"Senior Executive, Purchasing (18000099)",Salary undisclosed
job-card-7,RAMKY CLEANTECH SERVICES PTE. LTD.,Business Development Executive,"2500,3000"
job-card-8,OPEN TEXT (ASIA) PTE. LTD.,Account Development Executive,"4000,7500"
job-card-9,MY INDIA OVERSEAS PTE. LTD.,Marketing Executive,Recruiter
job-card-10,SCI AUTOMATION PTE. LTD.,SALES AND MARKETING EXECUTIVE,"2000,2500"
job-card-11,UTOC ENGINEERING PTE LTD,HR Executive  /  Senior HR Executive,Salary undisclosed
job-card-12,YH CORPORATION PTE. LTD.,Marketing Executive,"2000,2600"
job-card-13,LUXE PRINT PTE. LTD.,Sales Executive,"2300,2400"
job-card-14,YANG MING (SINGAPORE) PTE. LTD.,Sales Executive,Salary undisclosed
job-card-15,NIOMETRICS (PTE.) LTD.,Marketing Communications Executive,"2000,3500"
job-card-16,NATIONAL UNIVERSITY OF SINGAPORE,"Manager (Operations & Quality Management) , SCALE (Executive & Professional Development)","4000,6000"
job-card-17,NATIONAL UNIVERSITY OF SINGAPORE,"Manager / Assistant Manager (Business Development) , SCALE (Executive & Professional Development Unit)","3200,6000"
job-card-18,ADDON SYSTEMS PTE LTD,Marketing Executive,"1000,3000"
job-card-19,ADVANCED & BEST PLACEMENTS PTE. LTD.,Purchasing Executive,"3500,4000"
job-card-0,CMFO PTE. LTD.,Senior Audit  /  Audit Executive,Salary undisclosed
job-card-1,CMFO PTE. LTD.,Senior Audit  /  Audit Executive,Salary undisclosed
job-card-2,ICE DATA SERVICES SINGAPORE PTE. LTD.,Sales Executive,"9000,12000"
job-card-3,NATIONAL UNIVERSITY OF SINGAPORE,"Manager / Assistant Manager (Sales) , SCALE (Executive & Professional Development Unit)","3200,6000"
job-card-4,NATIONAL UNIVERSITY OF SINGAPORE,"Associate Director (Sales) , SCALE (Executive & Professional Development Unit)","6500,12000"
job-card-5,APPLE SOUTH ASIA PTE. LTD.,Executive Assistant,"6000,8000"
job-card-6,VANCE GROUP LTD.,Sales and Trading Executive,"4000,5950"
job-card-7,YANG MING (SINGAPORE) PTE. LTD.,Sales Executive,Salary undisclosed
job-card-8,CHARTERED EMPLOYMENT AGENCY PTE. LTD.,ICT Executive - Yishun Secondary School,Recruiter
job-card-9,NATIONAL UNIVERSITY OF SINGAPORE,"Assistant Manager, Academic Affairs (Chinese Executive Education)","3200,5500"
job-card-10,YANG MING (SINGAPORE) PTE. LTD.,Sales Executive,Salary undisclosed
job-card-11,OCM VENTURES SINGAPORE PTE. LTD.,CRM Executive,"2300,2600"
job-card-12,MAERSK SINGAPORE PTE. LTD.,Customer Service Executive,"2500,5000"
job-card-13,LARUTH,Marketing Executive / Assistant,"1500,8000"
job-card-14,ZENDESK SINGAPORE PTE. LTD.,Account Executive - Indonesia,"7500,8500"
job-card-15,SIMONE STUDIOS PTE. LTD.,Business Operations Executive,Salary undisclosed
job-card-16,SIMONE STUDIOS PTE. LTD.,Business Operations Executive,Salary undisclosed
job-card-17,YANG MING (SINGAPORE) PTE. LTD.,Sales Executive,Salary undisclosed
job-card-18,ETHERUS ASIA PACIFIC PTE. LTD.,Sales Executive,"1200,5000"
job-card-19,NATIONAL UNIVERSITY OF SINGAPORE,"Manager / Assistant Manager – Partnerships & Campaigns, SCALE (Executive & Professional Devpt Unit)","3200,5500"
job-card-0,NO FIXED CUISINE PTE. LTD.,Marketing Executive,"2200,2500"
job-card-1,MYREPUBLIC LIMITED,Adminstration Executive (Legal Department),via Recruiter
job-card-2,Singapore Land Authority,"Senior Executive  /  Executive, Land Titles Registry","2200,5600"
job-card-3,I HOTEL PTE. LTD.,Supervisors  /  Management Executive,"2000,2800"
job-card-4,THE SUPREME HR ADVISORY PTE. LTD.,Sales Executive(freight forward),"2000,5600"
job-card-5,THE SUPREME HR ADVISORY PTE. LTD.,Marketing Executive,"1800,3500"
job-card-6,PRACTICAL MEDISCIENCE PTE LTD,Sales Executive,"2000,3000"
job-card-7,PRACTICAL MEDISCIENCE PTE LTD,Senior Sales Executive,"2500,4000"
job-card-8,Club Rainbow (Singapore),"Executive, Community Partnership",Salary undisclosed
job-card-9,4XLABS PTE. LTD.,Marketing Executive,"2000,3000"
job-card-10,MR SINGAPORE PTE. LTD.,Content Marketing Executive,"2000,4000"
job-card-11,ARISTON SERVICES PTE. LTD.,Senior IT Sales Executive  /  Manager,Salary undisclosed
job-card-12,FUTURELABS VENTURES PTE. LTD.,Executive Assistant,"2500,5000"
job-card-13,CAREGIVER ASIA PTE. LTD.,Operations Executive,"1600,2500"
job-card-14,SODAINMIND PTE. LTD.,Sales Executive,"2000,5000"
job-card-15,GECKO GRAPHIX INTERNATIONAL PTE LTD,Account Executive (Digital),"2000,4000"
job-card-16,ST ENGINEERING MANAGEMENT SERVICES PTE. LTD.,"Senior Executive, IT (SAP PO)","3800,6000"
job-card-17,RJ ENVIRONMENT SOLUTIONS PTE. LTD.,Sales Executive,"1600,3500"
job-card-18,MILLENNIUM & COPTHORNE INTERNATIONAL LIMITED,Guest Service Executive,"1800,2000"
job-card-19,3RADICAL PTE. LTD.,Customer Success Executive  /  Technical Support,Salary undisclosed
job-card-0,GLOBAL SPECTRUM PICO PTE. LTD.,"Senior Executive, Social Media - Singapore Sports Hub",Salary undisclosed
job-card-1,NATIONAL UNIVERSITY OF SINGAPORE,"Executive, Executive Education Programme","2500,3800"
job-card-2,YOUTH EDUCATION PTE. LTD.,SALES EXECUTIVE (BUISNESS TO GOVERNMENT,"1800,2000"
job-card-3,Health Sciences Authority,"Blood Professional Executive, Blood Services Group",Salary undisclosed
job-card-4,Maritime and Port Authority of Singapore,Executive / Senior Executive (Legal),Salary undisclosed
job-card-5,PAIN CLINIC@ WELLNESS PHILOSOPHY PTE. LTD.,Digital Media Executive,"2500,4500"
job-card-6,REICH CONSULTANCY PTE. LTD.,Business Development Executive,Salary undisclosed
job-card-7,WONG FONG ACADEMY PTE. LTD.,Marketing Executive,Salary undisclosed
job-card-8,M.TECH PRODUCTS PTE LTD,Logistics Executive,Salary undisclosed
job-card-9,M.TECH PRODUCTS PTE LTD,Trade Compliance Executive,Salary undisclosed
job-card-10,M.TECH PRODUCTS PTE LTD,Inside Sales Executive,Salary undisclosed
job-card-11,VANTAGE HR SOLUTIONS,EXECUTIVE HOUSEKEEPER [MNC  /  Luxury Hotel Chain & Resorts],Recruiter
job-card-12,LOURDES GAVIN PTE. LTD.,Quality & Risk Management Executive (Enterprise Risk Management),"3000,4500"
job-card-13,EXCEL LEAGUE PTE. LTD.,Accounts Executive,"2000,3000"
job-card-14,CHERRYLOFT RESORTS AND HOTELS PTE. LTD.,Accounts Executive,"2500,4000"
job-card-15,SYNERGRAPHIC DESIGN PTE LTD,Design Sales Executive,Salary undisclosed
job-card-16,ONELINK HR CONSULTANCY PTE. LTD.,Asset Admin Assistant  /  Executive,"2000,2400"
job-card-17,LWC PTE. LTD.,ClubCo Café Operations Executive,Salary undisclosed
job-card-18,Company Undisclosed,Executive - Client Relations,via Recruiter
job-card-19,BEYONDSOFT INTERNATIONAL (SINGAPORE) PTE. LTD.,HR Executive,"2800,3200"
