job-card-0,SERVLINK TECHNOLOGY RESOURCES PTE LTD,Information Security Engineer,"5500,6000"
job-card-1,DBS BANK LTD.,"VP / AVP, Cyber Security Engineer, Technology Services, Technology and Operations (180003HN)","7000,14000"
job-card-2,NOVA SYSTEMS & ENGINEERING PTE. LTD.,Senior Network Security Engineer,"5500,7000"
job-card-3,Company Undisclosed,Network Security Engineer,via Recruiter
job-card-4,BIOFOURMIS SINGAPORE PTE. LTD.,Infrastructure Security Engineer,Salary undisclosed
job-card-5,CAPITA PTE. LTD.,Network Security Engineer,"4000,7000"
job-card-6,ENNOVATEZ PTE. LTD.,Cyber Security Engineer,Recruiter
job-card-7,SPE NETWORKS - ASIA PTE. LTD.,Customer Support Security Engineer,"4000,7000"
job-card-8,FUNDING SOCIETIES PTE. LTD.,Security Engineer,"4000,6000"
job-card-9,CUSTODIO TECHNOLOGIES PTE. LTD.,Cyber Security Engineer,"4000,8000"
job-card-10,M.TECH PRODUCTS PTE LTD,Senior I-Security Engineer,Salary undisclosed
job-card-11,M.TECH PRODUCTS PTE LTD,I-Security Engineer,Salary undisclosed
job-card-12,ASECURE PTE. LTD.,Senior Security Engineer,"3500,4500"
job-card-13,ASECURE PTE. LTD.,Security Engineer,"2400,3200"
job-card-14,ASECURE PTE. LTD.,Security Engineer,"2600,3500"
job-card-15,OVERSEA-CHINESE BANKING CORPORATION LIMITED,Network Security Engineer,"6000,12000"
job-card-16,AVENSYS CONSULTING PTE. LTD.,IT Security Engineer,"3000,6000"
job-card-17,GECO ASIA PTE. LTD.,Network Security Engineer in Singapore (90332),"6000,8500"
job-card-18,SANDBOX CONSULTING PTE. LTD.,Cloud Security Engineer,"7000,15000"
job-card-19,EVVO LABS PTE. LTD.,Infrastructure Security Engineer,Salary undisclosed
job-card-0,TECHCOM SOLUTIONS ASIA PACIFIC PTE. LTD.,Network Security Engineer,"5000,7000"
job-card-1,TECHCOM SOLUTIONS & CONSULTANCY PTE. LTD.,Network Security Engineer,"5000,6500"
job-card-2,KEYTEO CONSULTING PTE. LTD.,Application Security Engineer,"6000,12000"
job-card-3,PEOPLEBANK SINGAPORE PTE. LTD.,Sr. Network Security Engineer,"5500,8000"
job-card-4,TENX PTE. LTD.,Software Engineer - Security,"5000,12000"
job-card-5,EPS COMPUTER SYSTEMS PTE LTD,IT Security Specialist,"6500,7800"
job-card-6,ASECURE PTE. LTD.,Security Consultant,"3500,4500"
job-card-7,Company Undisclosed,Security Engineer /  Consultant (Ref 22479),"2500,4500"
job-card-8,Company Undisclosed,Security Engineer,"6000,9000"
job-card-9,Company Undisclosed,Application security engineer,"7000,13000"
job-card-10,Company Undisclosed,Junior Network Security Engineer (Ref 22253),"2800,5600"
job-card-0,TECHCOM SOLUTIONS ASIA PACIFIC PTE. LTD.,Network Security Engineer,"5000,7000"
job-card-1,TECHCOM SOLUTIONS & CONSULTANCY PTE. LTD.,Network Security Engineer,"5000,6500"
job-card-2,KEYTEO CONSULTING PTE. LTD.,Application Security Engineer,"6000,12000"
job-card-3,PEOPLEBANK SINGAPORE PTE. LTD.,Sr. Network Security Engineer,"5500,8000"
job-card-4,TENX PTE. LTD.,Software Engineer - Security,"5000,12000"
job-card-5,EPS COMPUTER SYSTEMS PTE LTD,IT Security Specialist,"6500,7800"
job-card-6,ASECURE PTE. LTD.,Security Consultant,"3500,4500"
job-card-7,Company Undisclosed,Security Engineer /  Consultant (Ref 22479),"2500,4500"
job-card-8,Company Undisclosed,Security Engineer,"6000,9000"
job-card-9,Company Undisclosed,Application security engineer,"7000,13000"
job-card-10,Company Undisclosed,Junior Network Security Engineer (Ref 22253),"2800,5600"
