job-card-0,SOFTENGER (SINGAPORE) PTE. LTD.,"Project Manager (Avaya IP Phones,Avaya Messaging,Avaya Communications Manager)","6000,7000"
job-card-1,STANDARD CHARTERED BANK,Project Manager,"10000,15000"
job-card-2,FPT INFORMATION SYSTEM SINGAPORE PTE. LTD.,Information Technology Project Manager,"5000,6500"
job-card-3,NATIONAL UNIVERSITY OF SINGAPORE,100E Project Manager (AI Singapore),"5000,8000"
job-card-4,BNP PARIBAS,Project Manager Compliance - Process & Systems,"7000,13000"
job-card-5,LAMINAAR AVIATION INFOTECH PTE. LTD.,Project Manager,"6000,8000"
job-card-6,PBT ENGINEERING PTE LTD,Project Manager  /  Senior Project Manager,"3500,5500"
job-card-7,PBT ENGINEERING PTE LTD,Project Manager  /  Senior Project Manager,"3500,5500"
job-card-8,RAMBOLL SINGAPORE PTE. LTD.,Senior Project Manager,"14000,21000"
job-card-9,SINGAPORE POST LIMITED,Senior Project Manager,"6000,8000"
job-card-10,COOPERATIEVE RABOBANK U.A.,Project Manager,"6000,8000"
job-card-11,DEZIRE TECHNOLOGIES PTE. LTD.,Business Intelligence Project Manager,"6500,8500"
job-card-12,CRIMSONLOGIC PTE LTD,Project Manager,"6000,9000"
job-card-13,STANDARD CHARTERED BANK (SINGAPORE) LIMITED,Project Manager,"6000,10000"
job-card-14,NATIONAL UNIVERSITY OF SINGAPORE,Project Manager  /  Industry Liaison Manager (SES),"10000,15000"
job-card-15,MTS GLOBAL PTE. LTD.,Project Manager,"6000,9000"
job-card-16,POSTERSCOPE (SOUTH EAST ASIA) PTE. LTD.,Project Manager,"3000,5500"
job-card-17,APPVANTAGE PTE. LTD.,Project Manager,"5000,6500"
job-card-18,OFFICE SECRETARIES PTE. LTD.,Software Project Manager,"5000,7000"
job-card-19,NEC ASIA PACIFIC PTE. LTD.,Project Manager,"5000,7000"
job-card-0,HCL SINGAPORE PTE. LTD.,Infrastructure Project manager,"8000,10000"
job-card-1,SEF CONSTRUCTION PTE LTD,Senior Project Manager  /  Project Manager (Construction),"4000,8000"
job-card-2,INFOCEPTS PTE. LTD.,Project Manager- Business Intelligence,"103500,126500"
job-card-3,GOVERNMENT TECHNOLOGY AGENCY,IT Applications Project Manager,Salary undisclosed
job-card-4,HONG XING ENGINEERING PTE. LTD.,Building and Construction Project Manager,"6000,7000"
job-card-5,STANDARD CHARTERED BANK,Senior Project Manager,"6750,13500"
job-card-6,SINGAPORE POOLS (PRIVATE) LIMITED.,IT Project Manager,"6500,10500"
job-card-7,AVALOQ SOURCING ASIA PACIFIC (SINGAPORE) PTE. LTD.,Senior Infrastructure Project Manager,"12000,15000"
job-card-8,ES RECRUITMENT PTE. LTD.,Associate Project Manager,"6000,7500"
job-card-9,TRANS EQUATORIAL ENGINEERING PTE LTD,PROJECT MANAGER  /  SENIOR PROJECT MANAGER,"3500,6500"
job-card-10,L-3 COMMUNICATIONS SINGAPORE PTE. LTD.,Project Manager,Salary undisclosed
job-card-11,C&W SERVICES (S) PTE. LTD.,ASSISTANT PROJECT MANAGER  /  PROJECT MANAGER  /  SENIOR PROJECT MANAGER  /  CONSTRUCTION,Salary undisclosed
job-card-12,ASIA LEAP PTE. LTD.,Project Manager (Project Based),"500,3000"
job-card-13,DBS BANK LTD.,"SVP / VP, Project Manager - Cash, Institutional Banking Group Technology, T&O (180003IT)","9500,18000"
job-card-14,THE BLUE BARREL PTE. LTD.,"Project Manager(Min 5yr PM exp in EPC,REfinery, O&G)","6000,7500"
job-card-15,THE BLUE BARREL PTE. LTD.,Project Manager(EPC / Refinery / O&G / Brownfield),"6000,7500"
job-card-16,BCD TRAVEL ASIA PACIFIC PTE. LTD.,Regional Project Manager,"4000,7500"
job-card-17,ADDSTONES SAS,Project Manager  /  Business Analyst MIFIR,Salary undisclosed
job-card-18,RICH-LINK BUILDERS PTE. LTD.,Project Manager,"7000,8000"
job-card-19,ALLEGIS GROUP SINGAPORE PRIVATE LIMITED,Network Project Manager – 12 month rolling contract,"12000,15000"
job-card-0,HCL SINGAPORE PTE. LTD.,Infrastructure Project manager,"8000,10000"
job-card-1,SEF CONSTRUCTION PTE LTD,Senior Project Manager  /  Project Manager (Construction),"4000,8000"
job-card-2,INFOCEPTS PTE. LTD.,Project Manager- Business Intelligence,"103500,126500"
job-card-3,GOVERNMENT TECHNOLOGY AGENCY,IT Applications Project Manager,Salary undisclosed
job-card-4,HONG XING ENGINEERING PTE. LTD.,Building and Construction Project Manager,"6000,7000"
job-card-5,STANDARD CHARTERED BANK,Senior Project Manager,"6750,13500"
job-card-6,SINGAPORE POOLS (PRIVATE) LIMITED.,IT Project Manager,"6500,10500"
job-card-7,AVALOQ SOURCING ASIA PACIFIC (SINGAPORE) PTE. LTD.,Senior Infrastructure Project Manager,"12000,15000"
job-card-8,ES RECRUITMENT PTE. LTD.,Associate Project Manager,"6000,7500"
job-card-9,TRANS EQUATORIAL ENGINEERING PTE LTD,PROJECT MANAGER  /  SENIOR PROJECT MANAGER,"3500,6500"
job-card-10,L-3 COMMUNICATIONS SINGAPORE PTE. LTD.,Project Manager,Salary undisclosed
job-card-11,C&W SERVICES (S) PTE. LTD.,ASSISTANT PROJECT MANAGER  /  PROJECT MANAGER  /  SENIOR PROJECT MANAGER  /  CONSTRUCTION,Salary undisclosed
job-card-12,ASIA LEAP PTE. LTD.,Project Manager (Project Based),"500,3000"
job-card-13,DBS BANK LTD.,"SVP / VP, Project Manager - Cash, Institutional Banking Group Technology, T&O (180003IT)","9500,18000"
job-card-14,THE BLUE BARREL PTE. LTD.,"Project Manager(Min 5yr PM exp in EPC,REfinery, O&G)","6000,7500"
job-card-15,THE BLUE BARREL PTE. LTD.,Project Manager(EPC / Refinery / O&G / Brownfield),"6000,7500"
job-card-16,BCD TRAVEL ASIA PACIFIC PTE. LTD.,Regional Project Manager,"4000,7500"
job-card-17,ADDSTONES SAS,Project Manager  /  Business Analyst MIFIR,Salary undisclosed
job-card-18,RICH-LINK BUILDERS PTE. LTD.,Project Manager,"7000,8000"
job-card-19,ALLEGIS GROUP SINGAPORE PRIVATE LIMITED,Network Project Manager – 12 month rolling contract,"12000,15000"
job-card-0,ALLEGIS GROUP SINGAPORE PRIVATE LIMITED,Network Project Manager – 12 month rolling contract,"6000,9000"
job-card-1,EPAM SYSTEMS PTE. LTD.,Project Manager,Salary undisclosed
job-card-2,TRINAX PRIVATE LIMITED,Project Manager,"3000,5000"
job-card-3,AYP STAFFING PTE. LTD.,Project Manager,"12000,14000"
job-card-4,IDEALS RECRUITMENT PTE. LTD.,SENIOR PROJECT MANAGER (ELECTRICAL),Recruiter
job-card-5,NCS PTE. LTD.,Assistant /  Project Manager,"5000,8000"
job-card-6,LIGHTSTREAM ANALYTICS PTE. LTD.,JUNIOR PROJECT MANAGER (IT),"3000,4000"
job-card-7,GOVERNMENT TECHNOLOGY AGENCY,Agile Project Manager,Salary undisclosed
job-card-8,INFINEON TECHNOLOGIES ASIA PACIFIC PTE LTD,Senior Project Manager - IT,"10000,16000"
job-card-9,JMC TECHNOLOGIES PTE. LTD.,SAP Project Manager,"5000,12000"
job-card-10,EPAM SYSTEMS PTE. LTD.,Senior Project Manager,Salary undisclosed
job-card-11,EPAM SYSTEMS PTE. LTD.,Project Manager,Salary undisclosed
job-card-12,NTT DATA SERVICES SINGAPORE PTE. LTD.,Project Manager Voice,"7000,10500"
job-card-13,RED HAT ASIA PACIFIC PTE LTD,Associate Project Manager,"4417,8833"
job-card-14,FPT SOFTWARE SOLUTIONS ASIA PACIFIC PTE. LTD.,Senior Technical Project Manager,"4000,6500"
job-card-15,ARKADIN (SINGAPORE) PTE. LTD.,Change & Project Manager,"6000,7000"
job-card-16,BRITISH COUNCIL (SINGAPORE) LIMITED,CRM Senior Project Manager,"7836,14558"
job-card-17,SINGAPORE TELECOMMUNICATIONS LIMITED,"Manager, Business Project Manager","8000,10000"
job-card-18,ROBERT WALTERS (SINGAPORE) PTE LTD,Project Manager,"150000,200000"
job-card-19,ASCENT SOLUTIONS PTE. LTD.,Project Manager,"4000,5000"
job-card-0,SINGAPORE TELECOMMUNICATIONS LIMITED,Project Manager,"6000,8000"
job-card-1,"JPMORGAN CHASE BANK, N.A.",Wealth Management Strategic Program Group – Associate – Project Manager,"5000,10000"
job-card-2,COMTEL SOLUTIONS PTE LTD,Infra Project Manager,"7500,11250"
job-card-3,ZHENGDA CORPORATION PTE. LTD.,Project Manager,"6000,7500"
job-card-4,THOUCENTRIC PTE. LTD.,Project Manager,"60000,120000"
job-card-5,KELLY SERVICES (SINGAPORE) PTE. LTD.,Project Manager,"8000,10000"
job-card-6,OVERSEA-CHINESE BANKING CORPORATION LIMITED,IT Project Manager (OSPL),"7500,12500"
job-card-7,NOVUS MEDIA SOLUTIONS PTE. LTD.,Digital Project Manager,"3000,5000"
job-card-8,STONE FOREST ACCOUNTSERVE PTE LTD,Assistant Project Manager cum Business Analyst,Salary undisclosed
job-card-9,FOX NETWORKS GROUP SINGAPORE  PTE. LTD.,"Technical Project Manager, AVOD (Advertisement Video On-Demand)","5000,10000"
job-card-10,DE MAX DESIGN PTE. LTD.,PROJECT MANAGER (COMMERCIAL INTERIOR FIT-OUT),"4000,5000"
job-card-11,GETECH AUTOMATION PTE LTD,PROJECT MANAGER,"4500,6200"
job-card-12,UTU PTE. LTD.,AGILE PROJECT MANAGER,"6000,7000"
job-card-13,CARAT MEDIA SERVICES SINGAPORE PTE LTD,Project Manager,"3000,5500"
job-card-14,QUINNOX SOLUTIONS PTE. LTD.,Project Manager,Salary undisclosed
job-card-15,GLOBEWERKS INTERNATIONAL PTE. LTD.,Project Manager,"2000,2900"
job-card-16,PACTERA SINGAPORE PTE. LTD.,*(Senior) Project Manager,"7000,12000"
job-card-17,Company Undisclosed,project manager / consultant,via Recruiter
job-card-18,STONE FOREST IT PTE LTD,Project Manager (CRM),"4300,5200"
job-card-19,HCJ CONSTRUCTION PTE. LTD.,Building and Construction Project Manager,"2500,5000"
job-card-0,PEOPLE PROFILERS PTE. LTD.,"Project Manager (Security Solutions MNC, up to 6k + allowance)","4500,6000"
job-card-1,WORKFORCE SINGAPORE AGENCY,"Principal Manager, Digital Product / Project Manager [Partners and Operations Division]",Salary undisclosed
job-card-2,FUGRO SINGAPORE LAND PTE. LTD.,Project Manager - Land Site Characterization,Salary undisclosed
job-card-3,PMG ASIA PACIFIC PTE LTD,Project Manager (6 months contract),"3000,4200"
job-card-4,KERRY CONSULTING PTE. LTD.,"Merchandising Project Manager, Travel Retail (Prestige Beauty)",Recruiter
job-card-5,ON DEMAND AGILITY SOLUTIONS PTE. LTD.,Project Manager- P&C,"9000,11000"
job-card-6,AD INCORPORATION PTE. LTD.,Senior Project Manager,"4500,6000"
job-card-7,Company Undisclosed,Senior Project Manager – Market Research,via Recruiter
job-card-8,RESOURCE SOLUTIONS CONSULTING SINGAPORE PTE. LTD.,"Assistant Vice President, Sanctions Technology (Project Manager) - 1 year contract",Recruiter
job-card-9,ALEXANDER MANN BPO SOLUTIONS (SINGAPORE) PTE. LTD.,"AVP, Securities Operations Technology Business Analyst  /  Project Manager, Global Markets Technology",Recruiter
job-card-10,VISTRA CORPORATE SERVICES (SEA) PTE. LTD.,Project Manager,"10000,11000"
job-card-11,RESOURCE SOLUTIONS CONSULTING SINGAPORE PTE. LTD.,"Assistant Vice President / Vice President, Project Manager",Recruiter
job-card-12,KELLY SERVICES (SINGAPORE) PTE. LTD.,Project Manager,"5000,7000"
job-card-13,ABSPRUNG ENGINEERING SYSTEMS PTE. LTD.,Assistant Project Manager,"4500,6000"
job-card-14,OILTANKING ASIA PACIFIC PTE. LTD.,Project Manager,"5000,10000"
job-card-15,CALIBER TECHNOLOGY PTE LTD,Assistant Project Manager,Salary undisclosed
job-card-16,VISTRA CORPORATE SERVICES (SEA) PTE. LTD.,Project Manager,"6000,7000"
job-card-17,LINCOLN HR GROUP SINGAPORE PTE. LTD.,Project Manager  /  Business Lead,"10000,11000"
job-card-18,SYNERGY ASIA PACIFIC PTE. LTD.,Project Manager,"4000,6000"
job-card-19,ADEPT MANPOWER RESOURCES PTE. LTD.,Project Manager (Construction),Salary undisclosed
job-card-0,AIR LIQUIDE INDUSTRIAL SERVICES PTE LTD,Project Manager,"5000,8000"
job-card-1,SG UNITED CONSTRUCTION PTE. LTD.,Assistant Project Manager,"5000,6000"
job-card-2,EPS COMPUTER SYSTEMS PTE LTD,Project Manager (Scrum),"6000,7500"
job-card-3,EAST MARINE PTE LTD,Project Manager  /  Project Engineer,Salary undisclosed
job-card-4,NORTHLAND CONTROLS PTE. LTD.,Junior Project Manager,"1800,3200"
job-card-5,NCS PTE. LTD.,Project Manager,"4000,6000"
job-card-6,AEA INTERNATIONAL HOLDINGS PTE. LTD.,Project Manager - HCM,"3500,5000"
job-card-7,KEYWORDS INTERNATIONAL PTE. LTD.,Localization Project Manager (MOBA),"2500,3500"
job-card-8,LIFE TECHNOLOGIES HOLDINGS PTE. LTD.,Project Manager,"6000,8000"
job-card-9,CITIBANK N.A.,O&T - Regulatory Initiatives Project Manager - 18016618,"10000,17500"
job-card-10,ICON CONSULTING-GROUP PTE. LTD.,SAP Project Manager - SAP HANA Migration,"7500,15000"
job-card-11,VERTIV (SINGAPORE) PTE. LTD.,Project Manager,"7000,8000"
job-card-12,RANDSTAD PTE. LIMITED,"Project Manager (CCTV, Security Systems)","4500,6000"
job-card-13,COLEMAN UPSTREAM PTE. LTD.,Project Manager,"4000,7000"
job-card-14,INVISIBLE ARTISTS PTE. LTD.,Project Manager  /  Account Manager,Salary undisclosed
job-card-15,CAPITA PTE. LTD.,Project Manager (.NET) | Techno & Functional - $4400,"4000,7000"
job-card-16,BOON HUAT INTERIOR DESIGN,Business Project Manager,"4000,4500"
job-card-17,NUCLEUS SOFTWARE SOLUTIONS PTE LTD,Infrastructure Project Manager,"6000,7000"
job-card-18,FSK ADVISORY PTE. LTD.,Technical Project Manager,"5000,7500"
job-card-19,GOVERNMENT TECHNOLOGY AGENCY,Engineering Project Manager (Sensors and IoT),Salary undisclosed
