job-card-0,WANCO MANPOWER PTE LTD,PVD Process Principal Engineer / Senior Engineer / Engineer,"4000,6500"
job-card-1,WANCO MANPOWER PTE LTD,Facilities Principal Engineer /  Senior Engineer /  Engineer (Mechanical),"3800,6000"
job-card-2,WANCO MANPOWER PTE LTD,Lithography Equipment Principal Engineer /  Senior Engineer /  Engineer,"4000,6000"
job-card-3,SYSTEMS ON SILICON MANUFACTURING COMPANY PTE LTD,Photo-Lithography Equipment Principal Engineer /  Senior Engineer /  Engineer,"3200,6000"
job-card-4,SYSTEMS ON SILICON MANUFACTURING COMPANY PTE LTD,Equipment Principal Engineer /  Senior Engineer /  Engineer (Diffusion /  Thin Film /  Photo /  Etch),"3200,6000"
job-card-5,MURATA ENERGY DEVICE SINGAPORE PTE. LTD.,Assistant Principal Engineer,"5000,8000"
job-card-6,UNITED MICROELECTRONICS CORPORATION (SINGAPORE BRANCH),Senior Technology Transfer & Development Engineer  /  Principal Engineer,"5000,8000"
job-card-7,M1 LIMITED,"Principal Engineer / Senior Engineer, Switch Planning","4200,7560"
job-card-8,REC SOLAR PTE. LTD.,"Principal Engineer, n-Mono Development (Cells Technology)","5500,9500"
job-card-9,VENTURE CORPORATION LIMITED,"Senior Principal Engineer, R & D (Firmware)","8000,12000"
job-card-10,M1 LIMITED,"Principal Engineer, Field Deployment","3200,6400"
job-card-11,MANUFACTURING INTEGRATION TECHNOLOGY LTD.,Principal Engineer (Mechanical Design),"5000,7000"
job-card-12,M1 LIMITED,Principal Engineer (Operation & Support),"3200,6400"
job-card-13,MURATA ENERGY DEVICE SINGAPORE PTE. LTD.,Principal Engineer,"6000,12000"
job-card-14,WSP CONSULTANCY PTE. LTD.,Principal Engineer,Salary undisclosed
job-card-15,SANDBOX CONSULTING PTE. LTD.,Cloud Platform Architect,"10000,23000"
job-card-16,R.J. CROCKER CONSULTANTS PTE. LTD.,CAD / BIM Technican,"2400,2800"
job-card-17,R.J. CROCKER CONSULTANTS PTE. LTD.,Drafter,"2400,2800"
job-card-18,Company Undisclosed,Principal Engineer,"5000,10000"
job-card-19,Company Undisclosed,Principal Engineer,"6000,7500"
