job-card-0,XTREMAX PTE. LTD.,System Analyst,"2500,4500"
job-card-1,ZENITH INFOTECH (S) PTE LTD.,System Analyst,Salary undisclosed
job-card-2,SOFTENGER (SINGAPORE) PTE. LTD.,.Net Software Engineer / .Net Business System Analyst,"3500,4000"
job-card-3,ZENITH INFOTECH (S) PTE LTD.,System Analyst,"5500,6800"
job-card-4,SINGAPORE EPSON INDUSTRIAL PTE. LTD.,Assistant System Analyst  /  Analyst Programmer,"2500,3500"
job-card-5,ICON OUTSOURCING,Senior System Analyst,"9500,11000"
job-card-6,ICON OUTSOURCING,Senior System Analyst,"8000,9500"
job-card-7,TANGSPAC CONSULTING PTE LTD,Senior System Analyst,"9500,11000"
job-card-8,TANGSPAC CONSULTING PTE LTD,Senior System Analyst,"8000,9500"
job-card-9,TANGSPAC CONSULTING PTE LTD,System Analyst,"6000,7500"
job-card-10,TANGSPAC CONSULTING PTE LTD,System Analyst,"6500,8000"
job-card-11,TANGSPAC CONSULTING PTE LTD,System Analyst,"6000,7500"
job-card-12,INFINEON TECHNOLOGIES ASIA PACIFIC PTE LTD,Senior  /  System Analyst - Backend Manufacturing Execution System,"3500,6500"
job-card-13,MAVENTREE TECHNOLOGY PTE. LTD.,Sr / System Analyst (Outsystems),"4000,7000"
job-card-14,AVIVA ASIA PTE LTD,System Analyst,"4100,7500"
job-card-15,SCIENTE INTERNATIONAL PTE. LTD.,System Analyst (Java) (JD#4450),Recruiter
job-card-16,DEZIRE TECHNOLOGIES PTE. LTD.,Business System Analyst Lead,"5500,7000"
job-card-17,SCIENTE INTERNATIONAL PTE. LTD.,System Analyst (Java) (JD#4363),Recruiter
job-card-18,SCIENTE INTERNATIONAL PTE. LTD.,System Analyst (JD#4442),Recruiter
job-card-19,ICON OUTSOURCING,System Analyst,"6000,7500"
job-card-0,ICON OUTSOURCING,System Analyst,"6500,8000"
job-card-1,THE SUPREME HR ADVISORY PTE. LTD.,IT System Analyst,"3000,4000"
job-card-2,ZENITH INFOTECH (S) PTE LTD.,System Analyst,"5200,6500"
job-card-3,ZENITH INFOTECH (S) PTE LTD.,System Analyst,"5500,6600"
job-card-4,EPS COMPUTER SYSTEMS PTE LTD,System Analyst,"5800,6500"
job-card-5,NANYANG TECHNOLOGICAL UNIVERSITY,Analyst Programmer  /  System Analyst (Computer Services Centre)\,via Recruiter
job-card-6,TOSS-EX PTE. LTD.,System Analyst,"4500,5500"
job-card-7,STARHUB LTD.,Principal System Analyst,Salary undisclosed
job-card-8,Company Undisclosed,FINANCIAL SYSTEM  ANALYST,via Recruiter
job-card-9,FINSURGE PTE. LTD.,System Analyst,"3000,4250"
job-card-10,OVERSEA-CHINESE BANKING CORPORATION LIMITED,System Analyst (Internet Banking),"6500,9000"
job-card-11,SINGAPORE EPSON INDUSTRIAL PTE. LTD.,System Analyst,"3000,4000"
job-card-12,TOTAL EBIZ SOLUTIONS PTE. LTD.,System Analyst,"5000,6500"
job-card-13,OVERSEA-CHINESE BANKING CORPORATION LIMITED,System Analyst - SICS (6-months contract),"5000,10000"
job-card-14,SINGAPORE AIRLINES LIMITED,Flight Operations - System Analyst (Crew Management Systems),"3200,6400"
job-card-15,TOTAL EBIZ SOLUTIONS PTE. LTD.,System Analyst,"5500,7000"
job-card-16,IT CONSULTING SOLUTIONS SINGAPORE PTE. LTD.,System Analyst,"3500,4500"
job-card-17,ACCESS WORLD LOGISTICS (SINGAPORE) PTE. LTD.,System Analyst,Salary undisclosed
job-card-18,SOUPERFOODS PTE. LTD.,System Analyst,"2500,3500"
job-card-19,TELEKOMUNIKASI INDONESIA INTERNATIONAL PTE. LTD.,System Analyst,Salary undisclosed
job-card-0,ICON OUTSOURCING,System Analyst,"6500,8000"
job-card-1,THE SUPREME HR ADVISORY PTE. LTD.,IT System Analyst,"3000,4000"
job-card-2,ZENITH INFOTECH (S) PTE LTD.,System Analyst,"5200,6500"
job-card-3,ZENITH INFOTECH (S) PTE LTD.,System Analyst,"5500,6600"
job-card-4,EPS COMPUTER SYSTEMS PTE LTD,System Analyst,"5800,6500"
job-card-5,NANYANG TECHNOLOGICAL UNIVERSITY,Analyst Programmer  /  System Analyst (Computer Services Centre)\,via Recruiter
job-card-6,TOSS-EX PTE. LTD.,System Analyst,"4500,5500"
job-card-7,STARHUB LTD.,Principal System Analyst,Salary undisclosed
job-card-8,Company Undisclosed,FINANCIAL SYSTEM  ANALYST,via Recruiter
job-card-9,FINSURGE PTE. LTD.,System Analyst,"3000,4250"
job-card-10,OVERSEA-CHINESE BANKING CORPORATION LIMITED,System Analyst (Internet Banking),"6500,9000"
job-card-11,SINGAPORE EPSON INDUSTRIAL PTE. LTD.,System Analyst,"3000,4000"
job-card-12,TOTAL EBIZ SOLUTIONS PTE. LTD.,System Analyst,"5000,6500"
job-card-13,OVERSEA-CHINESE BANKING CORPORATION LIMITED,System Analyst - SICS (6-months contract),"5000,10000"
job-card-14,SINGAPORE AIRLINES LIMITED,Flight Operations - System Analyst (Crew Management Systems),"3200,6400"
job-card-15,TOTAL EBIZ SOLUTIONS PTE. LTD.,System Analyst,"5500,7000"
job-card-16,IT CONSULTING SOLUTIONS SINGAPORE PTE. LTD.,System Analyst,"3500,4500"
job-card-17,ACCESS WORLD LOGISTICS (SINGAPORE) PTE. LTD.,System Analyst,Salary undisclosed
job-card-18,SOUPERFOODS PTE. LTD.,System Analyst,"2500,3500"
job-card-19,TELEKOMUNIKASI INDONESIA INTERNATIONAL PTE. LTD.,System Analyst,Salary undisclosed
job-card-0,FLINTEX CONSULTING PTE. LTD.,System Analyst (LAMP),"3500,4000"
job-card-1,PARKWAY HOSPITALS SINGAPORE PTE. LTD.,Senior System Analyst,Salary undisclosed
job-card-2,HELIUS TECHNOLOGIES PTE. LTD.,System Analyst / Developer,"5500,7000"
job-card-3,NUVISTA TECHNOLOGIES PTE. LTD.,Senior System Analyst,"7000,8500"
job-card-4,Company Undisclosed,Business System Analyst,via Recruiter
job-card-5,THE SUPREME HR ADVISORY PTE. LTD.,System Analyst [WMS],"3000,4000"
job-card-6,OVERSEA-CHINESE BANKING CORPORATION LIMITED,Senior System Analyst – (Corporate Loan Origination  /  Collateral Management Processing),"7000,10000"
job-card-7,OVERSEA-CHINESE BANKING CORPORATION LIMITED,IT Application Services (Payment & Channel Services) - Senior System Analyst,"7000,10000"
job-card-8,STONE FOREST ACCOUNTSERVE PTE LTD,Senior .NET Developer  /  Senior System Analyst,"4000,5000"
job-card-9,EPS COMPUTER SYSTEMS PTE LTD,Business System Analyst,"4500,7000"
job-card-10,WEB PROFESSIONAL HOUSE PTE LTD,System Analyst,"3000,5000"
job-card-11,INFOGAIN SOLUTIONS PTE. LIMITED,System Analyst,"5400,6700"
job-card-12,Institute of Technical Education,System Analyst - Integrated E-Services,"2500,5000"
job-card-13,METEORITE INFORMATICS PTE. LTD.,System Analyst,"5500,8000"
job-card-14,ONELINK HR CONSULTANCY PTE. LTD.,Business System Analyst,"3000,5000"
job-card-15,SP TELECOMMUNICATIONS PTE LTD,System Analyst,"5500,8500"
job-card-16,HYDROGEN CONSULTING SOLUTIONS PTE. LTD.,Senior System Analyst,Recruiter
job-card-17,WEB PROFESSIONAL HOUSE PTE LTD,Information System Analyst,"3000,5000"
job-card-18,PARKWAY HOSPITALS SINGAPORE PTE. LTD.,System Analyst,"2000,4000"
job-card-19,Company Undisclosed,Business System Analyst,via Recruiter
job-card-0,PAN-UNITED CORPORATION LTD.,System Analyst,"3000,4500"
job-card-1,PAN-UNITED CONCRETE PTE LTD,System Analyst,"2500,5000"
job-card-2,CANON SINGAPORE PTE. LTD.,System Analyst,"2000,3500"
job-card-3,APAR TECHNOLOGIES PTE. LTD.,Senior System Analyst,"6500,9000"
job-card-4,TOTAL EBIZ SOLUTIONS PTE. LTD.,System Analyst,"5200,6200"
job-card-5,OPTIMUM SOLUTIONS (SINGAPORE) PTE LTD,System Analyst (Business Inteligence),"5500,7000"
job-card-6,EMERIO GLOBESOFT PTE. LTD.,Business System Analyst,"5500,8000"
job-card-7,WEB PROFESSIONAL HOUSE PTE LTD,Senior System Analyst,"4500,7500"
job-card-8,APAR TECHNOLOGIES PTE. LTD.,Information System Analyst,"6000,9000"
job-card-9,STARHUB LTD.,Senior System Analyst,Salary undisclosed
job-card-10,PARKWAY HOSPITALS SINGAPORE PTE. LTD.,System Analyst,"2000,4000"
job-card-11,UTAC MANUFACTURING SERVICES SINGAPORE PTE. LTD.,Principal / Senior System Analyst,"4500,6500"
job-card-12,PAN-UNITED CORPORATION LTD.,System Analyst,"3000,4500"
job-card-13,PAN-UNITED CONCRETE PTE LTD,System Analyst,"2500,5000"
job-card-14,SINGAPORE TELECOMMUNICATIONS LIMITED,HR System Analyst,"4000,8000"
job-card-15,FPT SOFTWARE SOLUTIONS ASIA PACIFIC PTE. LTD.,System Analyst – Siebel,"5000,7000"
job-card-16,PANASONIC ASIA PACIFIC PTE. LTD.,System Analyst,"3000,5000"
job-card-17,RESORTS WORLD AT SENTOSA PTE. LTD.,"Procurement System Analyst, IT Applications","4000,7500"
job-card-18,SOLDERFIELD PTE LTD,Senior Application Developer / System Analyst,"4000,6800"
job-card-19,CORESTAFF PTE. LTD.,Software Engineer,"2800,4500"
job-card-0,Company Undisclosed,Senior System Analyst,Salary undisclosed
job-card-1,Company Undisclosed,Senior System Analyst (Ref 19631),"3000,6000"
job-card-2,Company Undisclosed,Business System Analyst (Ref 22495),"3500,7000"
job-card-3,Company Undisclosed,System Analyst,"4500,6500"
job-card-4,Company Undisclosed,Business System Analyst - Pega (Ref 22210),"3500,7000"
job-card-5,Company Undisclosed,SAP SD,"3000,5500"
job-card-6,Company Undisclosed,Senior Consultant (Application) (Ref 22165),"4000,8000"
