job-card-0,IOTALENTS PTE. LTD.,Senior IT Consultant (SAP FI / CO & COPA),"7000,9000"
job-card-1,INFOCHOLA SOLUTIONS PTE. LTD.,IT Consultant,"2500,4000"
job-card-2,KRIS INFOTECH PTE. LTD.,IT Consultant (EBS),"7000,8500"
job-card-3,THE SUPREME HR ADVISORY PTE. LTD.,it consultant,"2300,3000"
job-card-4,UST GLOBAL (SINGAPORE) PTE. LIMITED,IT Consultant,"6000,8000"
job-card-5,SEARCH INDEX PTE. LTD.,IT Consultant,"70000,85000"
job-card-6,BEYONDEDGE PTE. LTD.,Senior IT Consultant,"3000,4500"
job-card-7,IOTALENTS PTE. LTD.,Senior IT Consultant (SAP FICO),"7000,9000"
job-card-8,AVANTUS TRAINING PRIVATE LIMITED,IT Consultant Trainer,"3000,5000"
job-card-9,TALENT STORK PTE. LTD.,"Recruitment Consultant, IT","1800,4000"
job-card-10,SAP ASIA PTE. LTD.,IT Technology Consultant - Workplace Delivery,"5000,10000"
job-card-11,THE SUPREME HR ADVISORY PTE. LTD.,Sales Consultant (IT Sales),"3000,4000"
job-card-12,AMAZON WEB SERVICES SINGAPORE PRIVATE LIMITED,Returning IT Professionals: Cloud Consultant,Salary undisclosed
job-card-13,SCIENTE INTERNATIONAL PTE. LTD.,Associate IT Recruitment Consultant,Salary undisclosed
job-card-14,SCIENTE INTERNATIONAL PTE. LTD.,Consultant - IT recruitment consulting,Salary undisclosed
job-card-15,XTREMAX PTE. LTD.,IT Security Consultant,"4500,7800"
job-card-16,CAPITA PTE. LTD.,Senior IT Recruitment Consultant,Salary undisclosed
job-card-17,PATH INFOTECH PTE. LTD.,Required Junior IT Security Consultant,"6000,7000"
job-card-18,WEB PROFESSIONAL HOUSE PTE LTD,Associate Consultant (IT),"2500,4500"
job-card-19,THE SUPREME HR ADVISORY PTE. LTD.,Technical Consultant (IT),"3000,4000"
job-card-0,SCIENTE INTERNATIONAL PTE. LTD.,(Lead) Consultant – IT Recruitment Consulting,Salary undisclosed
job-card-1,WEB PROFESSIONAL HOUSE PTE LTD,Senior Consultant (IT),"6000,8000"
job-card-2,WEB PROFESSIONAL HOUSE PTE LTD,Consultant (IT),"4000,6000"
job-card-3,WEB PROFESSIONAL HOUSE PTE LTD,Associate Consultant (IT),"2500,4500"
job-card-4,CANON SINGAPORE PTE. LTD.,Solution Consultant ( Software  / IT),"1700,4000"
job-card-5,NCS PTE. LTD.,"Senior  /  Consultant, IT Security (SOC)","4000,6000"
job-card-6,NCS PTE. LTD.,"Senior  /  Consultant, IT Security (Incident, Configuration & Device Management)","4000,6000"
job-card-7,NCS PTE. LTD.,"Senior  /  Lead Consultant, IT Security (ITSM)","600,8000"
job-card-8,NCS PTE. LTD.,"Senior  /  Consultant, IT Security (ITSO)","4000,6000"
job-card-9,NCS PTE. LTD.,"Senior  /  Lead Consultant, IT Security","6000,8000"
job-card-10,NCS PTE. LTD.,"Senior  /  Consultant, IT Security","4000,6000"
job-card-11,PATH INFOTECH PTE. LTD.,Required IT Security Consultant,"5000,5500"
job-card-12,TRANSFINGO PTE. LTD.,Murex Consultant (Value at Risk),"4500,9000"
job-card-13,TRANSFINGO PTE. LTD.,Murex Consultant (Murex Limit Controller(MLC) ),"4500,9000"
job-card-14,AVANADE ASIA PTE LTD,"Consultant, Solution Development","4000,8000"
job-card-15,SWISS RE ASIA PTE. LTD.,Technical Design Consultant,"6000,12000"
job-card-16,MANPOWER STAFFING SERVICES (SINGAPORE) PTE LTD,ServiceNow Consultant,"8000,11000"
job-card-17,AMAZON WEB SERVICES SINGAPORE PRIVATE LIMITED,Senior DevOps Consultant,"15000,20000"
job-card-18,AMAZON WEB SERVICES SINGAPORE PRIVATE LIMITED,Cloud Technical Account Manager,"12000,15000"
job-card-19,IBIZ CONSULTING SERVICES PTE LTD,Senior Cloud Consultant,"5500,6500"
job-card-0,SCIENTE INTERNATIONAL PTE. LTD.,(Lead) Consultant – IT Recruitment Consulting,Salary undisclosed
job-card-1,WEB PROFESSIONAL HOUSE PTE LTD,Senior Consultant (IT),"6000,8000"
job-card-2,WEB PROFESSIONAL HOUSE PTE LTD,Consultant (IT),"4000,6000"
job-card-3,WEB PROFESSIONAL HOUSE PTE LTD,Associate Consultant (IT),"2500,4500"
job-card-4,CANON SINGAPORE PTE. LTD.,Solution Consultant ( Software  / IT),"1700,4000"
job-card-5,NCS PTE. LTD.,"Senior  /  Consultant, IT Security (SOC)","4000,6000"
job-card-6,NCS PTE. LTD.,"Senior  /  Consultant, IT Security (Incident, Configuration & Device Management)","4000,6000"
job-card-7,NCS PTE. LTD.,"Senior  /  Lead Consultant, IT Security (ITSM)","600,8000"
job-card-8,NCS PTE. LTD.,"Senior  /  Consultant, IT Security (ITSO)","4000,6000"
job-card-9,NCS PTE. LTD.,"Senior  /  Lead Consultant, IT Security","6000,8000"
job-card-10,NCS PTE. LTD.,"Senior  /  Consultant, IT Security","4000,6000"
job-card-11,PATH INFOTECH PTE. LTD.,Required IT Security Consultant,"5000,5500"
job-card-12,TRANSFINGO PTE. LTD.,Murex Consultant (Value at Risk),"4500,9000"
job-card-13,TRANSFINGO PTE. LTD.,Murex Consultant (Murex Limit Controller(MLC) ),"4500,9000"
job-card-14,AVANADE ASIA PTE LTD,"Consultant, Solution Development","4000,8000"
job-card-15,SWISS RE ASIA PTE. LTD.,Technical Design Consultant,"6000,12000"
job-card-16,MANPOWER STAFFING SERVICES (SINGAPORE) PTE LTD,ServiceNow Consultant,"8000,11000"
job-card-17,AMAZON WEB SERVICES SINGAPORE PRIVATE LIMITED,Senior DevOps Consultant,"15000,20000"
job-card-18,AMAZON WEB SERVICES SINGAPORE PRIVATE LIMITED,Cloud Technical Account Manager,"12000,15000"
job-card-19,IBIZ CONSULTING SERVICES PTE LTD,Senior Cloud Consultant,"5500,6500"
job-card-0,EB2BCOM (ASIA PACIFIC) PTE. LTD.,Consultant,"5000,6000"
job-card-1,NITYO 3P SOLUTIONS PTE. LTD.,Middleware Admin Consultant,"6000,7500"
job-card-2,FUTUREX TECHNOLOGIES PTE. LTD.,Service NOW Consultant,"4500,6000"
job-card-3,SMARTSTREAM TECHNOLOGIES (ASIA PACIFIC) PTE LTD,Professional Services Business Consultant,"4500,5500"
job-card-4,VIRTUSA SINGAPORE PRIVATE LIMITED,SENIOR PEGA DEVELOPMENT CONSULTANT,"5200,6500"
job-card-5,CEVA LOGISTICS SINGAPORE PTE. LTD.,IT Solution Lead,"4500,9000"
job-card-6,KRIS INFOTECH PTE. LTD.,IT Operator,"2000,2800"
job-card-7,SINGAPORE AIRLINES LIMITED,Technology Development Executive,"2700,5400"
job-card-8,SINGAPORE POST LIMITED,Systems Analyst,"4000,6000"
job-card-9,SINGAPORE AIRLINES LIMITED,Technology Development Executive,"4000,8000"
job-card-10,MINDTREE LIMITED (SINGAPORE BRANCH),Murex Datamart Support,"6000,7500"
job-card-11,AMAZON WEB SERVICES SINGAPORE PRIVATE LIMITED,Sr. IoT Architect,"250000,350000"
job-card-12,CARTRACK TECHNOLOGIES SOUTH EAST ASIA PTE. LTD.,database admin,"5000,10000"
job-card-13,NIBAARA TECHNOLOGIES PTE. LTD.,Datacap - Senior Developer,"5000,6500"
job-card-14,NIBAARA TECHNOLOGIES PTE. LTD.,CRM / Sharepont Lead,"6500,7500"
job-card-15,MINDTREE LIMITED (SINGAPORE BRANCH),Technical Lead,"5500,7500"
job-card-16,BIOQUEST ADVISORY PTE. LTD.,Robotic Process Automation Development Lead,"3000,7000"
job-card-17,INTERNATIONAL APPLICATION SOLUTIONS PTE LTD,Application Support-Java,"5000,6500"
job-card-18,INTERNATIONAL APPLICATION SOLUTIONS PTE LTD,Application Developer- C#.NET with MVC,"4500,6500"
job-card-19,SAP ASIA PTE. LTD.,Senior Database Administrator,"6000,12000"
job-card-0,Company Undisclosed,IT CONSULTANT (WEALTH MANAGEMENT),"4000,8500"
job-card-1,Company Undisclosed,IT SECURITY LEAD CONSULTANT,"6000,12000"
job-card-2,Company Undisclosed,Digital technology Consultant,"8000,10000"
job-card-3,Company Undisclosed,Information Technology Consultant,"7000,9000"
job-card-4,Company Undisclosed,ERP Consultant - SAP (Ref 22174),"2800,5600"
job-card-5,Company Undisclosed,Middleware Consultant (Windows) (Ref 22529),"4000,8000"
job-card-6,Company Undisclosed,Senior  /  Consultant (Mecoms) (Ref 22518),"5000,10000"
job-card-7,Company Undisclosed,Business Technical Consultant (Ref 22486),"3000,6000"
job-card-8,Company Undisclosed,IT Executive,"2500,3000"
