job-card-0,KULICKE & SOFFA PTE. LTD.,"Advanced / Senior / Staff Engineer, MHS Development","4000,7500"
job-card-1,QUALCOMM GLOBAL TRADING PTE. LTD.,"Digital Physical Design Engineer, Power Management IC (Staff Engineer Level)","6800,9500"
job-card-2,QUALCOMM GLOBAL TRADING PTE. LTD.,"Bench Test Engineer, Automotive (Staff Engineer Level)","6500,8500"
job-card-3,AMS SENSORS SINGAPORE PTE. LTD.,Sr  /  Staff Engineer - Control Systems,"4000,6000"
job-card-4,AMS SENSORS SINGAPORE PTE. LTD.,Staff Engineer (Failure Analysis),"4000,6000"
job-card-5,KULICKE & SOFFA PTE. LTD.,Senior  /  Staff Engineer Field Applications,"5000,8000"
job-card-6,JOHNSON & JOHNSON PTE. LTD.,Packaging Innovation Staff Engineer,"5900,10200"
job-card-7,INFINEON TECHNOLOGIES ASIA PACIFIC PTE LTD,Senior Staff Engineer - System Concept,"7000,13000"
job-card-8,KULICKE & SOFFA PTE. LTD.,"Senior  /  Staff Engineer, Mechanical","4000,6000"
job-card-9,KULICKE & SOFFA PTE. LTD.,"Advanced  /  Senior  /  Staff Engineer, Software (System)","3500,9000"
job-card-10,VISA WORLDWIDE PTE. LIMITED,Staff SW Engineer,"8000,10500"
job-card-11,AMS SENSORS SINGAPORE PTE. LTD.,Staff Process Engineer,"4000,6000"
job-card-12,INFINEON TECHNOLOGIES ASIA PACIFIC PTE LTD,Staff  /  Senior Engineer - Product Engineering IC,"5000,10000"
job-card-13,UNITED MICROELECTRONICS CORPORATION (SINGAPORE BRANCH),Senior Process Engineer  /  Staff Engineer,"4500,6500"
job-card-14,EPS COMPUTER SYSTEMS PTE LTD,Desktop Support Engineer Staff,"2500,3500"
job-card-15,VISA WORLDWIDE PTE. LIMITED,Staff SW Engineer,"8000,10500"
job-card-16,SABRE INFORMATION SERVICES PTE LTD,Staff Software Engineer,"2000,4000"
job-card-17,CONEXUS PTE. LTD.,Staff Software Engineer,"3500,5000"
job-card-18,BROCADE COMMUNICATIONS SINGAPORE PTE. LTD.,Staff Software Engineer,"6000,9000"
job-card-19,EQUINIX ASIA PACIFIC PTE. LTD.,Staff Software Engineer,"7000,8500"
job-card-0,BROCADE COMMUNICATIONS SINGAPORE PTE. LTD.,Principal Software Engineer,"7000,10000"
job-card-0,BROCADE COMMUNICATIONS SINGAPORE PTE. LTD.,Principal Software Engineer,"7000,10000"
