job-card-0,ORACLE CORPORATION SINGAPORE PTE LTD,Programmer Analyst,"7800,15600"
job-card-1,DXC TECHNOLOGY SINGAPORE PTE. LTD.,Senior Professional Programmer Analyst (1-year contract),"4650,7000"
job-card-2,CITIBANK N.A.,Applications Development Senior Programmer Analyst KYC 18043165,"8000,11000"
job-card-3,FIS TECHNOLOGY SERVICES SINGAPORE PTE. LTD.,"Programmer Analyst, Specialist","3000,6000"
job-card-4,CITIBANK N.A.,O&T - Applications Development Senior Programmer Analyst KYC - 18043165,"6666,11208"
job-card-5,CITIBANK N.A.,O&T - Apps Dev Sr. Programmer Analyst - 18035728,"6666,11208"
job-card-6,PEOPLEBANK SINGAPORE PTE. LTD.,Senior Analyst Programmer / Lead (.Net),"6000,8000"
job-card-7,CITIBANK N.A.,O&T - Applications Development Senior Analyst Programmer - 18024110,"6666,11208"
job-card-8,Company Undisclosed,Senior Data Scientist - R / Python,via Recruiter
job-card-9,Company Undisclosed,Senior Analyst Programmer,"5800,6800"
job-card-10,Company Undisclosed,DotNetTeam Lead (Ref 22492),"4000,8000"
