job-card-0,PERSONNEL LINK JOBHUB PTE. LTD.,Firmware Engineer / Hardware Devt (Urgent / European MNC / C Programming / Sembawang / $5500+),"4000,6000"
job-card-1,SATO GLOBAL BUSINESS SERVICES PTE. LTD.,Firmware Engineer,Salary undisclosed
job-card-2,STRUCTO PTE. LTD.,Firmware Engineer,"4000,6500"
job-card-3,HPS PARTNERS PTE. LTD.,Senior Principal R&D Firmware Engineer,"6000,12000"
job-card-4,D&K ENGINEERING PTE. LTD.,Principal  /  Senior  /  Firmware Engineer,"5000,6000"
job-card-5,SPACEAGE LABS PTE. LTD.,Senior Firmware Engineer,"4000,5000"
job-card-6,HPS PARTNERS PTE. LTD.,DSP Firmware Engineer,Recruiter
job-card-7,HPS PARTNERS PTE. LTD.,Embedded Software / Firmware Engineer,Recruiter
job-card-8,HPS PARTNERS PTE. LTD.,Protocol Firmware Engineer,Recruiter
job-card-9,KEYSIGHT TECHNOLOGIES SINGAPORE (HOLDINGS) PTE. LTD.,R&D Firmware Engineer,"4808,8013"
job-card-10,MIYOSHI LIMITED,Firmware & Electronics Engineer,"4000,5000"
job-card-11,JABIL CIRCUIT (SINGAPORE) PTE. LTD.,Sr / Design Engineer (Test Development – Firmware),"3300,5500"
job-card-12,VENTURE CORPORATION LIMITED,"Senior Principal Engineer, R & D (Firmware)","8000,12000"
job-card-13,BEYONDSOFT INTERNATIONAL (SINGAPORE) PTE. LTD.,Firmware Test Engineer,"5000,6500"
job-card-14,STMICROELECTRONICS ASIA PACIFIC PTE LTD,Firmware Design Engineer (JR 188638),"3800,5500"
job-card-15,HEWLETT PACKARD ENTERPRISE SINGAPORE PTE. LTD.,Software Engineer Firmware,"3600,5500"
job-card-16,HEWLETT PACKARD ENTERPRISE SINGAPORE PTE. LTD.,Software Engineer Firmware,"3600,5500"
job-card-17,THE SUPREME HR ADVISORY PTE. LTD.,Software Engineer (C++ / VB / Java / C# / ASP / SQL / Python / Linux),"2500,5000"
job-card-18,GT DOLLAR PTE. LTD.,software engineer,"3300,7000"
job-card-19,THE SUPREME HR ADVISORY PTE. LTD.,Software Engineer,"4000,6000"
job-card-0,Company Undisclosed,NVE SSD Senior Firmware Engineer,"4000,8000"
job-card-1,Company Undisclosed,SSD Senior Firmware Engineer,"3400,6800"
job-card-2,Company Undisclosed,Firmware Engineer,"4000,8000"
job-card-3,Company Undisclosed,SSD Senior Firmware Development Engineer,"4500,9000"
job-card-4,Company Undisclosed,Senior Engineer (Microelectronics & Firmware Development)  /  NBL (A*STAR),"4500,6800"
job-card-0,Company Undisclosed,NVE SSD Senior Firmware Engineer,"4000,8000"
job-card-1,Company Undisclosed,SSD Senior Firmware Engineer,"3400,6800"
job-card-2,Company Undisclosed,Firmware Engineer,"4000,8000"
job-card-3,Company Undisclosed,SSD Senior Firmware Development Engineer,"4500,9000"
job-card-4,Company Undisclosed,Senior Engineer (Microelectronics & Firmware Development)  /  NBL (A*STAR),"4500,6800"
