job-card-0,DAVID & GOLIATH PTE. LTD.,"TOGAF Application Architect (Enterprise Architecture Office, Mobility, Cloud, API)","5000,10000"
job-card-1,SCIENTE INTERNATIONAL PTE. LTD.,Application Architect (JD#4440),Recruiter
job-card-2,INTERNATIONAL APPLICATION SOLUTIONS PTE LTD,Mobile Application Architect,"7300,9400"
job-card-3,PALO IT SINGAPORE PTE. LTD.,Senior Application Architect - Lead / Senior Developer,"6000,12000"
job-card-4,PALO IT SINGAPORE PTE. LTD.,Senior Application Architect - Lead / Senior Developer,"6000,12000"
job-card-5,LIQUID GROUP PTE. LTD.,Application Architect,"10000,15000"
job-card-6,DANIEL WIRELESS SOFTWARE PTE. LTD.,Senior Mobile Application Developer / Architect,"4000,6000"
job-card-7,IBM GLOBAL SERVICES PTE. LTD.,Mobile Architect,"8000,11000"
job-card-8,SALESFORCE.COM SINGAPORE PTE. LTD.,Program Architect,"8000,15000"
job-card-9,PACTERA SINGAPORE PTE. LTD.,*Solution Architect,"7500,12000"
job-card-10,ON DEMAND AGILITY SOLUTIONS PTE. LTD.,Java Architect /  Solution Architect,"6500,7500"
job-card-11,DIRECT ASIA MANAGEMENT SERVICES PTE. LTD.,Application Developer,"5000,9000"
job-card-12,EPS COMPUTER SYSTEMS PTE LTD,IT Solution Architect,Salary undisclosed
job-card-13,A-IT SOFTWARE SERVICES PTE LTD,Solution Engineer,"6500,13000"
job-card-14,HELIUS TECHNOLOGIES PTE. LTD.,SME (Mobile Application),"7000,9500"
job-card-15,Company Undisclosed,Application Architect (Ref 21789),"4000,8000"
job-card-16,Company Undisclosed,Digital Devops Architect,"9000,10000"
