job-card-0,BAO HE IMMIGRATION SPECIALIST PTE. LTD.,Senior Digital Marketing Specialist  /  Executive,"2500,3500"
job-card-1,OVERSEA-CHINESE BANKING CORPORATION LIMITED,Financial Protection Specialist,"3000,3500"
job-card-2,FOUR SEASONS HOTELS AND RESORTS ASIA PACIFIC PTE LTD,REGIONAL GUEST RECOGNITION SPECIALIST,"2000,3500"
job-card-3,MSD INTERNATIONAL GMBH (SINGAPORE BRANCH),"Senior Specialist, Quality Assurance IT","8000,14000"
job-card-4,RANDSTAD PTE. LIMITED,Driver  /  Automotive Specialist (Class 4 Licence),"2000,2500"
job-card-5,MSD INTERNATIONAL GMBH (SINGAPORE BRANCH),"Senior Specialist, Quality Assurance IT","8000,14000"
job-card-6,UPS ASIA GROUP PTE. LTD.,Program Management – Management Specialist,"3697,4929"
job-card-7,CARNIVAL PLC (SINGAPORE BRANCH),HR Compensation Specialist,Salary undisclosed
job-card-8,CKM CONSULTANTS PTE LTD,Taxiway / Pavement Specialist,"4500,6000"
job-card-9,FORRESTER SINGAPORE PTE. LTD.,Senior Marketing Specialist,Salary undisclosed
job-card-10,DESIGN PRODIGY PTE. LTD.,PAID MEDIA SPECIALIST,"3000,6000"
job-card-11,ACCENTURE PTE LTD,Program Management Specialist,"8000,14000"
job-card-12,VWR SINGAPORE PTE. LTD.,Sales Support Specialist,Salary undisclosed
job-card-13,AUDIENCE ON DEMAND,Campaign Specialist,"3000,6000"
job-card-14,PACE O.D. CONSULTING PTE. LTD.,Marketing Specialist,"2500,3500"
job-card-15,SIEMENS HEALTHCARE PTE. LTD.,"Regional Diagnostics Informatics Specialist, Asia Pacific (68010)","4000,7000"
job-card-16,MSD INTERNATIONAL GMBH (SINGAPORE BRANCH),"Specialist, Business / Tech. Analysis",Salary undisclosed
job-card-17,GROUPM SINGAPORE PTE. LTD.,Technical Trading Specialist,"3500,6500"
job-card-18,HCL SINGAPORE PTE. LTD.,Divisional Risk and Control Specialist,Salary undisclosed
job-card-19,XILINX ASIA PACIFIC PTE. LTD.,Order Fulfilment Specialist,"2100,3000"
job-card-0,EXCEL LEAGUE PTE. LTD.,Digital Media Marketing and Events Specialist,"2400,3000"
job-card-1,MICROSOFT REGIONAL SALES CORPORATION,Solution Specialist,"9000,12000"
job-card-2,GOOGLE ASIA PACIFIC PTE. LTD.,"Inside Sales Specialist, Media, Google Cloud (English) - Singapore","5150,8583"
job-card-3,ACCENTURE PTE LTD,ServiceNow Technical Specialist,"6000,10000"
job-card-4,CROWN WORLDWIDE PTE LTD,Billing Specialist,Salary undisclosed
job-card-5,RAKUTEN ASIA PTE. LTD.,Network Development Specialist – CN / HK and TW,"3800,7000"
job-card-6,Ministry of Manpower,"Specialist, Occupational Hygiene (Occupational Safety and Health Division) - Contract",Salary undisclosed
job-card-7,"DOW JONES AER COMPANY, INC. (SINGAPORE BRANCH)",Content Operations Specialist,"3300,3600"
job-card-8,DIGITAS SINGAPORE,Paid Media Specialist,Salary undisclosed
job-card-9,GOOGLE ASIA PACIFIC PTE. LTD.,Display Advertising Specialist - Singapore,"11150,18583"
job-card-10,GOOGLE ASIA PACIFIC PTE. LTD.,"Policy Escalation Specialist, YouTube (English, Chinese) - Singapore","4565,7608"
job-card-11,AMAZON ASIA-PACIFIC HOLDINGS PRIVATE LIMITED,Investigation Specialist,"4166,6250"
job-card-12,GOOGLE ASIA PACIFIC PTE. LTD.,"Video Support Specialist, Global Customer Care, Google Technical Services - Singapore","4900,9800"
job-card-13,GOOGLE ASIA PACIFIC PTE. LTD.,Android Enterprise Platform Specialist - Singapore,"14910,29820"
job-card-14,ALMAC PHARMACEUTICAL SERVICES PTE. LTD.,Project Specialist,Salary undisclosed
job-card-15,LION TCR PTE. LTD.,Production Specialist,"3000,3500"
job-card-16,LION TCR PTE. LTD.,Quality Control Specialist,"3000,3500"
job-card-17,WILLIAMS-SONOMA SINGAPORE PTE. LTD.,Order Management Specialist,"2600,3000"
job-card-18,ARVATO DIGITAL SERVICES PTE. LTD.,Transactional Specialist,"2200,2400"
job-card-19,GOOGLE ASIA PACIFIC PTE. LTD.,"Technical Specialist, Ads, Google Technical Services - Singapore","6750,13500"
job-card-0,EXCEL LEAGUE PTE. LTD.,Digital Media Marketing and Events Specialist,"2400,3000"
job-card-1,MICROSOFT REGIONAL SALES CORPORATION,Solution Specialist,"9000,12000"
job-card-2,GOOGLE ASIA PACIFIC PTE. LTD.,"Inside Sales Specialist, Media, Google Cloud (English) - Singapore","5150,8583"
job-card-3,ACCENTURE PTE LTD,ServiceNow Technical Specialist,"6000,10000"
job-card-4,CROWN WORLDWIDE PTE LTD,Billing Specialist,Salary undisclosed
job-card-5,RAKUTEN ASIA PTE. LTD.,Network Development Specialist – CN / HK and TW,"3800,7000"
job-card-6,Ministry of Manpower,"Specialist, Occupational Hygiene (Occupational Safety and Health Division) - Contract",Salary undisclosed
job-card-7,"DOW JONES AER COMPANY, INC. (SINGAPORE BRANCH)",Content Operations Specialist,"3300,3600"
job-card-8,DIGITAS SINGAPORE,Paid Media Specialist,Salary undisclosed
job-card-9,GOOGLE ASIA PACIFIC PTE. LTD.,Display Advertising Specialist - Singapore,"11150,18583"
job-card-10,GOOGLE ASIA PACIFIC PTE. LTD.,"Policy Escalation Specialist, YouTube (English, Chinese) - Singapore","4565,7608"
job-card-11,AMAZON ASIA-PACIFIC HOLDINGS PRIVATE LIMITED,Investigation Specialist,"4166,6250"
job-card-12,GOOGLE ASIA PACIFIC PTE. LTD.,"Video Support Specialist, Global Customer Care, Google Technical Services - Singapore","4900,9800"
job-card-13,GOOGLE ASIA PACIFIC PTE. LTD.,Android Enterprise Platform Specialist - Singapore,"14910,29820"
job-card-14,ALMAC PHARMACEUTICAL SERVICES PTE. LTD.,Project Specialist,Salary undisclosed
job-card-15,LION TCR PTE. LTD.,Production Specialist,"3000,3500"
job-card-16,LION TCR PTE. LTD.,Quality Control Specialist,"3000,3500"
job-card-17,WILLIAMS-SONOMA SINGAPORE PTE. LTD.,Order Management Specialist,"2600,3000"
job-card-18,ARVATO DIGITAL SERVICES PTE. LTD.,Transactional Specialist,"2200,2400"
job-card-19,GOOGLE ASIA PACIFIC PTE. LTD.,"Technical Specialist, Ads, Google Technical Services - Singapore","6750,13500"
job-card-0,EASYVAN (SG) PTE. LTD.,Digital Marketing Specialist,via Recruiter
job-card-1,EASYVAN (SG) PTE. LTD.,Digital Marketing Specialist,Salary undisclosed
job-card-2,ADROIT HR PROFESSIONAL PTE. LTD.,(Japanese Speaking) Web Merchandiser /  eCommerce Marketing Specialist /  Digital Online Marketing- IT,Salary undisclosed
job-card-3,GOOGLE ASIA PACIFIC PTE. LTD.,"Shopping Specialist, Global Customer Care, Google Technical Services - Singapore","4000,8000"
job-card-4,BCD TRAVEL ASIA PACIFIC PTE. LTD.,Bid Specialist,"5000,6000"
job-card-5,MICROSOFT REGIONAL SALES CORPORATION,Big Compute Solution Specialist,"9000,15000"
job-card-6,LEGO SINGAPORE PTE. LTD.,Accounts Payable Specialist,"59000,118000"
job-card-7,CAROUSELL PTE. LTD.,IT Specialist,"3000,6000"
job-card-8,CAR CLUB PTE. LTD.,Freelance Social Media Specialist,"2000,2500"
job-card-9,AIRBNB SINGAPORE PRIVATE LIMITED,Customer Experience Social Media Specialist,"2290,4300"
job-card-10,CONVERTIUM PTE LTD,Quality Assurance Specialist,Salary undisclosed
job-card-11,WOODPECKER ASIA TECH PTE. LTD.,Regional Product Specialist,Salary undisclosed
job-card-12,YING PTE. LTD.,PR Specialist,"2700,3500"
job-card-13,EXCEL LEAGUE PTE. LTD.,Regional Operations Specialist,"2400,4000"
job-card-14,GOOGLE ASIA PACIFIC PTE. LTD.,"Policy Specialist, Global Product Policy, Trust and Safety - Singapore","7000,10000"
job-card-15,PIGEONLAB PTE. LTD.,Content Marketing Specialist,"2500,4500"
job-card-16,AMAZON ASIA-PACIFIC HOLDINGS PRIVATE LIMITED,Translation Specialist (English to Traditional Chinese - TW),"5000,6250"
job-card-17,AMAZON ASIA-PACIFIC HOLDINGS PRIVATE LIMITED,Translation Specialist - KO,"5000,6250"
job-card-18,SINGAPORE TELECOMMUNICATIONS LIMITED,Integration Development Specialist,"6000,9000"
job-card-19,ARGENTRA SOLUTIONS PTE. LTD.,Customer Sales Support Specialist,"2000,3000"
job-card-0,Company Undisclosed,Lead IT Security Specialist,via Recruiter
job-card-1,"GENERAL ELECTRIC INTERNATIONAL, INC.",Channel Program Specialist - ASEAN,Recruiter
job-card-2,A*STAR RESEARCH ENTITIES,"Specialist /  Senior Specialist (LCAM,A*STAR)18 / SCEI / 0027","3400,6800"
job-card-3,THE SUPREME HR ADVISORY PTE. LTD.,Logistics Specialist,"3300,4000"
job-card-4,HI-P INTERNATIONAL LIMITED,Program Sourcing Specialist,Salary undisclosed
job-card-5,SINGAPORE TELECOMMUNICATIONS LIMITED,Network Specialist,"4000,6500"
job-card-6,STANDARD CHARTERED BANK (SINGAPORE) LIMITED,Insurance Specialist,"5000,7500"
job-card-7,OFFICE SECRETARIES PTE. LTD.,Digital Marketing Specialist,"4500,6000"
job-card-8,LANDON VETERINARY SPECIALISTS PTE. LTD.,Veterinary Internal Medicine Specialist,"7000,10000"
job-card-9,ACALUTION PTE. LTD.,Talent Acquisition Specialist,"3000,5000"
job-card-10,GECO ASIA PTE. LTD.,Senior SAP Specialist in Singapore,Recruiter
job-card-11,TECHMASTERS MATRIX PTE. LTD.,Algorithm Specialist,Salary undisclosed
job-card-12,ADROIT HR PROFESSIONAL PTE. LTD.,e-Commerce  /  Fintech; Corporate Support Consultant  /  Business Support Specialist - Worldpay,Salary undisclosed
job-card-13,PALO ALTO NETWORKS (SINGAPORE) PTE. LTD.,Regional Channel Engagement Specialist,"67000,100000"
job-card-14,STANDARD CHARTERED BANK,Payroll Specialist – Group Processes,"4500,9000"
job-card-15,ADROIT HR PROFESSIONAL PTE. LTD.,(Japanese Speaking) Web Merchandiser /  eCommerce Marketing Specialist /  Digital Online Marketing- IT,Salary undisclosed
job-card-16,ADROIT HR PROFESSIONAL PTE. LTD.,Accounts Receivable Collections Analyst / Credit & Collection Specialist (Japanese Speaking) -IT MNC,Salary undisclosed
job-card-17,ASPIRE GLOBAL NETWORK PTE. LTD.,Trading Specialist,Recruiter
job-card-18,STARHUB LTD.,IT Audit & GRC Support Specialist,Salary undisclosed
job-card-19,AMAZON ASIA-PACIFIC HOLDINGS PRIVATE LIMITED,Translation Specialist (German - Simplified Chinese),"5000,6250"
job-card-0,XTREMAX PTE. LTD.,Helpdesk Specialist,"1800,2300"
job-card-1,RAZER (ASIA-PACIFIC) PTE. LTD.,DIgital Channels Specialist,"4200,6000"
job-card-2,DAVID & GOLIATH PTE. LTD.,"Specialist (Data Strategy, Governance, Data Quality - Internal Audit, Ops Risk) - perm in Banking","6250,12500"
job-card-3,ZENITH INFOTECH (S) PTE LTD.,IT Specialist,"5000,6500"
job-card-4,ZENITH INFOTECH (S) PTE LTD.,Network Specialist,"5000,6500"
job-card-5,SIEMENS HEALTHCARE PTE. LTD.,"Solution Implementation (SI) Application Specialist, Atellica Solution (68011)","5000,8000"
job-card-6,SCOOT TIGERAIR PTE. LTD.,"Specialist / Senior Specialist, CRM","2500,4500"
job-card-7,ADROIT HR PROFESSIONAL PTE. LTD.,Accounts Receivable Collections Analyst / Credit & Collection Specialist (Japanese Speaking) -IT MNC,Salary undisclosed
job-card-8,BEIN SPORTS ASIA PTE. LIMITED,"Specialist, Partner Marketing","3000,5000"
job-card-9,GOVERNMENT TECHNOLOGY AGENCY,Infrastructure Security Specialist (Cloud),Salary undisclosed
job-card-10,UBS AG,Accounting Control Regulatory Reporting Governance Policy Specialist,"140000,210000"
job-card-11,GOOGLE ASIA PACIFIC PTE. LTD.,"APAC Deal Governance and Compliance Specialist, Marketing - Singapore","12495,20825"
job-card-12,CITIBANK N.A.,O&T - Infrastructure Technical Specialist (Cloud Analytics) - 17072163,"10000,17500"
job-card-13,TENX PTE. LTD.,IT Specialist,"3500,5000"
job-card-14,AXA INSURANCE PTE. LTD.,"Specialist, Digital Commerce (12 Months Contract)","2600,4000"
job-card-15,KNOREX PTE. LTD.,Enterprise Solution Specialist,"3300,4500"
job-card-16,APPLE SOUTH ASIA PTE. LTD.,Order Fulfilment Specialist,"4100,8200"
job-card-17,APPLE SOUTH ASIA PTE. LTD.,Order Fulfilment Specialist,"3500,7000"
job-card-18,SAIRA PTE. LTD.,Digital Marketing specialist,"1500,3000"
job-card-19,ADECCO PERSONNEL PTE LTD,DevOps application deployment specialist,"3000,6000"
job-card-0,KERRY CONSULTING PTE. LTD.,Tax Specialist (Technology;30% travel),Recruiter
job-card-1,ATTILA CYBERTECH PTE. LTD.,ICS Cyber Security Specialist,"3500,5500"
job-card-2,SAIRA PTE. LTD.,Digital marketing and sales specialist,"1500,2500"
job-card-3,TRIPADVISOR SINGAPORE PRIVATE LIMITED,Content Specialist,"3800,5000"
job-card-4,MICROSOFT REGIONAL SALES CORPORATION,Azure Stack Solution Specialist - Partner,"9000,15000"
job-card-5,A*STAR RESEARCH ENTITIES,Assistant Laboratory Specialist (RSC),"1000,2000"
job-card-6,HELIX LEISURE PTE. LTD.,Sales Specialist,"5000,7000"
job-card-7,STMICROELECTRONICS ASIA PACIFIC PTE LTD,"Senior Specialist, Procurement (Our Ref JR 188318-1A)","5500,8500"
job-card-8,HELIX LEISURE PTE. LTD.,Sales Specialist,"4000,5500"
job-card-9,AMAZON WEB SERVICES SINGAPORE PRIVATE LIMITED,SPECIALIST SOLUTION ARCHITECT,"120000,250000"
job-card-10,PKF-CAP CORPORATE SERVICES PTE. LTD.,Technical Specialist,Recruiter
job-card-11,AMAZON WEB SERVICES SINGAPORE PRIVATE LIMITED,SPECIALIST SOLUTION ARCHITECT,"120000,300000"
job-card-12,ZUELLIG PHARMA SPECIALTY SOLUTIONS GROUP PTE. LTD.,Client Service Specialist (One Year Contract),Salary undisclosed
job-card-13,AGILENT TECHNOLOGIES SINGAPORE (SALES) PTE. LTD.,Indent Sales Business Operations Specialist,via Recruiter
job-card-14,Singapore Land Authority,"Senior / Principal GeoSpatial Specialist, GeoTag","2800,6500"
job-card-15,CONNECT ENERGY SERVICES PTE. LTD.,"Application Support Specialist, APAC",Salary undisclosed
job-card-16,CLARIANT (SINGAPORE) PTE. LTD.,Customer Service Specialist,"2800,4000"
job-card-17,SUPERNOVA PTE. LTD.,Logistics Specialist (Freight),"3000,5000"
job-card-18,LUCASFILM ANIMATION COMPANY SINGAPORE B.V.,Desktop Systems Specialist,"3600,5500"
job-card-19,KELLY SERVICES (SINGAPORE) PTE. LTD.,Digital Customer Experience Specialist,"3500,4500"
