job-card-0,RADHA EXPORTS PTE. LTD.,System Administrator,"3000,4500"
job-card-1,SINGAPORE COMPUTER GUYS PTE. LTD.,IT Helpdesk System Administrator,"2500,3500"
job-card-2,KELLY SERVICES (SINGAPORE) PTE. LTD.,Senior System Administrator,"5000,8000"
job-card-3,EDUQUEST INTERNATIONAL INSTITUTE PTE. LTD.,System Administrator,Salary undisclosed
job-card-4,ADVANCED & BEST PLACEMENTS PTE. LTD.,IT System Administrator,"3500,4500"
job-card-5,SYMMETRIC PAYMENTS & INTEGRATION PTE. LTD.,Network Administrator  /  System Administrator,"4000,5000"
job-card-6,INTERNATIONAL APPLICATION SOLUTIONS PTE LTD,Windows System Administrator,"4500,6500"
job-card-7,SEARCH PERSONNEL PRIVATE LIMITED,System Administrator,Recruiter
job-card-8,BLACKROCK ADVISORS SINGAPORE PTE. LTD.,Analyst - Unix System Administrator,"6000,8000"
job-card-9,NITYO INFOTECH SERVICES PTE. LTD.,Unix System Administrator,"3500,3800"
job-card-10,BLACKROCK ADVISORS SINGAPORE PTE. LTD.,Windows / VMware System Administrator,"7500,9500"
job-card-11,BANKING COMPUTER SERVICES PRIVATE LIMITED,Senior  /  System Administrator,"3000,7000"
job-card-12,METEORITE INFORMATICS PTE. LTD.,System Administrator,"5000,8000"
job-card-13,BLACKROCK ADVISORS SINGAPORE PTE. LTD.,Unix System Administrator,"6000,8000"
job-card-14,ITCAN PTE. LIMITED,Senior  /  System Administrator,"3500,6500"
job-card-15,IAPPS PTE. LTD.,System Administrator,"4000,6000"
job-card-16,MEINHARDT (SINGAPORE) PTE LTD,System Administrator,"3800,5000"
job-card-17,CC-DG SOLUTIONS PTE. LTD.,System Administrator,"6000,7500"
job-card-18,UBS AG,System Administrator,"70000,95000"
job-card-19,HAYS SPECIALIST RECRUITMENT PTE. LTD.,Wintel System Administrator - Patching,"5000,8500"
job-card-0,NEW TONE CONSULTING PTE. LTD.,IT System Administrator,"5000,8000"
job-card-1,JVKM CONSULTANTS PTE. LTD.,Senior System Administrator,"6000,7500"
job-card-2,ZAGRO SINGAPORE PTE LTD,System Administrator,"2500,3000"
job-card-3,APAR TECHNOLOGIES PTE. LTD.,Senior System Administrator,"5000,7500"
job-card-4,SRI GHANESH TEXTILES,System Administrator,Salary undisclosed
job-card-5,KRIS INFOTECH PTE. LTD.,System Administrator,"4000,5000"
job-card-6,INFINITE COMPUTER SOLUTIONS PTE LTD,System Administrator,"5000,6500"
job-card-7,CAPITA PTE. LTD.,System Administrator,"2500,5000"
job-card-8,INFINITE COMPUTER SOLUTIONS PTE LTD,System Administrator,"5000,6500"
job-card-9,RFNET TECHNOLOGIES PTE LTD,System Administrator,"3000,4500"
job-card-10,TRANSFERWISE SINGAPORE PTE. LTD.,Senior System Administrator,"5000,12000"
job-card-11,AVENSYS CONSULTING PTE. LTD.,Senior System Administrator,"4000,6000"
job-card-12,SERVLINK TECHNOLOGY RESOURCES PTE LTD,Windows System Resident Administrator,"3500,4500"
job-card-13,SERVLINK TECHNOLOGY RESOURCES PTE LTD,System and Storage Administrator,"3500,5000"
job-card-14,ECO-ITS PRIVATE LIMITED,ICT Executive  /  Specialist,Salary undisclosed
job-card-15,TINY ISLAND PRODUCTIONS (PTE. LTD.),Junior Systems Administrator,"2500,4000"
job-card-16,ERNST & YOUNG ADVISORY PTE. LTD.,"Mainframe Administrator Advisor, Contract","4000,8000"
job-card-17,MALAYAN BANKING BERHAD,DATABASE ADMINISTRATOR,"6000,9000"
job-card-18,ITCAN PTE. LIMITED,ITSM Administrator,"2500,4000"
job-card-19,NITYO INFOTECH SERVICES PTE. LTD.,Senior Systems Administrator - VMWare,"5000,6000"
job-card-0,NEW TONE CONSULTING PTE. LTD.,IT System Administrator,"5000,8000"
job-card-1,JVKM CONSULTANTS PTE. LTD.,Senior System Administrator,"6000,7500"
job-card-2,ZAGRO SINGAPORE PTE LTD,System Administrator,"2500,3000"
job-card-3,APAR TECHNOLOGIES PTE. LTD.,Senior System Administrator,"5000,7500"
job-card-4,SRI GHANESH TEXTILES,System Administrator,Salary undisclosed
job-card-5,KRIS INFOTECH PTE. LTD.,System Administrator,"4000,5000"
job-card-6,INFINITE COMPUTER SOLUTIONS PTE LTD,System Administrator,"5000,6500"
job-card-7,CAPITA PTE. LTD.,System Administrator,"2500,5000"
job-card-8,INFINITE COMPUTER SOLUTIONS PTE LTD,System Administrator,"5000,6500"
job-card-9,RFNET TECHNOLOGIES PTE LTD,System Administrator,"3000,4500"
job-card-10,TRANSFERWISE SINGAPORE PTE. LTD.,Senior System Administrator,"5000,12000"
job-card-11,AVENSYS CONSULTING PTE. LTD.,Senior System Administrator,"4000,6000"
job-card-12,SERVLINK TECHNOLOGY RESOURCES PTE LTD,Windows System Resident Administrator,"3500,4500"
job-card-13,SERVLINK TECHNOLOGY RESOURCES PTE LTD,System and Storage Administrator,"3500,5000"
job-card-14,ECO-ITS PRIVATE LIMITED,ICT Executive  /  Specialist,Salary undisclosed
job-card-15,TINY ISLAND PRODUCTIONS (PTE. LTD.),Junior Systems Administrator,"2500,4000"
job-card-16,ERNST & YOUNG ADVISORY PTE. LTD.,"Mainframe Administrator Advisor, Contract","4000,8000"
job-card-17,MALAYAN BANKING BERHAD,DATABASE ADMINISTRATOR,"6000,9000"
job-card-18,ITCAN PTE. LIMITED,ITSM Administrator,"2500,4000"
job-card-19,NITYO INFOTECH SERVICES PTE. LTD.,Senior Systems Administrator - VMWare,"5000,6000"
job-card-0,EMERSON PROCESS MANAGEMENT ASIA PACIFIC PRIVATE LIMITED,"Environment, Health and Safety (EHS) Director – Asia Pacific  (APHQ_18012185)","10000,15000"
job-card-1,DREW & NAPIER LLC,System Support Engineer,Salary undisclosed
job-card-2,FIS GLOBAL TRADING (SINGAPORE) PTE. LTD.,System Engineer (Linux),"5000,10000"
job-card-3,OPTIMUM SOLUTIONS (SINGAPORE) PTE LTD,Junior Programmer /  Software Developer / IT Analyst ( No Experience Required ),"2800,3800"
job-card-4,WORLEYPARSONS PTE. LIMITED,Lead Project Controller,"7500,11000"
job-card-5,SEARCH INDEX PTE. LTD.,IT Consultant,"70000,85000"
job-card-6,TOTAL EBIZ SOLUTIONS PTE. LTD.,Wintel Administrator,"5000,6500"
job-card-7,HNWI PRIVATE LIMITED,"Salesforce Administrator (1 Year Part Time Contract, Flexible Working Arrangement)","1,8000"
job-card-8,COLLABERA TECHNOLOGIES PTE. LTD.,Backup Administrator,"5000,6500"
job-card-9,HCL SINGAPORE PTE. LTD.,Senior Specialist - Active Directory Administrator,"6000,8500"
job-card-10,HCL SINGAPORE PTE. LTD.,Specialist - Active Directory Administrator,"6000,8500"
job-card-11,PANASONIC AVIONICS CORPORATION SINGAPORE BRANCH,Regional IT Systems Administrator I,Salary undisclosed
job-card-12,INFINITE COMPUTER SOLUTIONS PTE LTD,AIX Administrator,"3500,4800"
job-card-13,HCL SINGAPORE PTE. LTD.,Technical Specialist- Active Directory Administrator,"6000,8500"
job-card-14,INVOSYSTEMS SOLUTIONS PTE. LTD.,Hadoop (Big Data) Administrator,"4000,6500"
job-card-15,NANYANG TECHNOLOGICAL UNIVERSITY,Systems Administrator,"3200,7000"
job-card-16,Accountant-General's Department,Senior Executive  /  Assistant Director (Finance Transformation - Projects) - Contract,Salary undisclosed
job-card-17,Company Undisclosed,System Admin – Up to $5K + Bonus  /  Central,via Recruiter
job-card-18,PATH INFOTECH PTE. LTD.,Required Linux Admin,"5500,6300"
job-card-19,INFOGAIN PTE. LTD.,System Engineer,"5000,6000"
job-card-0,SCIENTE INTERNATIONAL PTE. LTD.,System Engineer,Recruiter
job-card-1,PATH INFOTECH PTE. LTD.,Required UNIX(AIX) and Linux Admin,"6000,7000"
job-card-2,TEJASCO TECHSOFT PTE. LTD.,IT System Admin,"4800,6500"
job-card-3,CAPITA PTE. LTD.,System Engineer,"4500,7000"
job-card-4,PATH INFOTECH PTE. LTD.,Required Senior Windows System Admin,"6000,7500"
job-card-5,PATH INFOTECH PTE. LTD.,Windows Admin /  System Engineer,"5000,7000"
job-card-6,CAPITA PTE. LTD.,Asst. Manager (System Administration)  /  6 months @ WEST - $4500,"3000,6000"
job-card-7,NEURONES IT ASIA PTE. LTD.,Wintel Engineer,"4500,6000"
job-card-8,EVANTAGE TECHNOLOGY PTE. LTD.,Systems and Network Engineer,"3000,4200"
job-card-9,PATH INFOTECH PTE. LTD.,Required Windows Admin,"5000,7500"
job-card-10,PATH INFOTECH PTE. LTD.,Required Linux Admin /  Infra Consultant,"6500,7500"
job-card-11,COLLABERA TECHNOLOGIES PTE. LTD.,Vmware System Engineer,"5000,6500"
job-card-12,ARYAN SEARCH PTE. LTD.,Hiring for 6 month contractual position of IT Admin Werum PAS X on the payroll of Aryan Search,"4000,5000"
job-card-13,PATH INFOTECH PTE. LTD.,Required Windows Admin,"6000,7000"
job-card-14,ZENITH INFOTECH (S) PTE LTD.,Security & Operation Support Engineer,"4000,5000"
job-card-15,HCL SINGAPORE PTE. LTD.,Associate Consultant- Linux Administator,Salary undisclosed
job-card-16,SEAMEO REGIONAL LANGUAGE CENTRE,IT Executive,Salary undisclosed
job-card-17,PATH INFOTECH PTE. LTD.,Required Weblogic Admin,"6000,7500"
job-card-18,ADECCO PERSONNEL PTE LTD,DATA CENTER TECHINICAIN,"4000,8000"
job-card-19,PATH INFOTECH PTE. LTD.,Required Exchange Admin,"6000,7500"
job-card-0,PATH INFOTECH PTE. LTD.,Windows Admin,"5500,7000"
job-card-1,Company Undisclosed,System Administrator,"4500,6500"
job-card-2,Company Undisclosed,Consultant - System Administrator:,Salary undisclosed
job-card-3,Company Undisclosed,System Administrator,"5000,8000"
job-card-4,Company Undisclosed,Senior System Administrator,"6000,7000"
job-card-5,Company Undisclosed,IT System Administrator,"3000,4000"
job-card-6,Company Undisclosed,System Administrator,"2600,3300"
job-card-7,Company Undisclosed,Quality Project /  Compliance Engineer,"4000,6000"
