job-card-0,FRESENIUS MEDICAL CARE SINGAPORE PTE. LTD.,Nurse Manager,"5000,6300"
job-card-1,SOFTENGER (SINGAPORE) PTE. LTD.,"Project Manager (Avaya IP Phones,Avaya Messaging,Avaya Communications Manager)","6000,7000"
job-card-2,THE REGENT SINGAPORE,Duty Manager,"2900,3500"
job-card-3,NANYANG TECHNOLOGICAL UNIVERSITY,"Manager / Senior Assistant Manager / Assistant Manager, Web / Mobile App Specialist 1800009Q",Salary undisclosed
job-card-4,TREEMARK PTE. LTD.,Business Development Manager,"5000,8000"
job-card-5,THE SUPREME HR ADVISORY PTE. LTD.,Business Development Manager (Project Sales),"3000,5000"
job-card-6,PARTIPOST PTE. LTD.,Account Manager,"2500,3500"
job-card-7,FCM SINGAPORE PTE. LTD.,Business Development Manager,"3000,7000"
job-card-8,SP DESIGN FURNISHING PTE. LIMITED,Business Development Manager,Salary undisclosed
job-card-9,MICLYN EXPRESS OFFSHORE PTE. LTD.,Assistant Manager - Commercial,Salary undisclosed
job-card-10,CITY LAW LLC,Business Development Manager,"6500,7000"
job-card-11,ACEXCELLENT CONSULTING PTE. LTD.,Business Development Manager (Trading),"6000,7000"
job-card-12,CHERRYLOFT FM PTE. LTD.,Manager,"3500,6000"
job-card-13,INTERCONTINENTAL HOTELS GROUP (ASIA PACIFIC) PTE. LTD.,"Manager, Distribution & Rate Parity","7000,12000"
job-card-14,KINGS INDIAN BANANA LEAF PTE. LTD.,Restaurant Manager,"5500,5800"
job-card-15,MY INDIA OVERSEAS PTE. LTD.,Senior Manager,Recruiter
job-card-16,Company Undisclosed,Manager,via Recruiter
job-card-17,Ministry of Communications and Information,SENIOR MANAGER  /  MANAGER (INDUSTRY DEVELOPMENT OFFICE),Salary undisclosed
job-card-18,PROPERTY FACILITY SERVICES PTE. LTD.,Senior Manager (Facility Management),Salary undisclosed
job-card-19,DFS VENTURE SINGAPORE (PTE) LIMITED,"Assistant General Manager, Sales","7800,15000"
job-card-0,DFS VENTURE SINGAPORE (PTE) LIMITED,"Assistant General Manager, Operations","7800,15000"
job-card-1,H GROUP HOLDINGS PRIVATE LIMITED,restaurant manager,"7000,7500"
job-card-2,Company Undisclosed,Manager,via Recruiter
job-card-3,HYDROBALL TECHNICS (SEA) PTE. LTD.,Sales Manager,"4000,7000"
job-card-4,DONGXING RESOURCE (S) PTE. LTD.,Sales Manager,Recruiter
job-card-5,AIRBUS SERVICES ASIA PACIFIC PTE. LTD.,Customer Program Manager,"8000,11000"
job-card-6,BNP PARIBAS,Project Manager Compliance - Process & Systems,"7000,13000"
job-card-7,JOOBPER PTE. LTD.,Sales Manager (Logistics / Manufacturing / Retail / Transport),"12000,18000"
job-card-8,CHUANG HAO EMPLOYMENT AGENCY,Sales Manager,Recruiter
job-card-9,THE SUPREME HR ADVISORY PTE. LTD.,it sales manager,"3000,5000"
job-card-10,DFS VENTURE SINGAPORE (PTE) LIMITED,"Assistant General Manager, Operations","7800,15000"
job-card-11,DIEBOLD NIXDORF SINGAPORE PTE. LTD.,Regional Customer Services Manager  /  Service Delivery Manager,"7000,13000"
job-card-12,Company Undisclosed,Manager,via Recruiter
job-card-13,S&P GLOBAL ASIAN HOLDINGS PTE. LTD.,Channel Manager,"8000,13000"
job-card-14,MANNAN IT (S) PTE. LTD.,Assistant Retail Manager,"2000,5300"
job-card-15,GLOBIBO PTE. LTD.,Account Manager,"2500,3600"
job-card-16,CAPITOL HOTEL MANAGEMENT PTE. LTD.,Duty Manager (Hotel and Accommodation Services),"3000,3300"
job-card-17,Ministry of Communications and Information,SENIOR MANAGER  /  MANAGER (MARKET DEVELOPMENT),Salary undisclosed
job-card-18,RICOH (SINGAPORE) PTE LTD,ITS Account Manager,"2000,2800"
job-card-19,CMG GROUP (SINGAPORE) PTE. LTD.,Account Manager /  Senior Account Manager /  Account Director,"4500,9000"
job-card-0,DFS VENTURE SINGAPORE (PTE) LIMITED,"Assistant General Manager, Operations","7800,15000"
job-card-1,H GROUP HOLDINGS PRIVATE LIMITED,restaurant manager,"7000,7500"
job-card-2,Company Undisclosed,Manager,via Recruiter
job-card-3,HYDROBALL TECHNICS (SEA) PTE. LTD.,Sales Manager,"4000,7000"
job-card-4,DONGXING RESOURCE (S) PTE. LTD.,Sales Manager,Recruiter
job-card-5,AIRBUS SERVICES ASIA PACIFIC PTE. LTD.,Customer Program Manager,"8000,11000"
job-card-6,BNP PARIBAS,Project Manager Compliance - Process & Systems,"7000,13000"
job-card-7,JOOBPER PTE. LTD.,Sales Manager (Logistics / Manufacturing / Retail / Transport),"12000,18000"
job-card-8,CHUANG HAO EMPLOYMENT AGENCY,Sales Manager,Recruiter
job-card-9,THE SUPREME HR ADVISORY PTE. LTD.,it sales manager,"3000,5000"
job-card-10,DFS VENTURE SINGAPORE (PTE) LIMITED,"Assistant General Manager, Operations","7800,15000"
job-card-11,DIEBOLD NIXDORF SINGAPORE PTE. LTD.,Regional Customer Services Manager  /  Service Delivery Manager,"7000,13000"
job-card-12,Company Undisclosed,Manager,via Recruiter
job-card-13,S&P GLOBAL ASIAN HOLDINGS PTE. LTD.,Channel Manager,"8000,13000"
job-card-14,MANNAN IT (S) PTE. LTD.,Assistant Retail Manager,"2000,5300"
job-card-15,GLOBIBO PTE. LTD.,Account Manager,"2500,3600"
job-card-16,CAPITOL HOTEL MANAGEMENT PTE. LTD.,Duty Manager (Hotel and Accommodation Services),"3000,3300"
job-card-17,Ministry of Communications and Information,SENIOR MANAGER  /  MANAGER (MARKET DEVELOPMENT),Salary undisclosed
job-card-18,RICOH (SINGAPORE) PTE LTD,ITS Account Manager,"2000,2800"
job-card-19,CMG GROUP (SINGAPORE) PTE. LTD.,Account Manager /  Senior Account Manager /  Account Director,"4500,9000"
job-card-0,MOTHERCARE (S) PTE. LTD.,Store Manager (Retail),"2000,2500"
job-card-1,ALERE PTE. LTD.,Commercial Excellence Manager /  Director Asia,"100000,250000"
job-card-2,MORGAN LEWIS STAMFORD LLC,Associate Talent Manager,"5000,8000"
job-card-3,TIFFANY & CO. PTE. LTD.,Assistant Store Manager,"4500,6000"
job-card-4,JOHNSON & JOHNSON PTE. LTD.,"Assistant Finance Manager, Source CoE APAC","4000,8000"
job-card-5,JOHNSON & JOHNSON PTE. LTD.,"Assistant Finance Manager, Source CoE APAC","6000,12000"
job-card-6,ESPZEN PTE. LTD.,Program Manager,"3500,4700"
job-card-7,COMPASS GROUP (SINGAPORE) PTE. LTD.,Food Spots Manager,Recruiter
job-card-8,KELLY SERVICES (SINGAPORE) PTE. LTD.,Community Manager,"5000,7000"
job-card-9,KELLY SERVICES (SINGAPORE) PTE. LTD.,Senior Community Manager,"7000,9000"
job-card-10,SIEMENS PTE. LTD.,Installation & Commissioning Site Manager (68937),"8000,12000"
job-card-11,ANOTECH ENERGY SINGAPORE PTE. LTD.,Hull Deputy Engineer Manager for FPSO Hull & Living quarter,Salary undisclosed
job-card-12,"THE RITZ-CARLTON, MILLENIA SINGAPORE",Front Office - Manager on Duty,Salary undisclosed
job-card-13,LAGARDERE TRAVEL RETAIL SINGAPORE PTE. LTD.,Retail Manager (Luxury Fashion),"4500,5000"
job-card-14,INTERCONTINENTAL HOTELS GROUP (ASIA PACIFIC) PTE. LTD.,"Senior Manager, Portfolio Revenue – Resorts","7000,11000"
job-card-15,ALSTOM TRANSPORT (S) PTE LTD,Project Application Manager,"8000,10000"
job-card-16,IBIS SINGAPORE ON BENCOOLEN,Duty Manager (Hotel and Accommodation Services),Salary undisclosed
job-card-17,KUEHNE + NAGEL PTE. LTD.,Aviation Logistics manager,"7000,8000"
job-card-18,THREE PEARS PTE. LTD.,GROUP OPERATIONS MANAGER,"3000,3900"
job-card-19,INOK SYSTEMS PTE LTD,Business Development Manager,"80000,120000"
job-card-0,RAFFLES INSTITUTION,"Assistant Manager, Administration and Procurement","4000,5500"
job-card-1,STANDARD CHARTERED BANK,"Senior Change Manager, ICS Risk Type Framework Implementation","12000,17500"
job-card-2,FOOD MORE,Executive & Assiatant manager,"2200,2600"
job-card-3,PHD SINGAPORE PTE. LTD.,Associate Manager,"4000,5000"
job-card-4,ABB PTE. LTD.,Global Digital Solution Center and Channel Manager,"8000,13000"
job-card-5,GOOGLE ASIA PACIFIC PTE. LTD.,Food Services Manager - Singapore,"12800,21333"
job-card-6,UNILEVER ASIA PRIVATE LIMITED,"Global Assistant Brand Manager, Clear","5280,9500"
job-card-7,AL AMEEN PTE. LTD.,Senior Sales & Marketing Manager,"5000,7000"
job-card-8,BEATHCHAPMAN (PTE. LTD.),Financial Risk Manager  /  Assistant Manager,Recruiter
job-card-9,TRANS EQUATORIAL ENGINEERING PTE LTD,Quantity Surveying cum Contract Manager  /  Assistant Manager,"3500,6500"
job-card-10,NTS COMPONENTS SINGAPORE PTE. LTD.,Sales Manager,"5000,8000"
job-card-11,CARAT MEDIA SERVICES SINGAPORE PTE LTD,Experience Manager,"4000,8000"
job-card-12,MITSUI ELASTOMERS SINGAPORE PTE LTD,"Assistant Manager, Mechanical (Modification)","5000,8000"
job-card-13,SBS TRANSIT LTD,Assistant Station Manager,Salary undisclosed
job-card-14,NATIONAL UNIVERSITY OF SINGAPORE,Project Manager  /  Industry Liaison Manager (SES),"10000,15000"
job-card-15,MSD INTERNATIONAL GMBH (SINGAPORE BRANCH),Clinical Research Manager,"8000,14000"
job-card-16,THE CHINA NAVIGATION COMPANY PTE. LTD.,Trade Manager,"6650,8300"
job-card-17,D&N SINGAPORE PTE. LTD.,"F&B Management Positions (Outlet Manager, Assistant Manager)","2400,3500"
job-card-18,GOOGLE ASIA PACIFIC PTE. LTD.,Food Services Manager - Singapore,"6475,12950"
job-card-19,MPHASIS PTE LTD,Technical Architect / Manager,"8000,11000"
job-card-0,PROCTER & GAMBLE INTERNATIONAL OPERATIONS SA SINGAPORE BRANCH,Consumer Market Knowledge Manager,"8000,15000"
job-card-1,UPS ASIA GROUP PTE. LTD.,APAC Public Relations and Social Media Assistant Manager,"5256,7008"
job-card-2,SINGAPORE TELECOMMUNICATIONS LIMITED,"Manager, Business Project Manager","8000,10000"
job-card-3,RAKUTEN ASIA PTE. LTD.,Product Manager (Reward Platform Group),"5000,8000"
job-card-4,INSEAD,ServiceNow Manager,"7000,9000"
job-card-5,INDUSTRY PLATFORM PTE. LTD.,Internet of Things (IoT) Account Manager [Business to Business Sales],"3200,4300"
job-card-6,STARCOM MEDIA WORLDWIDE,Associate Manager / Manager,"4000,6500"
job-card-7,SINGAPORE PRESS HOLDINGS LIMITED,Assistant General Manager (Property Management Team),"6000,10000"
job-card-8,QAIS CONSULTING PTE. LTD.,Client Engagement Manager,"4500,5500"
job-card-9,CITIBANK SINGAPORE LIMITED,GCG – Portfolio Sales Senior Manager (Assistant Vice President) - 17075238,"4583,7291"
job-card-10,CYBRARIAN VENTURES PTE LTD,Business and Finance Manager,Salary undisclosed
job-card-11,GOOGLE ASIA PACIFIC PTE. LTD.,Data Center Construction Quality Program Manager - Singapore,"11945,23890"
job-card-12,SOLARWINDS SOFTWARE ASIA PTE. LTD.,"Channel Account Manager, Korea","70000,150000"
job-card-13,STAMFORD AMERICAN INTERNATIONAL SCHOOL PTE. LTD.,Inquiry Manager,"4000,6000"
job-card-14,EXPERT BUSINESS MANAGEMENT & CONSULTANCY LLP,General Manager,Recruiter
job-card-15,ROBERT WALTERS (SINGAPORE) PTE LTD,Project Manager,"150000,200000"
job-card-16,MY INDIA OVERSEAS PTE. LTD.,"Manager, Marketing",Recruiter
job-card-17,THE BAKERY DEPOT PTE LTD,Assistant Store Manager,"2000,2500"
job-card-18,STANDARD CHARTERED BANK,Project Manager,"10000,15000"
job-card-19,GROUPM SINGAPORE PTE. LTD.,Regional Performance Manager,"5000,6000"
job-card-0,S&P GLOBAL ASIAN HOLDINGS PTE. LTD.,APAC Procurement & GBS Relationship Manager,"10000,15500"
job-card-1,CAREGIVER ASIA PTE. LTD.,Business Development & Marketing Manager,"2500,5000"
job-card-2,NANYANG TECHNOLOGICAL UNIVERSITY,"Senior Assistant Manager / Manager, Technologies (1800009X)",Salary undisclosed
job-card-3,ASCENT SOLUTIONS PTE. LTD.,Project Manager,"4000,5000"
job-card-4,SIEMENS HEALTHCARE PTE. LTD.,"CS CRM Business Manager, Asia Pacific (67229)","6000,9000"
job-card-5,BEACON CONSULTING PTE LTD,Business Development Manager,Salary undisclosed
job-card-6,GOOGLE ASIA PACIFIC PTE. LTD.,"Account Manager, Consumer Packaged Goods (English, Vietnamese) - Singapore","7500,15000"
job-card-7,SINGAPORE LIFE PTE. LTD.,Product Manager,"6000,8500"
job-card-8,CAPGEMINI SINGAPORE PTE. LTD.,Engagement Delivery Manager,"15000,20000"
job-card-9,NOVOGENEAIT GENOMICS SINGAPORE PTE. LTD.,Laboratory Manager,"3500,6000"
job-card-10,WESTRAMA MANAGEMENT (S) PTE. LTD.,Computer and Information Systems Manager,Recruiter
job-card-11,SKIN INC GLOBAL PTE. LTD.,Procurement Manager,"2000,5000"
job-card-12,MSD INTERNATIONAL GMBH (SINGAPORE BRANCH),Sales Force Effectiveness Manager,"8000,13000"
job-card-13,GOOGLE ASIA PACIFIC PTE. LTD.,"Technical Program Manager, Next Billion Users - Singapore","7250,12083"
job-card-14,WAON PTE. LTD.,General Manager,"5500,6500"
job-card-15,LINKEDIN SINGAPORE PTE. LTD.,Sales Development Manager,"8000,15000"
job-card-16,LINKEDIN SINGAPORE PTE. LTD.,Sales Development Manager,"8000,15000"
job-card-17,CHAB PTE. LTD.,General Manager,Salary undisclosed
job-card-18,AL AMEEN PTE. LTD.,"Manager, Marketing","5000,7000"
job-card-19,Company Undisclosed,"Strategic Regional Environment, Health, Safety - Asst. Manager",via Recruiter
