job-card-0,NANYANG TECHNOLOGICAL UNIVERSITY,Research Associate,"3000,6000"
job-card-1,INSEAD,Research Associate,"3000,5000"
job-card-2,NANYANG TECHNOLOGICAL UNIVERSITY,Research Associate / Fellow (Preparedness for clinical practice study),Salary undisclosed
job-card-3,SINGAPORE-MIT ALLIANCE FOR RESEARCH AND TECHNOLOGY CENTRE,Postdoctoral Associate / Research Associate / Research Scientist (Ref: IRG_FM_2018_021),"4500,8000"
job-card-4,NANYANG TECHNOLOGICAL UNIVERSITY,Research Associate (NIE-OER 23 / 17 CCY),"3500,5600"
job-card-5,NANYANG TECHNOLOGICAL UNIVERSITY,Research Associate,"3000,4500"
job-card-6,NATIONAL UNIVERSITY OF SINGAPORE,Research Associate,"4500,5000"
job-card-7,NANYANG TECHNOLOGICAL UNIVERSITY,Research Associate,"3400,4500"
job-card-8,SINGAPORE-MIT ALLIANCE FOR RESEARCH AND TECHNOLOGY CENTRE,Postdoctoral Associate / Research Associate / Research Scientist (Ref: IRG_CENSAM_2018_003),"4500,8000"
job-card-9,NANYANG TECHNOLOGICAL UNIVERSITY,Research Associate,"5000,5500"
job-card-10,NATIONAL UNIVERSITY OF SINGAPORE,Research Associate  /  Assistant (Biology),"3000,4500"
job-card-11,NANYANG TECHNOLOGICAL UNIVERSITY,Research Associate,"4000,4500"
job-card-12,NANYANG TECHNOLOGICAL UNIVERSITY,Research Associate,"3400,4000"
job-card-13,"CREDITSIGHTS SINGAPORE, LLC",Financials Credit Research Associate,"3600,11000"
job-card-14,NATIONAL UNIVERSITY OF SINGAPORE,Research Assistant / Research Associate / Research Fellow,"2500,4500"
job-card-15,NATIONAL UNIVERSITY OF SINGAPORE,Research Associate,"3400,3800"
job-card-16,NANYANG TECHNOLOGICAL UNIVERSITY,Research Associate,"3500,4500"
job-card-17,COVANCE (ASIA) PTE. LTD.,Senior Clinical Research Associate,"6500,7500"
job-card-18,NANYANG TECHNOLOGICAL UNIVERSITY,Research Associate,"3500,4500"
job-card-19,SINGAPORE-MIT ALLIANCE FOR RESEARCH AND TECHNOLOGY CENTRE,Postdoctoral Associate / Research Associate / Research Scientist (Ref: IRG_CENSAM_2018_002),"4500,8000"
job-card-0,NANYANG TECHNOLOGICAL UNIVERSITY,Research Associate,"3500,4600"
job-card-1,NANYANG TECHNOLOGICAL UNIVERSITY,Research Associate,"3500,4800"
job-card-2,NANYANG TECHNOLOGICAL UNIVERSITY,Research Associate,"3000,4500"
job-card-3,NANYANG TECHNOLOGICAL UNIVERSITY,Research Associate,"3400,5000"
job-card-4,NANYANG TECHNOLOGICAL UNIVERSITY,Research Associate,"3000,5000"
job-card-5,NANYANG TECHNOLOGICAL UNIVERSITY,Research Associate,"4000,4800"
job-card-6,A*STAR RESEARCH ENTITIES,ETC - Research Associate (Chemistry),"2500,5000"
job-card-7,NANYANG TECHNOLOGICAL UNIVERSITY,Research Associate,"3400,5000"
job-card-8,CAMBRIDGE CENTRE FOR ADVANCED RESEARCH AND EDUCATION IN SINGAPORE LTD.,Research Associate,"2500,4000"
job-card-9,CAMBRIDGE CENTRE FOR ADVANCED RESEARCH AND EDUCATION IN SINGAPORE LTD.,Research Associate,"4000,6000"
job-card-10,NANYANG TECHNOLOGICAL UNIVERSITY,Research Associate,"3500,5250"
job-card-11,NANYANG TECHNOLOGICAL UNIVERSITY,Research Associate,"2500,3500"
job-card-12,NANYANG TECHNOLOGICAL UNIVERSITY,"Research Associate (NIE - SPAQ, SPAQ Surveys & Projects)","3500,5600"
job-card-13,NANYANG TECHNOLOGICAL UNIVERSITY,Research Associate,"3400,4000"
job-card-14,SINGAPORE GENERAL HOSPITAL PTE LTD,Research Fellow  /  Research Associate,"3700,5500"
job-card-15,NANYANG TECHNOLOGICAL UNIVERSITY,Research Associate,"2500,3500"
job-card-16,SINGAPORE UNIVERSITY OF TECHNOLOGY AND DESIGN,Research Associate,"4200,5500"
job-card-17,NANYANG TECHNOLOGICAL UNIVERSITY,Research Associate,"3000,7000"
job-card-18,NANYANG TECHNOLOGICAL UNIVERSITY,Research Associate,"3500,4500"
job-card-19,NANYANG TECHNOLOGICAL UNIVERSITY,Research Associate,"3500,4200"
job-card-0,NANYANG TECHNOLOGICAL UNIVERSITY,Research Associate,"3500,4600"
job-card-1,NANYANG TECHNOLOGICAL UNIVERSITY,Research Associate,"3500,4800"
job-card-2,NANYANG TECHNOLOGICAL UNIVERSITY,Research Associate,"3000,4500"
job-card-3,NANYANG TECHNOLOGICAL UNIVERSITY,Research Associate,"3400,5000"
job-card-4,NANYANG TECHNOLOGICAL UNIVERSITY,Research Associate,"3000,5000"
job-card-5,NANYANG TECHNOLOGICAL UNIVERSITY,Research Associate,"4000,4800"
job-card-6,A*STAR RESEARCH ENTITIES,ETC - Research Associate (Chemistry),"2500,5000"
job-card-7,NANYANG TECHNOLOGICAL UNIVERSITY,Research Associate,"3400,5000"
job-card-8,CAMBRIDGE CENTRE FOR ADVANCED RESEARCH AND EDUCATION IN SINGAPORE LTD.,Research Associate,"2500,4000"
job-card-9,CAMBRIDGE CENTRE FOR ADVANCED RESEARCH AND EDUCATION IN SINGAPORE LTD.,Research Associate,"4000,6000"
job-card-10,NANYANG TECHNOLOGICAL UNIVERSITY,Research Associate,"3500,5250"
job-card-11,NANYANG TECHNOLOGICAL UNIVERSITY,Research Associate,"2500,3500"
job-card-12,NANYANG TECHNOLOGICAL UNIVERSITY,"Research Associate (NIE - SPAQ, SPAQ Surveys & Projects)","3500,5600"
job-card-13,NANYANG TECHNOLOGICAL UNIVERSITY,Research Associate,"3400,4000"
job-card-14,SINGAPORE GENERAL HOSPITAL PTE LTD,Research Fellow  /  Research Associate,"3700,5500"
job-card-15,NANYANG TECHNOLOGICAL UNIVERSITY,Research Associate,"2500,3500"
job-card-16,SINGAPORE UNIVERSITY OF TECHNOLOGY AND DESIGN,Research Associate,"4200,5500"
job-card-17,NANYANG TECHNOLOGICAL UNIVERSITY,Research Associate,"3000,7000"
job-card-18,NANYANG TECHNOLOGICAL UNIVERSITY,Research Associate,"3500,4500"
job-card-19,NANYANG TECHNOLOGICAL UNIVERSITY,Research Associate,"3500,4200"
job-card-0,NATIONAL UNIVERSITY OF SINGAPORE,Research Engineer  /  Research Associate,"3200,4800"
job-card-1,NATIONAL UNIVERSITY OF SINGAPORE,Postdoctoral Fellow /  Research Associate – Deep Learning for 3D Medical Imaging,"4000,7083"
job-card-2,NATIONAL UNIVERSITY OF SINGAPORE,Research Associate,"3400,5100"
job-card-3,NANYANG TECHNOLOGICAL UNIVERSITY,Research Associate,"3400,4300"
job-card-4,NANYANG TECHNOLOGICAL UNIVERSITY,Research Associate,"3000,5000"
job-card-5,PRESTIGE BIORESEARCH PTE. LTD.,Research Associate or Scientist in Cell Biology and  /  or Bioassay lab,"2500,3500"
job-card-6,NANYANG TECHNOLOGICAL UNIVERSITY,Research Associate,"3000,7000"
job-card-7,TCO RESOURCE SERVICES PTE. LTD.,Senior Research Associate  /  Supervisor,"3000,4200"
job-card-8,SINGAPORE HEALTH SERVICES PTE LTD,"Research Associate, Health Services Research and Evaluation, RHS (2-yr contract)",Salary undisclosed
job-card-9,NANYANG TECHNOLOGICAL UNIVERSITY,Research Associate,"3000,4500"
job-card-10,NANYANG TECHNOLOGICAL UNIVERSITY,Research Associate,"4000,6000"
job-card-11,NATIONAL UNIVERSITY OF SINGAPORE,Research Assistant  /  Research Associate,"2000,3500"
job-card-12,NANYANG TECHNOLOGICAL UNIVERSITY,Research Associate,"3400,3900"
job-card-13,NATIONAL UNIVERSITY OF SINGAPORE,Research Associate,"3400,5100"
job-card-14,NATIONAL UNIVERSITY OF SINGAPORE,Research Associate,"4333,5000"
job-card-15,NATIONAL UNIVERSITY OF SINGAPORE,Research Associate / Research Engineer,"3600,4800"
job-card-16,SINGAPORE UNIVERSITY OF TECHNOLOGY AND DESIGN,Research Associate,"4200,5500"
job-card-17,TCO RESOURCE SERVICES PTE. LTD.,Market Research Associate,"2700,3300"
job-card-18,NANYANG TECHNOLOGICAL UNIVERSITY,Research Associate,"3500,6000"
job-card-19,NANYANG TECHNOLOGICAL UNIVERSITY,Research Associate,"3400,5000"
job-card-0,NANYANG TECHNOLOGICAL UNIVERSITY,Research Associate,"3500,5000"
job-card-1,NANYANG TECHNOLOGICAL UNIVERSITY,Research Associate,"3500,4800"
job-card-2,SINGAPORE UNIVERSITY OF TECHNOLOGY AND DESIGN,Research Associate,"4400,6000"
job-card-3,NANYANG TECHNOLOGICAL UNIVERSITY,Research Associate,"3400,3500"
job-card-4,NANYANG TECHNOLOGICAL UNIVERSITY,Research Associate,"3400,4000"
job-card-5,NATIONAL UNIVERSITY OF SINGAPORE,Research Associate,"3800,4500"
job-card-6,NANYANG TECHNOLOGICAL UNIVERSITY,Research Associate,"3400,4500"
job-card-7,NANYANG TECHNOLOGICAL UNIVERSITY,Research Associate,"3500,4200"
job-card-8,ALEXANDER MANN BPO SOLUTIONS (SINGAPORE) PTE. LTD.,(Future Positions-Campus) APAC Singapore Global Research Full Time Associate 2019,Recruiter
job-card-9,NATIONAL UNIVERSITY OF SINGAPORE,Research Assistant / Associate / Fellow,"3000,5000"
job-card-10,NATIONAL UNIVERSITY OF SINGAPORE,Research Assistant / Associate,"3000,5000"
job-card-11,NATIONAL UNIVERSITY OF SINGAPORE,Research Assistant /  Associate,"2500,5500"
job-card-12,EDMUND TIE & COMPANY (SEA) PTE. LTD.,"Senior Manager / Associate Director, Research","6000,8000"
job-card-13,MORGAN STANLEY ASIA (SINGAPORE) PTE.,Technology - Fusion Cyber Analytics Research and Prototyping Associate,"5500,9000"
job-card-14,GERSON LEHRMAN GROUP SINGAPORE PTE. LTD.,Senior Associate,"48000,75000"
job-card-15,NANYANG TECHNOLOGICAL UNIVERSITY,Research Assistant,"3000,6000"
job-card-16,NATIONAL UNIVERSITY OF SINGAPORE,Researcher,"3000,5000"
job-card-17,SUMITOMO MITSUI BANKING CORPORATION SINGAPORE BRANCH,"Global Transaction Banking Department , Associate /  Senior Associate","3000,6500"
job-card-18,NATIONAL UNIVERSITY OF SINGAPORE,Research Fellow,"5500,8000"
job-card-19,CAMBRIDGE ASSOCIATES ASIA PTE LTD,Research Investment Analyst- Public Investments,"4000,5000"
job-card-0,INSEAD,Researcher,"3000,4000"
job-card-1,NANYANG TECHNOLOGICAL UNIVERSITY,Project Officer,"3000,5000"
job-card-2,JAMES COOK UNIVERSITY PTE. LTD.,Senior Research Technician (Barramundi),"2692,4039"
job-card-3,FRAUNHOFER SINGAPORE RESEARCH LTD.,Research Engineer (Cybersecurity),"4000,6000"
job-card-4,A*STAR RESEARCH ENTITIES,Principal Research Engineer (ARTC / A*STAR),"6300,12600"
job-card-5,ARYAN SEARCH PTE. LTD.,Secure Computing Researcher,"5500,6500"
job-card-6,INVITROCUE PTE. LTD.,Assay Development Technologist,"3000,5000"
job-card-7,ACTIVATE INTERACTIVE PTE LTD,Research Intern(Data science & Analytics),"2000,3600"
job-card-8,LINKLATERS SINGAPORE PTE. LTD.,Information Advisor,"5000,8500"
job-card-9,Company Undisclosed,Research Associate,"3400,7050"
job-card-10,Company Undisclosed,Research Associate,"4000,5500"
job-card-11,Company Undisclosed,Research Associate,"3400,7050"
job-card-12,Company Undisclosed,Research Associate  /  Analyst (SPSS),"2800,4000"
job-card-13,Company Undisclosed,Research Associate,"3400,3800"
