job-card-0,CAPITOL HOTEL MANAGEMENT PTE. LTD.,Duty Manager (Hotel and Accommodation Services),"3000,3300"
job-card-1,IBIS SINGAPORE ON BENCOOLEN,Duty Manager (Hotel and Accommodation Services),Salary undisclosed
job-card-2,HOLIDAY INN SINGAPORE ATRIUM,Duty Manager,"2500,3000"
job-card-3,MILLENNIUM & COPTHORNE INTERNATIONAL LIMITED,Duty Manager (Hotel and Accommodation Services),"2400,2800"
job-card-4,MURRAY PTE. LTD.,Duty Manager (Hotel and Accommodation Services),Salary undisclosed
job-card-5,THE REGENT SINGAPORE,Duty Manager,"2900,3500"
job-card-6,HH PROPERTIES PTE. LTD.,Duty Manager (Front Office),"2400,3400"
job-card-7,Young Men's Christian Association of Singapore,"Duty Manager, Front Office",Salary undisclosed
job-card-8,THE FULLERTON HOTEL,Duty Manager,"2700,3200"
job-card-9,"THE RITZ-CARLTON, MILLENIA SINGAPORE",Front Office - Manager on Duty,Salary undisclosed
job-card-10,CAPITOL HOTEL MANAGEMENT PTE. LTD.,Restaurant Manager,"5000,5000"
job-card-11,RAFFLES TOWN CLUB PTE LTD,Club Security Officer,"1300,1600"
job-card-12,LITTLE FARMS PTE. LTD.,Retail Merchandiser,"1800,2800"
job-card-13,TREASURE RESORT PTE. LTD.,Telephone Operator (Part Time),Salary undisclosed
job-card-14,MR SINGAPORE PTE. LTD.,Front Office Executive,"2000,3000"
job-card-15,Company Undisclosed,Front Office  - Duty Manager,"2600,3000"
