job-card-0,ORACLE CORPORATION SINGAPORE PTE LTD,Programmer Analyst,"7800,15600"
job-card-1,DXC TECHNOLOGY SINGAPORE PTE. LTD.,Senior Professional Programmer Analyst (1-year contract),"4650,7000"
job-card-2,CITIBANK N.A.,Applications Development Senior Programmer Analyst KYC 18043165,"8000,11000"
job-card-3,FIS TECHNOLOGY SERVICES SINGAPORE PTE. LTD.,"Programmer Analyst, Specialist","3000,6000"
job-card-4,CITIBANK N.A.,O&T - Applications Development Senior Programmer Analyst KYC - 18043165,"6666,11208"
job-card-5,CITIBANK N.A.,O&T - Apps Dev Sr. Programmer Analyst - 18035728,"6666,11208"
job-card-6,WILLIAMS-SONOMA SINGAPORE PTE. LTD.,Analyst Programmer,"3800,4200"
job-card-7,ETIQA INSURANCE PTE. LTD.,Analyst / Programmer,Salary undisclosed
job-card-8,ZENITH INFOTECH (S) PTE LTD.,Analyst Programmer,"4500,5600"
job-card-9,ZENITH INFOTECH (S) PTE LTD.,Analyst Programmer,"4600,5500"
job-card-10,OPTIMUM SOLUTIONS (SINGAPORE) PTE LTD,Junior Programmer /  Software Developer / IT Analyst ( No Experience Required ),"2800,3800"
job-card-11,SINGAPORE EPSON INDUSTRIAL PTE. LTD.,Assistant System Analyst  /  Analyst Programmer,"2500,3500"
job-card-12,NANYANG TECHNOLOGICAL UNIVERSITY,Analyst Programmer  /  System Analyst (Computer Services Centre)\,via Recruiter
job-card-13,TIMES SOFTWARE PTE LTD,Analyst Programmer,"2500,3000"
job-card-14,TECKWAH INDUSTRIAL CORPORATION LTD,Analyst Programmer,"2500,3200"
job-card-15,OPENFEEL PTE. LTD.,Software Engineer  /  Software Developer  /  Analyst Programmer,Salary undisclosed
job-card-16,THE SUPREME HR ADVISORY PTE. LTD.,Analyst Programmer,"3000,3300"
job-card-17,ASM TECHNOLOGY SINGAPORE PTE LTD,Analyst Programmer,"2800,3800"
job-card-18,TESCOM (SINGAPORE) SOFTWARE SYSTEMS TESTING PTE LTD.,Analyst Programmer,"3500,5800"
job-card-19,THE SUPREME HR ADVISORY PTE. LTD.,Analyst Programmer (ASP.Net / Visual C# / MNV / VB.Net / Java / SQL),"2500,3000"
job-card-0,TOTAL EBIZ SOLUTIONS PTE. LTD.,Analyst Programmer,"5000,6500"
job-card-1,TOPPAN SECURITY PRINTING PTE. LTD.,Analyst Programmer,Salary undisclosed
job-card-2,D L RESOURCES PTE LTD,ANALYST PROGRAMMER,"4700,7000"
job-card-3,D L RESOURCES PTE LTD,ANALYST PROGRAMMER,"4700,7000"
job-card-4,D L RESOURCES PTE LTD,ANALYST PROGRAMMER,"4000,5500"
job-card-5,D L RESOURCES PTE LTD,ANALYST PROGRAMMER,"4000,5500"
job-card-6,COMFORT TRANSPORTATION PTE LTD,Analyst Programmer,"3500,4200"
job-card-7,SANKYU (SINGAPORE) PTE LTD,Analyst Programmer,"3200,3600"
job-card-8,THE SUPREME HR ADVISORY PTE. LTD.,Analyst Programmer,"2500,3300"
job-card-9,ICONIC TALENT PTE. LTD.,Analyst Programmer,Recruiter
job-card-10,PEOPLEBANK SINGAPORE PTE. LTD.,Senior Analyst Programmer / Lead (.Net),"6000,8000"
job-card-11,CITIBANK N.A.,O&T - Applications Development Senior Analyst Programmer - 18024110,"6666,11208"
job-card-12,MANPOWER STAFFING SERVICES (SINGAPORE) PTE LTD,Analyst Programmer (RPG / Central),"4000,5000"
job-card-13,WEB MASTER CONSULTANCY PTE LTD,PHP Programmer,"2000,3000"
job-card-14,STONE FOREST IT PTE LTD,Program Analyst (Sage 300),"2400,3400"
job-card-15,SCIENTE INTERNATIONAL PTE. LTD.,Application Analyst (JBoss BPMS) (JD#4410),"4000,5500"
job-card-16,SCIENTE INTERNATIONAL PTE. LTD.,Application Analyst - FileNet (JD#4411),"4000,5500"
job-card-17,AMADEUS GDS SINGAPORE PTE. LTD.,Functional Analyst,"6000,8500"
job-card-18,TECHCOM SOLUTIONS & CONSULTANCY PTE. LTD.,Java Technical Analyst (Wealth Management),"5000,7000"
job-card-19,TECHCOM SOLUTIONS & CONSULTANCY PTE. LTD.,Salesforce Analyst (Functional / Techno),"5000,7000"
job-card-0,TOTAL EBIZ SOLUTIONS PTE. LTD.,Analyst Programmer,"5000,6500"
job-card-1,TOPPAN SECURITY PRINTING PTE. LTD.,Analyst Programmer,Salary undisclosed
job-card-2,D L RESOURCES PTE LTD,ANALYST PROGRAMMER,"4700,7000"
job-card-3,D L RESOURCES PTE LTD,ANALYST PROGRAMMER,"4700,7000"
job-card-4,D L RESOURCES PTE LTD,ANALYST PROGRAMMER,"4000,5500"
job-card-5,D L RESOURCES PTE LTD,ANALYST PROGRAMMER,"4000,5500"
job-card-6,COMFORT TRANSPORTATION PTE LTD,Analyst Programmer,"3500,4200"
job-card-7,SANKYU (SINGAPORE) PTE LTD,Analyst Programmer,"3200,3600"
job-card-8,THE SUPREME HR ADVISORY PTE. LTD.,Analyst Programmer,"2500,3300"
job-card-9,ICONIC TALENT PTE. LTD.,Analyst Programmer,Recruiter
job-card-10,PEOPLEBANK SINGAPORE PTE. LTD.,Senior Analyst Programmer / Lead (.Net),"6000,8000"
job-card-11,CITIBANK N.A.,O&T - Applications Development Senior Analyst Programmer - 18024110,"6666,11208"
job-card-12,MANPOWER STAFFING SERVICES (SINGAPORE) PTE LTD,Analyst Programmer (RPG / Central),"4000,5000"
job-card-13,WEB MASTER CONSULTANCY PTE LTD,PHP Programmer,"2000,3000"
job-card-14,STONE FOREST IT PTE LTD,Program Analyst (Sage 300),"2400,3400"
job-card-15,SCIENTE INTERNATIONAL PTE. LTD.,Application Analyst (JBoss BPMS) (JD#4410),"4000,5500"
job-card-16,SCIENTE INTERNATIONAL PTE. LTD.,Application Analyst - FileNet (JD#4411),"4000,5500"
job-card-17,AMADEUS GDS SINGAPORE PTE. LTD.,Functional Analyst,"6000,8500"
job-card-18,TECHCOM SOLUTIONS & CONSULTANCY PTE. LTD.,Java Technical Analyst (Wealth Management),"5000,7000"
job-card-19,TECHCOM SOLUTIONS & CONSULTANCY PTE. LTD.,Salesforce Analyst (Functional / Techno),"5000,7000"
job-card-0,SCIENTE INTERNATIONAL PTE. LTD.,Application Analyst - Nintex,"4500,6000"
job-card-1,TECHCOM SOLUTIONS & CONSULTANCY PTE. LTD.,IT Data Analytics Developer,"5000,7000"
job-card-2,PEOPLEBANK SINGAPORE PTE. LTD.,.NET Developer,"5500,7000"
job-card-3,PULSESYNC PTE. LTD.,Software Developer (Senior / Lead),Salary undisclosed
job-card-4,FLINTEX CONSULTING PTE. LTD.,DOTNET Developer,"3500,4500"
job-card-5,Company Undisclosed,Analyst Programmer (Ref 22374),"4000,8000"
job-card-6,Company Undisclosed,Senior Analyst Programmer,"5800,6800"
job-card-7,Company Undisclosed,Analyst Programmer,"3500,4000"
job-card-8,Company Undisclosed,Asp.net,"2000,4000"
