job-card-0,CARTRACK TECHNOLOGIES SOUTH EAST ASIA PTE. LTD.,System Engineer,"7500,11000"
job-card-1,SWISSLOG SINGAPORE PTE. LTD.,Control System Engineer,"3500,4500"
job-card-2,SEMBCORP MARINE LTD,Drilling System Engineer,Recruiter
job-card-3,THE SUPREME HR ADVISORY PTE. LTD.,IT System Engineer,"3000,3500"
job-card-4,PEOPLE PROFILERS PTE. LTD.,"Service and System Engineer (Security Solutions MNC, up to 5k + allowance)","3500,5000"
job-card-5,EPS COMPUTER SYSTEMS PTE LTD,System Engineer,"3500,4500"
job-card-6,INFOGAIN PTE. LTD.,System Engineer,"5000,6000"
job-card-7,SCIENTE INTERNATIONAL PTE. LTD.,System Engineer,Recruiter
job-card-8,MIZUHO INFORMATION & RESEARCH INSTITUTE ASIA PTE. LTD.,System Engineer,"9000,13200"
job-card-9,AZBIL SINGAPORE PTE. LTD.,Control System Engineer (Building Management System),Salary undisclosed
job-card-10,THE SUPREME HR ADVISORY PTE. LTD.,System Engineer (System Integrator / RFID / Java / Telecommunication / Linux),"2200,3200"
job-card-11,3SI PTE. LTD.,System Engineer,"2500,4500"
job-card-12,VENTURE CORPORATION LIMITED,Senior  /  System Engineer,"3500,5500"
job-card-13,NOVA SYSTEMS & ENGINEERING PTE. LTD.,Project System Engineer,"4500,5500"
job-card-14,REMEGO PTE. LTD.,System Engineer,via Recruiter
job-card-15,MINDCHAMPS FAMILY ONLINE PTE. LIMITED,CRM system Engineer,"5000,6000"
job-card-16,CAPITA PTE. LTD.,Senior System Engineer,"4000,7000"
job-card-17,TUFF OFFSHORE ENGINEERING SERVICES PTE. LTD.,Senior IT System Engineer,Salary undisclosed
job-card-18,IKAS INTERNATIONAL (ASIA) PTE. LTD.,Network and System Engineer,Recruiter
job-card-19,INSEAD,System Engineer - Advanced Analytics Support,"6000,7500"
job-card-0,ES RECRUITMENT PTE. LTD.,System Engineer (3-5yrs /  Novena),Salary undisclosed
job-card-1,FRIARTUCK PTE LTD,System Engineer,"4000,6400"
job-card-2,SOPRA STERIA ASIA PTE. LTD.,System Engineer,"2500,7000"
job-card-3,CAPITA PTE. LTD.,System Engineer,"4500,7000"
job-card-4,IT CONSULTANCY & SERVICES PTE LTD,(110) System Engineer  ( Linux Based),"4000,4800"
job-card-5,EVERNET SYSTEMS PRIVATE LIMITED,Senior System Engineer,"3000,5000"
job-card-6,DRIL-QUIP ASIA PACIFIC PTE LTD,Control System Engineer,"9000,13000"
job-card-7,FENIX TECHNOLOGIES PTE. LTD.,System Engineer,Salary undisclosed
job-card-8,CISCO SYSTEMS (USA) PTE. LTD.,Virtual System Engineer,"101000,151000"
job-card-9,NEXUS CO-OPERATIVE LIMITED,Senior Windows System Engineer,"8000,15000"
job-card-10,NEXUS CO-OPERATIVE LIMITED,Senior Windows System Engineer,"5000,12000"
job-card-11,NEXUS CO-OPERATIVE LIMITED,Windows System Engineer,"4000,8000"
job-card-12,NTUC ENTERPRISE CO-OPERATIVE LTD,Senior Windows System Engineer,"8000,15000"
job-card-13,NTUC ENTERPRISE CO-OPERATIVE LTD,Senior Windows System Engineer,"5000,12000"
job-card-14,HTZ RESOURCES,"System Engineer (1 Year Contract, up to S$4800 + AWS)",Recruiter
job-card-15,NTUC ENTERPRISE CO-OPERATIVE LTD,Windows System Engineer,"4000,8000"
job-card-16,NTC INTEGRATION (PTE) LTD,System Engineer -  (L3 Service Delivery Team),"3500,4500"
job-card-17,HTZ RESOURCES,"System Engineer (1 Year Contract, up to S$4800 + AWS)",Recruiter
job-card-18,GECO ASIA PTE. LTD.,System Engineer- Python in Singapore (90349),"6000,8500"
job-card-19,HTZ RESOURCES,"Senior System Engineer (1 Year Contract, up to S$4800 + AWS)",Recruiter
job-card-0,ES RECRUITMENT PTE. LTD.,System Engineer (3-5yrs /  Novena),Salary undisclosed
job-card-1,FRIARTUCK PTE LTD,System Engineer,"4000,6400"
job-card-2,SOPRA STERIA ASIA PTE. LTD.,System Engineer,"2500,7000"
job-card-3,CAPITA PTE. LTD.,System Engineer,"4500,7000"
job-card-4,IT CONSULTANCY & SERVICES PTE LTD,(110) System Engineer  ( Linux Based),"4000,4800"
job-card-5,EVERNET SYSTEMS PRIVATE LIMITED,Senior System Engineer,"3000,5000"
job-card-6,DRIL-QUIP ASIA PACIFIC PTE LTD,Control System Engineer,"9000,13000"
job-card-7,FENIX TECHNOLOGIES PTE. LTD.,System Engineer,Salary undisclosed
job-card-8,CISCO SYSTEMS (USA) PTE. LTD.,Virtual System Engineer,"101000,151000"
job-card-9,NEXUS CO-OPERATIVE LIMITED,Senior Windows System Engineer,"8000,15000"
job-card-10,NEXUS CO-OPERATIVE LIMITED,Senior Windows System Engineer,"5000,12000"
job-card-11,NEXUS CO-OPERATIVE LIMITED,Windows System Engineer,"4000,8000"
job-card-12,NTUC ENTERPRISE CO-OPERATIVE LTD,Senior Windows System Engineer,"8000,15000"
job-card-13,NTUC ENTERPRISE CO-OPERATIVE LTD,Senior Windows System Engineer,"5000,12000"
job-card-14,HTZ RESOURCES,"System Engineer (1 Year Contract, up to S$4800 + AWS)",Recruiter
job-card-15,NTUC ENTERPRISE CO-OPERATIVE LTD,Windows System Engineer,"4000,8000"
job-card-16,NTC INTEGRATION (PTE) LTD,System Engineer -  (L3 Service Delivery Team),"3500,4500"
job-card-17,HTZ RESOURCES,"System Engineer (1 Year Contract, up to S$4800 + AWS)",Recruiter
job-card-18,GECO ASIA PTE. LTD.,System Engineer- Python in Singapore (90349),"6000,8500"
job-card-19,HTZ RESOURCES,"Senior System Engineer (1 Year Contract, up to S$4800 + AWS)",Recruiter
job-card-0,PTC SYSTEM (S) PTE LTD,System Engineer (Storage Management),"5000,7000"
job-card-1,EPS COMPUTER SYSTEMS PTE LTD,Windows System Engineer,"5500,6800"
job-card-2,EPS COMPUTER SYSTEMS PTE LTD,System Engineer,"5500,6500"
job-card-3,SCIENTE INTERNATIONAL PTE. LTD.,System Engineer (WinTel) (JD#4241),Recruiter
job-card-4,MAKINO ASIA PTE LTD,Manufacturing System Engineer,"4000,6000"
job-card-5,PATH INFOTECH PTE. LTD.,Windows Admin /  System Engineer,"5000,7000"
job-card-6,TCO RESOURCE SERVICES PTE. LTD.,System Engineer,"3000,4500"
job-card-7,ARETE M PTE. LTD.,Network and System Engineer,"3000,4200"
job-card-8,THE SUPREME HR ADVISORY PTE. LTD.,System Engineer (IT Support Executive,"1600,3200"
job-card-9,CAPITA PTE. LTD.,System Engineer,"3500,5000"
job-card-10,FIS GLOBAL TRADING (SINGAPORE) PTE. LTD.,System Engineer (Linux),"5000,10000"
job-card-11,THE SUPREME HR ADVISORY PTE. LTD.,System Engineer,"3500,4000"
job-card-12,EPS COMPUTER SYSTEMS PTE LTD,System Engineer,"5000,7000"
job-card-13,TCO RESOURCE SERVICES PTE. LTD.,IT System Engineer,"2500,4000"
job-card-14,MOZAT PTE. LTD.,Senior System Engineer,"5000,7000"
job-card-15,SCIENTE INTERNATIONAL PTE. LTD.,Data Center System Engineer (Top Global E-commerce Company) (JD#4424),Recruiter
job-card-16,NETMARKS SINGAPORE PTE. LTD.,VMware System Engineer,Salary undisclosed
job-card-17,Ministry of Communications and Information,"Senior Consultant  /  System Engineer (Cyber Threat Intelligence), CSA",Salary undisclosed
job-card-18,NTC INTEGRATION (PTE) LTD,System Engineer - Team Lead,"3600,4500"
job-card-19,HENDRICKS CORP. PTE. LTD.,Senior System Engineer,"5500,7000"
job-card-0,MOZAT PTE. LTD.,system engineer,"4500,5500"
job-card-1,BUSINESS CONNECTIVITY PTE. LTD.,System Engineer,"2500,3500"
job-card-2,EMC INFORMATION SYSTEMS MANAGEMENT LIMITED SINGAPORE BRANCH,System Engineer,"7000,14000"
job-card-3,MINDTECK SINGAPORE PTE LTD,Senior System Engineer (Win 7 VDI),"5000,7500"
job-card-4,SANDBOX CONSULTING PTE. LTD.,System Engineer,"5000,6000"
job-card-5,PEOPLE PROFILERS PTE. LTD.,Senior  /  System Engineer ( SI  /  IP Telephony /  VOIP  /  Alexandra ),Recruiter
job-card-6,CXRUS SOLUTIONS PTE. LTD.,System Engineer,"2500,3500"
job-card-7,THE SUPREME HR ADVISORY PTE. LTD.,Embedded System Engineer,"2500,3200"
job-card-8,CAPITA PTE. LTD.,System engineer,"3500,4500"
job-card-9,OFFICE PRODUCTIVITY SOLUTION PTE. LTD.,IT System Engineer,Salary undisclosed
job-card-10,COLLABERA TECHNOLOGIES PTE. LTD.,Vmware System Engineer,"5000,6500"
job-card-11,ENROCHEM PTE. LTD.,Senior System Engineer,"4500,6000"
job-card-12,ROBERT BOSCH (SOUTH EAST ASIA) PTE. LTD.,Senior System Engineer (Unified Communication),"5000,8500"
job-card-13,AIR LIQUIDE INDUSTRIAL SERVICES PTE LTD,Information System Engineer,"3500,5000"
job-card-14,TOFFS TECHNOLOGIES PTE. LTD.,Linux System Engineer,"2500,4000"
job-card-15,THE SUPREME HR ADVISORY PTE. LTD.,System Engineer,"3000,4000"
job-card-16,THE BLUE BARREL PTE. LTD.,Intrumentation Engineer-Control System(Immediate / Design / Refinery / O&G / Petrochem),"5000,6000"
job-card-17,HILL-ROM SERVICES PTE. LTD.,"Engineer, Testing","4000,6500"
job-card-18,NCS PTE. LTD.,Senior  /  Lead Systems Consultant (UNIX),"6000,10000"
job-card-19,EDMI LIMITED,System Delivery & Support Engineer,"3500,4500"
job-card-0,Company Undisclosed,"Advanced Engineer, Testing","5000,7000"
job-card-1,Company Undisclosed,Embedded Software Engineer,"4000,8000"
job-card-2,Company Undisclosed,It security Manager,"2000,7000"
