job-card-0,DIRECT ASIA MANAGEMENT SERVICES PTE. LTD.,Application Developer,"5000,9000"
job-card-1,NITYO INFOTECH SERVICES PTE. LTD.,Application Developer - .Net Web Developer Role,"5500,6000"
job-card-2,DP TECHNOLOGY PTE LTD,Application Developer,Salary undisclosed
job-card-3,SF CONSULTING PTE LTD,.Net Web Application Developer,Salary undisclosed
job-card-4,NITYO INFOTECH SERVICES PTE. LTD.,Application Developer,"6500,7500"
job-card-5,ACCION LABS PTE. LTD.,Mobile Application Developer,"6000,10000"
job-card-6,"JPMORGAN CHASE BANK, N.A.","Application Developer (Big Data), Regulatory Reporting Technology, Associate","6000,12000"
job-card-7,ASTRATA GROUP PTE. LTD.,Senior Application Developer,"4500,6000"
job-card-8,APAR TECHNOLOGIES PTE. LTD.,Mobile Application Developer  (iOS),"5500,8250"
job-card-9,SIMONE STUDIOS PTE. LTD.,React Native Mobile Application Developer,Salary undisclosed
job-card-10,SF CONSULTING PTE LTD,Application Developer (Robotic Process Automation / Artificial Intelligence),Salary undisclosed
job-card-11,OPTIMUM SOLUTIONS (SINGAPORE) PTE LTD,APPLICATION DEVELOPER (JAVA DEVELOPER),"3400,5500"
job-card-12,OPTIMUM SOLUTIONS (SINGAPORE) PTE LTD,APPLICATION DEVELOPER (.NET DEVELOPER),"3400,5500"
job-card-13,THE SUPREME HR ADVISORY PTE. LTD.,Operations IT Application Developer,"3000,4000"
job-card-14,R E & S ENTERPRISES PTE LTD,APPLICATION DEVELOPER (ERP),"2000,4000"
job-card-15,NEW TONE CONSULTING PTE. LTD.,Application Developer,"6000,10000"
job-card-16,ALPHANOVA PTE. LTD.,Application Developer (Power Builder),"3000,8000"
job-card-17,GLOBIBO PTE. LTD.,Web Application Developer,"2600,3300"
job-card-18,ALPHANOVA PTE. LTD.,Application Developer,"2000,8000"
job-card-19,SIMONE STUDIOS PTE. LTD.,Android Mobile Application Developer,Salary undisclosed
job-card-0,SOLDERFIELD PTE LTD,Senior Application Developer / System Analyst,"4000,6800"
job-card-1,HL ASSURANCE PTE. LTD.,Application Developer,Recruiter
job-card-2,"JPMORGAN CHASE BANK, N.A.",Java Application Developer - Enterprise Application,"7000,14000"
job-card-3,TCO RESOURCE SERVICES PTE. LTD.,.net Application Developer,Salary undisclosed
job-card-4,THE SUPREME HR ADVISORY PTE. LTD.,Application Developer,"2500,3500"
job-card-5,FSK ADVISORY PTE. LTD.,Mobile Application Developer (Android),"3000,5000"
job-card-6,THE SUPREME HR ADVISORY PTE. LTD.,Application Developer (Project & Support),"2800,4300"
job-card-7,SANDBOX CONSULTING PTE. LTD.,IOS Application Developer (Swift),"3000,4500"
job-card-8,EDENRED PTE. LTD.,Mobile Application Developer (Android),"3000,5500"
job-card-9,EDENRED PTE. LTD.,Mobile Application Developer (iOS),"3000,5500"
job-card-10,IBIZ CONSULTING SERVICES PTE LTD,Application Developer,"5500,6500"
job-card-11,NOVADE SOLUTIONS PTE. LTD.,Web & Mobile application developer,"3000,5000"
job-card-12,INFOGAIN SOLUTIONS PTE. LIMITED,Application Developer (AS400 – Life System),"4800,5600"
job-card-13,METEORITE INFORMATICS PTE. LTD.,Senior Application Developer,"5500,7500"
job-card-14,ZENITH INFOTECH (S) PTE LTD.,Application Developer,"4000,5000"
job-card-15,NITYO INFOTECH SERVICES PTE. LTD.,Application Developer,"4500,5400"
job-card-16,SINGAPORE MANAGEMENT UNIVERSITY,"Application Developer (2-year contract), Living Analytics Research Centre",via Recruiter
job-card-17,SINGAPORE MANAGEMENT UNIVERSITY,"Application Developer (2-year contract), Living Analytics Research Centre",via Recruiter
job-card-18,INTERNATIONAL APPLICATION SOLUTIONS PTE LTD,Application Developer- C#.NET with MVC,"4500,6500"
job-card-19,NITYO INFOTECH SERVICES PTE. LTD.,Application Developer,"5000,7000"
job-card-0,SOLDERFIELD PTE LTD,Senior Application Developer / System Analyst,"4000,6800"
job-card-1,HL ASSURANCE PTE. LTD.,Application Developer,Recruiter
job-card-2,"JPMORGAN CHASE BANK, N.A.",Java Application Developer - Enterprise Application,"7000,14000"
job-card-3,TCO RESOURCE SERVICES PTE. LTD.,.net Application Developer,Salary undisclosed
job-card-4,THE SUPREME HR ADVISORY PTE. LTD.,Application Developer,"2500,3500"
job-card-5,FSK ADVISORY PTE. LTD.,Mobile Application Developer (Android),"3000,5000"
job-card-6,THE SUPREME HR ADVISORY PTE. LTD.,Application Developer (Project & Support),"2800,4300"
job-card-7,SANDBOX CONSULTING PTE. LTD.,IOS Application Developer (Swift),"3000,4500"
job-card-8,EDENRED PTE. LTD.,Mobile Application Developer (Android),"3000,5500"
job-card-9,EDENRED PTE. LTD.,Mobile Application Developer (iOS),"3000,5500"
job-card-10,IBIZ CONSULTING SERVICES PTE LTD,Application Developer,"5500,6500"
job-card-11,NOVADE SOLUTIONS PTE. LTD.,Web & Mobile application developer,"3000,5000"
job-card-12,INFOGAIN SOLUTIONS PTE. LIMITED,Application Developer (AS400 – Life System),"4800,5600"
job-card-13,METEORITE INFORMATICS PTE. LTD.,Senior Application Developer,"5500,7500"
job-card-14,ZENITH INFOTECH (S) PTE LTD.,Application Developer,"4000,5000"
job-card-15,NITYO INFOTECH SERVICES PTE. LTD.,Application Developer,"4500,5400"
job-card-16,SINGAPORE MANAGEMENT UNIVERSITY,"Application Developer (2-year contract), Living Analytics Research Centre",via Recruiter
job-card-17,SINGAPORE MANAGEMENT UNIVERSITY,"Application Developer (2-year contract), Living Analytics Research Centre",via Recruiter
job-card-18,INTERNATIONAL APPLICATION SOLUTIONS PTE LTD,Application Developer- C#.NET with MVC,"4500,6500"
job-card-19,NITYO INFOTECH SERVICES PTE. LTD.,Application Developer,"5000,7000"
job-card-0,IQ DYNAMICS PTE LTD,Application Developer & Support Consultant,"3500,4300"
job-card-1,NETWORK FOR ELECTRONIC TRANSFERS (SINGAPORE) PTE LTD,Senior Application Developer,"4000,7000"
job-card-2,EPS COMPUTER SYSTEMS PTE LTD,Application Developer (Java),"4000,7000"
job-card-3,EXTRA EXCELLENCE (S) PTE LTD,Application Developer,"2500,3500"
job-card-4,ENCORA TECHNOLOGIES PTE. LTD.,Mobile Application developer,"8000,11000"
job-card-5,DANIEL WIRELESS SOFTWARE PTE. LTD.,Senior Mobile Application Developer / Architect,"4000,6000"
job-card-6,Company Undisclosed,Application Developer,via Recruiter
job-card-7,BIZCUBE SOLUTIONS PTE. LTD.,"WEB , MOBILE WEB APPLICATION DEVELOPER","2500,4000"
job-card-8,ZENITH INFOTECH (S) PTE LTD.,Application Developer,"4000,6000"
job-card-9,FSK ADVISORY PTE. LTD.,Senior Application Developer,"4500,6500"
job-card-10,ADECCO PERSONNEL PTE LTD,Application Developer,"6000,12000"
job-card-11,ALPHATECH BUSINESS SOLUTIONS PTE. LTD.,Mobile application Developer,"6000,8500"
job-card-12,ALPHATECH BUSINESS SOLUTIONS PTE. LTD.,Mobile application Developer,"6000,8500"
job-card-13,UST GLOBAL (SINGAPORE) PTE. LIMITED,Application Developer,"7000,10000"
job-card-14,ONYX ISLAND PTE. LTD.,Web Application Developer,"3000,4000"
job-card-15,TECHSTUDIO SOLUTIONS PTE. LTD.,Mobile Application Developer,Salary undisclosed
job-card-16,IPP FINANCIAL ADVISERS PTE. LTD.,Application Developer and Support,Salary undisclosed
job-card-17,THE SUPREME HR ADVISORY PTE. LTD.,Operations IT Application Developer,"3000,4000"
job-card-18,INFINITE COMPUTER SOLUTIONS PTE LTD,Application Developer,"4500,5500"
job-card-19,ALPHATECH BUSINESS SOLUTIONS PTE. LTD.,Mobile application Developer,"6000,8500"
job-card-0,TCO RESOURCE SERVICES PTE. LTD.,Application Developer  /  Team Lead,"3000,6500"
job-card-1,RANDSTAD PTE. LIMITED,Application Developer,"5000,6200"
job-card-2,RANDSTAD PTE. LIMITED,Senior Application Developer,"6200,7200"
job-card-3,ALPHATECH BUSINESS SOLUTIONS PTE. LTD.,Mobile application Developer,"6000,8500"
job-card-4,OPTIMUM SOLUTIONS (SINGAPORE) PTE LTD,Android Application Developer,"5000,9000"
job-card-5,PALO IT SINGAPORE PTE. LTD.,Application Developer,"5000,10000"
job-card-6,PALO IT SINGAPORE PTE. LTD.,Senior Application Architect - Lead / Senior Developer,"6000,12000"
job-card-7,PALO IT SINGAPORE PTE. LTD.,Senior Application Architect - Lead / Senior Developer,"6000,12000"
job-card-8,HELIUS TECHNOLOGIES PTE. LTD.,IOS Developer (Mobile Application),"6000,7500"
job-card-9,EPS COMPUTER SYSTEMS PTE LTD,Senior Java Developer /  Application Support Analyst(Project Lead),"4500,6800"
job-card-10,OPTIMUM SOLUTIONS (SINGAPORE) PTE LTD,Developer / Application Support,"5500,8500"
job-card-11,HCL SINGAPORE PTE. LTD.,SENIOR SOFTWARE DEVELOPER /  SENIOR TECHNICAL CONSULTANT- IOS	APPLICATION	DEVELOPMENT,"4500,7000"
job-card-12,CREDIT SUISSE SERVICES AG,Senior Developer #118037,"8000,15000"
job-card-13,CREDIT SUISSE AG,Senior AFG Developer #117658,"11667,20833"
job-card-14,HENDRICKS CORP. PTE. LTD.,Analytics Developer,"3000,5500"
job-card-15,HENDRICKS CORP. PTE. LTD.,Mobile App Developer,"5500,7000"
job-card-16,PATH INFOTECH PTE. LTD.,Required ASP.Net Developer,"6000,7000"
job-card-17,CREDIT SUISSE AG,Full Stack Front Office Developer #117739,"10000,19000"
job-card-18,CREDIT SUISSE AG,Full Stack Developer #116982,"11666,20833"
job-card-19,CITIBANK N.A.,O&T - Applications Development Senior Analyst Programmer - 18024110,"6666,11208"
job-card-0,OPTIMUM SOLUTIONS (SINGAPORE) PTE LTD,iOS \ Android Developer,"5000,8500"
job-card-1,TANGSPAC CONSULTING PTE LTD,.NET SQL Developer,"5500,7000"
job-card-2,TANGSPAC CONSULTING PTE LTD,.NET SQL Developer,"5000,6500"
job-card-3,ITCAN PTE. LIMITED,Java Full Stack Developer,"6000,12000"
job-card-4,HEALINT PTE. LTD.,Android Mobile Developer,"5500,7500"
job-card-5,FIGS INC PTE. LTD.,Front End Developer,"4500,7000"
job-card-6,SYNERGY ASIA PACIFIC PTE. LTD.,SharePoint Developer,"5000,7000"
job-card-7,SANDBOX CONSULTING PTE. LTD.,Cognos developer,"5000,6000"
job-card-8,SCIENTE INTERNATIONAL PTE. LTD.,Qlikview Developer (JD#4434),Recruiter
job-card-9,ADECCO PERSONNEL PTE LTD,Java Developer - Loanscape,"5000,9000"
job-card-10,SOFTENGER (SINGAPORE) PTE. LTD.,Full Stack Developer,"5000,6500"
job-card-11,U4 TECH PTE. LTD.,Agile Developer: JavaEE .NET ASP.NET PL / SQL,"3300,7000"
job-card-12,STANDARD CHARTERED BANK,Senior Developer - Container Platform Development,"10000,16000"
job-card-13,NEXUS CO-OPERATIVE LIMITED,iOS Developer,"6000,8000"
job-card-14,SOFTENGER (SINGAPORE) PTE. LTD.,Microservices Backend Developer,"6000,7500"
job-card-15,IM3 RESOURCE PTE. LTD.,MS SQL & DOT Net Developer,"3500,4300"
job-card-16,NEXUS CO-OPERATIVE LIMITED,Senior iOS Developer,"6000,10000"
job-card-17,NEXUS CO-OPERATIVE LIMITED,Backend Developer,"4000,6000"
job-card-18,ENERGY PRO SOLUTIONS PTE. LTD.,Software and Applications Developer and Analyst Nec,"5500,6500"
job-card-19,INVOSYSTEMS SOLUTIONS PTE. LTD.,Pega Certified Consultant,"4000,6500"
job-card-0,HOOQ DIGITAL PTE. LTD.,Front End Developer,"4000,7000"
job-card-1,TANGSPAC CONSULTING PTE LTD,.Net Developer,"6500,8000"
job-card-2,TANGSPAC CONSULTING PTE LTD,.Net Developer,"5000,6500"
job-card-3,SCIENTE INTERNATIONAL PTE. LTD.,"Manager, IT Developer (JD#4284)",Recruiter
job-card-4,SOFTENGER (SINGAPORE) PTE. LTD.,"Full stack Developer (With Javascript, Node.js, Vue.js, React.js or others)","5000,8000"
job-card-5,WIPRO LIMITED (SINGAPORE BRANCH),Java Developer / Senior Developer,"4000,6000"
job-card-6,DHL GLOBAL FORWARDING MANAGEMENT (ASIA PACIFIC) PTE. LTD.,RPA Developer,Salary undisclosed
job-card-7,SCIENTE INTERNATIONAL PTE. LTD.,Front End Developer (JD#4238),Recruiter
job-card-8,TECHCOM SOLUTIONS ASIA PACIFIC PTE. LTD.,Data Analytics Developer,"5000,7000"
job-card-9,CAPITA PTE. LTD.,Android Developer,"3500,7000"
job-card-10,CAPITA PTE. LTD.,iOS Mobile Developer,"3800,7000"
job-card-11,STANDARD CHARTERED BANK,Developer,"6250,12500"
job-card-12,OPUS IT SERVICES PTE LTD,soft ware developer,"2000,4500"
job-card-13,JK59 TRANSPORT PTE. LTD.,Full Stack Developer,Salary undisclosed
job-card-14,SANDBOX CONSULTING PTE. LTD.,Android Developer,"3000,4500"
job-card-15,ASIA FUSION TECHNOLOGY PTE. LTD.,Developer,"3000,6000"
job-card-16,ADECCO PERSONNEL PTE LTD,SUMMIT Software Engineer,"4000,6000"
job-card-17,EPS COMPUTER SYSTEMS PTE LTD,Mobile Developer (Android / iOS),Salary undisclosed
job-card-18,CC-DG SOLUTIONS PTE. LTD.,System Administrator,"6000,7500"
job-card-19,NITYO INFOTECH SERVICES PTE. LTD.,Unix System Administrator,"3500,3800"
