job-card-0,ARYAN SEARCH PTE. LTD.,Software Product Manager,"7000,8000"
job-card-1,CARPAL SG PTE. LTD.,Senior Product Manager,"3500,8500"
job-card-2,SINGAPORE LIFE PTE. LTD.,Product Manager,"6000,8500"
job-card-3,RAKUTEN ASIA PTE. LTD.,Product Manager (Reward Platform Group),"5000,8000"
job-card-4,MARALL SERVICES PTE. LTD.,SOFTWARE PRODUCT MANAGER - CLOUD BASED SaaS SOLUTIONS - PERMANENT ROLE,Recruiter
job-card-5,THE SUPREME HR ADVISORY PTE. LTD.,Product Manager,"5000,7000"
job-card-6,D-LINK INTERNATIONAL PTE LTD,Product Manager,"5000,7000"
job-card-7,Company Undisclosed,SEA  /  Regional Product Manager- Networking (Up To $7000 + VB),via Recruiter
job-card-8,4XLABS PTE. LTD.,Product Manager,"4000,6000"
job-card-9,NEXUS CO-OPERATIVE LIMITED,Product Manager,"5000,10000"
job-card-10,NEXUS CO-OPERATIVE LIMITED,Senior Product Manager,"5000,12000"
job-card-11,NTUC ENTERPRISE CO-OPERATIVE LTD,Product Manager,"5000,10000"
job-card-12,NTUC ENTERPRISE CO-OPERATIVE LTD,Senior Product Manager,"5000,12000"
job-card-13,NEXUS CO-OPERATIVE LIMITED,Senior Product Manager,"5000,12000"
job-card-14,NEXUS CO-OPERATIVE LIMITED,Technical Product Manager,Salary undisclosed
job-card-15,NEXUS CO-OPERATIVE LIMITED,Product Manager,"5000,10000"
job-card-16,ZENDESK SINGAPORE PTE. LTD.,Senior Product Manager,"11000,14000"
job-card-17,FCS COMPUTER SYSTEMS (S) PTE LTD,"Product Manager, Hospitality Software (Mobile, SaaS, B2B)","5000,8000"
job-card-18,PRUDENTIAL ASSURANCE COMPANY SINGAPORE (PTE) LIMITED,Digital Product Manager,"8000,14000"
job-card-19,HEALINT PTE. LTD.,Global B2C Product Manager,"8000,12000"
job-card-0,MEDIACORP PTE. LTD.,Senior Product Manager,"6000,9000"
job-card-1,SEARCH PERSONNEL PRIVATE LIMITED,Product Manager (Electro-mechanical products) - APAC region,Recruiter
job-card-2,KS CONSULTING PTE. LTD.,Product Manager,"7000,9000"
job-card-3,CAROUSELL PTE. LTD.,Product Manager,"5000,8000"
job-card-4,SINGAPORE PRESS HOLDINGS LIMITED,PRODUCT MANAGER (SPH MAGAZINES),"6000,7000"
job-card-5,REDMART LIMITED,Product Manager,"8000,11000"
job-card-6,RAKUTEN ASIA PTE. LTD.,Product Manager,"5000,7000"
job-card-7,90 SECONDS INTERNATIONAL PTE. LTD.,Product Manager,"6000,12000"
job-card-8,CTRLSHIFT SINGAPORE PTE. LTD.,Product Manager,"6000,8000"
job-card-9,THE CHOPE GROUP PTE. LTD.,Product Manager,"7000,10000"
job-card-10,ALEXANDER MANN BPO SOLUTIONS (SINGAPORE) PTE. LTD.,Card Product Manager,Recruiter
job-card-11,STANDARD CHARTERED BANK,Product Manager - Container Platforms,"12000,16000"
job-card-12,PRUDENTIAL ASSURANCE COMPANY SINGAPORE (PTE) LIMITED,Digital Product Manager (Distribution),"5000,10000"
job-card-13,M.TECH PRODUCTS PTE LTD,Product Manager,"2500,4000"
job-card-14,GIC PRIVATE LIMITED,"VP, Product Manager (GIC Lab)","7500,15000"
job-card-15,ALERE PTE. LTD.,"Product Manager - HIV Care, Sexually Transmitted Infections and Hepatitis Asia Pacific","90000,160000"
job-card-16,Company Undisclosed,Regional Product Manager Power Transmission Gearboxes,via Recruiter
job-card-17,SCIENTE INTERNATIONAL PTE. LTD.,Product Manager (JD#4370),Recruiter
job-card-18,SPD SCIENTIFIC PTE LTD,Regional Product Manager,"5000,6500"
job-card-19,I-SPRINT INNOVATIONS PTE LTD,AccessReal Product Manager,"5000,8000"
job-card-0,MEDIACORP PTE. LTD.,Senior Product Manager,"6000,9000"
job-card-1,SEARCH PERSONNEL PRIVATE LIMITED,Product Manager (Electro-mechanical products) - APAC region,Recruiter
job-card-2,KS CONSULTING PTE. LTD.,Product Manager,"7000,9000"
job-card-3,CAROUSELL PTE. LTD.,Product Manager,"5000,8000"
job-card-4,SINGAPORE PRESS HOLDINGS LIMITED,PRODUCT MANAGER (SPH MAGAZINES),"6000,7000"
job-card-5,REDMART LIMITED,Product Manager,"8000,11000"
job-card-6,RAKUTEN ASIA PTE. LTD.,Product Manager,"5000,7000"
job-card-7,90 SECONDS INTERNATIONAL PTE. LTD.,Product Manager,"6000,12000"
job-card-8,CTRLSHIFT SINGAPORE PTE. LTD.,Product Manager,"6000,8000"
job-card-9,THE CHOPE GROUP PTE. LTD.,Product Manager,"7000,10000"
job-card-10,ALEXANDER MANN BPO SOLUTIONS (SINGAPORE) PTE. LTD.,Card Product Manager,Recruiter
job-card-11,STANDARD CHARTERED BANK,Product Manager - Container Platforms,"12000,16000"
job-card-12,PRUDENTIAL ASSURANCE COMPANY SINGAPORE (PTE) LIMITED,Digital Product Manager (Distribution),"5000,10000"
job-card-13,M.TECH PRODUCTS PTE LTD,Product Manager,"2500,4000"
job-card-14,GIC PRIVATE LIMITED,"VP, Product Manager (GIC Lab)","7500,15000"
job-card-15,ALERE PTE. LTD.,"Product Manager - HIV Care, Sexually Transmitted Infections and Hepatitis Asia Pacific","90000,160000"
job-card-16,Company Undisclosed,Regional Product Manager Power Transmission Gearboxes,via Recruiter
job-card-17,SCIENTE INTERNATIONAL PTE. LTD.,Product Manager (JD#4370),Recruiter
job-card-18,SPD SCIENTIFIC PTE LTD,Regional Product Manager,"5000,6500"
job-card-19,I-SPRINT INNOVATIONS PTE LTD,AccessReal Product Manager,"5000,8000"
job-card-0,MONEYSMART SINGAPORE PTE. LTD.,Product Manager,"5000,9000"
job-card-1,INGENICO INTERNATIONAL (SINGAPORE) PTE LTD,"Senior Product Manager, B&A Asia","8000,9000"
job-card-2,MONEYSMART SINGAPORE PTE. LTD.,Product Manager,"4000,8000"
job-card-3,SP TELECOMMUNICATIONS PTE LTD,Product Manager,"5500,8500"
job-card-4,THE SUPREME HR ADVISORY PTE. LTD.,Product Manager [IT Background / Technical],"5000,7000"
job-card-5,PENTAIR WATER ASIA PACIFIC PTE. LTD.,Product Manager,Salary undisclosed
job-card-6,GP NETWORK ASIA PTE. LTD.,Product Manager,"7000,12000"
job-card-7,GP NETWORK ASIA PTE. LTD.,Product Manager,"12000,15000"
job-card-8,S&P GLOBAL ASIAN HOLDINGS PTE. LTD.,Product Manager,"10000,15500"
job-card-9,WEWORK SINGAPORE PTE. LTD.,Senior Product Manager,"12000,18000"
job-card-10,ALIPAY LABS (SINGAPORE) PTE. LTD.,Product Manager,"6000,9000"
job-card-11,IHEALTH (SINGAPORE) LABS PTE. LTD.,Product Manager (Hardware),"4000,4500"
job-card-12,SINGAPORE TELECOMMUNICATIONS LIMITED,Product Manager - Digital Workspace-as-a-Service (DWaaS),"4000,6000"
job-card-13,CHANEL PTE LIMITED,Assistant Product Manager,Salary undisclosed
job-card-14,LEADIQ SINGAPORE PTE. LTD.,Product Manager,"5000,7000"
job-card-15,WORKFORCE SINGAPORE AGENCY,Digital Product Manager,Salary undisclosed
job-card-16,STANDARD CHARTERED BANK,Cash Product Manager,"10000,20000"
job-card-17,MICROCOOL TECHNOLOGIES PTE. LTD.,Product Manager (Blockchain Trading Platform),"5000,7000"
job-card-18,CITIBANK SINGAPORE LIMITED,IPB - WM Insurance Product Manager - 18044210,"6666,11208"
job-card-19,GARENA ONLINE PRIVATE LIMITED,Assistant / Senior Product Manager,"6000,11000"
job-card-0,AIQ PTE. LTD.,Product Manager,"4000,5000"
job-card-1,LU INTERNATIONAL (SINGAPORE) FINANCIAL ASSET EXCHANGE PTE. LTD.,Product Manager,"7000,10000"
job-card-2,BANDLAB SINGAPORE PTE. LTD.,Associate Product Manager,"4000,6000"
job-card-3,TRANSFERWISE SINGAPORE PTE. LTD.,Product Manager,"8000,11000"
job-card-4,DBS BANK LTD.,"VP, Product Manager (Funds & Private Equity Sales- Wealth), Private Banking (180003NG)","10400,18700"
job-card-5,DBS BANK LTD.,"AVP, Product Manager (Funds & Private Equity Sales- Wealth), Private Banking (180003NG)","6500,11700"
job-card-6,LOVEBONITO SINGAPORE PTE. LTD.,Product Manager,"4000,6000"
job-card-7,TRANSFERWISE SINGAPORE PTE. LTD.,Product Manager,"10000,15000"
job-card-8,LOVEBONITO SINGAPORE PTE. LTD.,Product Manager,"4000,6000"
job-card-9,GLAXOSMITHKLINE PTE LTD,Associate Product Manager,"4000,8000"
job-card-10,NTUC INCOME INSURANCE CO-OPERATIVE LTD,Product Manager,"4000,8000"
job-card-11,CITIBANK SINGAPORE LIMITED,IPB - Investment Product Manager-18044325,"10000,17500"
job-card-12,CAROUSELL PTE. LTD.,Senior Product Manager,"11000,14000"
job-card-13,CAROUSELL PTE. LTD.,Senior Product Manager,"8000,11000"
job-card-14,CAROUSELL PTE. LTD.,Product Manager,"8000,11000"
job-card-15,ASPIRE FINANCIAL TECHNOLOGIES PTE. LTD.,Product Manager,Salary undisclosed
job-card-16,"JPMORGAN CHASE BANK, N.A.",Product Manager  /  FinTech - Sales - Vice President,"7500,15000"
job-card-17,KEMIN INDUSTRIES (ASIA) PTE LIMITED,Senior Product Manager,"6000,9000"
job-card-18,UNITED OVERSEAS BANK LIMITED,Product Manager,"8000,14000"
job-card-19,DBS BANK LTD.,Product Manager,"6500,8000"
job-card-0,DFS VENTURE SINGAPORE (PTE) LIMITED,Product Sales Manager,"6800,13000"
job-card-1,LINKEDIN SINGAPORE PTE. LTD.,Product Marketing Manager,"8000,15000"
job-card-2,SYSTEMS ON SILICON MANUFACTURING COMPANY PTE LTD,Product & Test Engineering Senior Manager  /  Manager,"4000,7000"
job-card-3,GRABTAXI HOLDINGS PTE. LTD.,"Product Operations Manager, Driver Experience","10000,15000"
job-card-4,WILHELMSEN SHIPS SERVICE (S) PTE. LTD.,"Product Marketing Manager, Water Solutions","6500,8500"
job-card-5,MANULIFE (SINGAPORE) PTE. LTD.,"Assistant Manager, Product Pricing","5000,8000"
job-card-6,GOOGLE ASIA PACIFIC PTE. LTD.,"Product Marketing Manager, Growth Partnerships, Google Play (English, Mandarin or Cantonese) - Singa","14000,14200"
job-card-7,STANDARD CHARTERED BANK,"Manager, Product Control","7000,14000"
job-card-8,CAPITALAND LIMITED,"Senior Executive / Manager, CapitaStar (Product & Tech)",Recruiter
job-card-9,SIMONE STUDIOS PTE. LTD.,Product Marketing Manager,Salary undisclosed
job-card-10,DKSH SINGAPORE PTE. LTD.,"Assistant Manager, Product Management","3700,4500"
job-card-11,CIMB BANK BERHAD,"Manager, Product Management, Credit Cards & Personal Financing","4500,5200"
job-card-12,THE HONGKONG AND SHANGHAI BANKING CORPORATION LIMITED,Product Implementation Manager,Recruiter
job-card-13,AUDI SINGAPORE PTE. LTD.,Group After Sales Product and Pricing Manager,Salary undisclosed
job-card-14,FACEBOOK SINGAPORE PTE. LTD.,Program Manager - Product and Service Operations,"6000,12000"
job-card-15,MIGHTCAST PTE. LTD.,Product and Operations Manager,"3500,5000"
job-card-16,EPS COMPUTER SYSTEMS PTE LTD,Product Marketing Manager (Tech / Consumer Products),Salary undisclosed
job-card-17,PHILIPS ELECTRONICS SINGAPORE PTE LTD,"Asst Manager, Product Research Centre","4000,6000"
job-card-18,M1 LIMITED,"Manager, Product Development","4000,8000"
job-card-19,MACNICA ASIA PACIFIC PTE. LTD.,Product Marketing Manager (New position),"3500,5000"
job-card-0,STARHUB LTD.,"Product & Market Development Manager (Retail , Smart Targeting)",Salary undisclosed
job-card-1,BLACKMORES INTERNATIONAL PTE. LIMITED,Product Development Manager,"5000,7000"
job-card-2,STARCOM MEDIA WORLDWIDE,Manager - Growth and Product,"4000,8000"
job-card-3,SINGAPORE TELECOMMUNICATIONS LIMITED,"Product Marketing Manager, Prepaid","4500,9000"
job-card-4,STARHUB LTD.,"Senior Manager, Product Marketing",Salary undisclosed
job-card-5,BIO-RAD LABORATORIES (SINGAPORE) PTE LTD,"Sales Specialist, Life Sciences Division","5000,6500"
job-card-6,TTI ELECTRONICS ASIA PTE LTD,Strategic Quote Project Manager,Salary undisclosed
job-card-7,DP INFORMATION NETWORK PTE. LTD.,Product Analyst,"2800,3500"
job-card-8,DP INFORMATION NETWORK PTE. LTD.,Product Analyst,"3500,4000"
job-card-9,CAROUSELL PTE. LTD.,senior data analyst,"9000,12000"
job-card-10,CAROUSELL PTE. LTD.,Senior Data Analyst,"6000,9000"
job-card-11,KPMG SERVICES PTE. LTD.,Assistant Manager - User Experience,"6400,7100"
job-card-12,KPMG SERVICES PTE. LTD.,Senior Associate - User Experience,"4900,6000"
job-card-13,CITIBANK N.A.,O&T - e Relationship Manager - 18038394,"6666,11208"
job-card-14,AMADEUS GDS SINGAPORE PTE. LTD.,Functional Analyst,"6000,8500"
job-card-15,TRADEGECKO PTE. LTD.,Software Engineer,"4500,7000"
job-card-16,YARA ASIA PTE. LTD.,Frontend Developer (Smallholder Digital Innovation Centre),"5000,10000"
job-card-17,WEGO PTE. LTD.,Software Engineer (iOS / Android),"3500,10000"
job-card-18,GMP RECRUITMENT SERVICES (S) PTE LTD,"Senior Product Marketing (East, Japanese MNC, Up to $4K)",Recruiter
job-card-19,GC ASIA DENTAL PTE LTD,SE Asia Professional Services and Opinion Leader Manager,"4000,7000"
