job-card-0,ACALUTION PTE. LTD.,Principal  /  Senior Technical Consultant - T24 Product Specialist,"8000,12000"
job-card-1,SALESFORCE.COM SINGAPORE PTE. LTD.,Senior Technical Consultant,"12000,16000"
job-card-2,ARETE RESOURCES PTE. LTD.,Senior Technical Consultant - Integration (ID 2018-15719),Recruiter
job-card-3,SQL VIEW PTE LTD,Technical Consultant,"3000,5000"
job-card-4,APAR TECHNOLOGIES PTE. LTD.,Technical Consultant,"5500,8200"
job-card-5,SALESFORCE.COM SINGAPORE PTE. LTD.,Senior Technical Consultant,"12000,16000"
job-card-6,EPS COMPUTER SYSTEMS PTE LTD,Technical Consultant,"6000,7500"
job-card-7,ACI WORLDWIDE (ASIA) PTE. LTD.,Senior Technical Consultant,"73794,147588"
job-card-8,THE SUPREME HR ADVISORY PTE. LTD.,Technical Consultant (IT),"3000,4000"
job-card-9,FPT SOFTWARE SOLUTIONS ASIA PACIFIC PTE. LTD.,Senior Technical Consultant,"6000,7000"
job-card-10,OFFICE SECRETARIES PTE. LTD.,SAP Technical Consultant,"5000,6000"
job-card-11,DIMENSION DATA (SINGAPORE) PTE. LTD.,Technical Consultant,"5000,8000"
job-card-12,AVALOQ ASIA PACIFIC PTE. LTD.,Senior Business & Technical Consultant,"6500,9500"
job-card-13,AVALOQ ASIA PACIFIC PTE. LTD.,Business & Technical Consultant,"5000,75000"
job-card-14,IBIZ CONSULTING PTE. LTD.,Technical Consultant,"3000,6000"
job-card-15,GENIE GENIUS PTE. LTD.,Oracle Applications Technical Consultant,"4500,6000"
job-card-16,AVALOQ ASIA PACIFIC PTE. LTD.,Technical Consultant,"5000,7000"
job-card-17,THAKRAL BROTHERS (PRIVATE) LIMITED,Senior Technical Consultant,"10500,13500"
job-card-18,INTERNATIONAL SOS TECHNOLOGY SERVICES PTE. LTD.,Technical Consultant - Salesforce,Salary undisclosed
job-card-19,FPT SOFTWARE SOLUTIONS ASIA PACIFIC PTE. LTD.,Software Technical Consultant,"5000,6000"
job-card-0,RANDSTAD PTE. LIMITED,Software Technical Consultant,"5500,6500"
job-card-1,TOSS-EX PTE. LTD.,Senior Technical Consultant,Recruiter
job-card-2,RANDSTAD PTE. LIMITED,Technical Consultant,"6500,7800"
job-card-3,FIS TECHNOLOGY SERVICES SINGAPORE PTE. LTD.,Implementation Conversion Technical Consultant,"4000,8000"
job-card-4,HCL SINGAPORE PTE. LTD.,SENIOR SOFTWARE DEVELOPER /  SENIOR TECHNICAL CONSULTANT- IOS	APPLICATION	DEVELOPMENT,"4500,7000"
job-card-5,ITCAN PTE. LIMITED,RPG  /  AS400 Programmer  /  Functional  /  Technical Consultant,"6500,13000"
job-card-6,GOOGLE ASIA PACIFIC PTE. LTD.,"Solutions Consultant, Google Technical Services - Singapore","7250,12083"
job-card-7,GOOGLE ASIA PACIFIC PTE. LTD.,"Technical Solutions Consultant, Mobile OEM (English, Mandarin, Korean) - Singapore","6750,13500"
job-card-8,GOOGLE ASIA PACIFIC PTE. LTD.,"Technical Solutions Consultant, Mobile, Google Technical Services - Singapore","7250,14500"
job-card-9,KBC ADVANCED TECHNOLOGY PTE LTD,Consultant - Technical Sales Support,"6000,12000"
job-card-10,SWISS RE ASIA PTE. LTD.,Technical Design Consultant,"6000,12000"
job-card-11,KELLY SERVICES (SINGAPORE) PTE. LTD.,Technical Implementation Consultant,"5500,8200"
job-card-12,IGNIS PTE LTD,Technical Sales Consultant,"3000,4200"
job-card-13,ALEXANDER MANN BPO SOLUTIONS (SINGAPORE) PTE. LTD.,"AVP  /  VP, Technical Project Solutions Consultant, Global Technology and Operations",Recruiter
job-card-14,Company Undisclosed,Technical Support cum Consultant,via Recruiter
job-card-15,ALEXANDER MANN BPO SOLUTIONS (SINGAPORE) PTE. LTD.,"AVP, Technical Project Solutions Consultant, Global Technology and Operations",Recruiter
job-card-16,HCL SINGAPORE PTE. LTD.,Senior Consultant - Oracle Apps Technical,"5500,7500"
job-card-17,OPTIMUM SOLUTIONS (SINGAPORE) PTE LTD,T24 Product Consultant – Technical,"8500,10500"
job-card-18,KOFAX SINGAPORE PTE. LTD.,Professional Services Consultant,Salary undisclosed
job-card-19,METEORITE INFORMATICS PTE. LTD.,SAP Consultant,"5500,8500"
job-card-0,RANDSTAD PTE. LIMITED,Software Technical Consultant,"5500,6500"
job-card-1,TOSS-EX PTE. LTD.,Senior Technical Consultant,Recruiter
job-card-2,RANDSTAD PTE. LIMITED,Technical Consultant,"6500,7800"
job-card-3,FIS TECHNOLOGY SERVICES SINGAPORE PTE. LTD.,Implementation Conversion Technical Consultant,"4000,8000"
job-card-4,HCL SINGAPORE PTE. LTD.,SENIOR SOFTWARE DEVELOPER /  SENIOR TECHNICAL CONSULTANT- IOS	APPLICATION	DEVELOPMENT,"4500,7000"
job-card-5,ITCAN PTE. LIMITED,RPG  /  AS400 Programmer  /  Functional  /  Technical Consultant,"6500,13000"
job-card-6,GOOGLE ASIA PACIFIC PTE. LTD.,"Solutions Consultant, Google Technical Services - Singapore","7250,12083"
job-card-7,GOOGLE ASIA PACIFIC PTE. LTD.,"Technical Solutions Consultant, Mobile OEM (English, Mandarin, Korean) - Singapore","6750,13500"
job-card-8,GOOGLE ASIA PACIFIC PTE. LTD.,"Technical Solutions Consultant, Mobile, Google Technical Services - Singapore","7250,14500"
job-card-9,KBC ADVANCED TECHNOLOGY PTE LTD,Consultant - Technical Sales Support,"6000,12000"
job-card-10,SWISS RE ASIA PTE. LTD.,Technical Design Consultant,"6000,12000"
job-card-11,KELLY SERVICES (SINGAPORE) PTE. LTD.,Technical Implementation Consultant,"5500,8200"
job-card-12,IGNIS PTE LTD,Technical Sales Consultant,"3000,4200"
job-card-13,ALEXANDER MANN BPO SOLUTIONS (SINGAPORE) PTE. LTD.,"AVP  /  VP, Technical Project Solutions Consultant, Global Technology and Operations",Recruiter
job-card-14,Company Undisclosed,Technical Support cum Consultant,via Recruiter
job-card-15,ALEXANDER MANN BPO SOLUTIONS (SINGAPORE) PTE. LTD.,"AVP, Technical Project Solutions Consultant, Global Technology and Operations",Recruiter
job-card-16,HCL SINGAPORE PTE. LTD.,Senior Consultant - Oracle Apps Technical,"5500,7500"
job-card-17,OPTIMUM SOLUTIONS (SINGAPORE) PTE LTD,T24 Product Consultant – Technical,"8500,10500"
job-card-18,KOFAX SINGAPORE PTE. LTD.,Professional Services Consultant,Salary undisclosed
job-card-19,METEORITE INFORMATICS PTE. LTD.,SAP Consultant,"5500,8500"
job-card-0,GOVERNMENT TECHNOLOGY AGENCY,"Senior Consultant / Consultant, Cloud and Infrastructure Architect",Salary undisclosed
job-card-1,EMERSON PROCESS MANAGEMENT ASIA PACIFIC PRIVATE LIMITED,Flow Consultant (FLOW_17011987),"6000,10000"
job-card-2,ADEPT ENTERPRISE SOLUTIONS PTE. LTD.,Solutions Consultant,"2300,6500"
job-card-3,PATH INFOTECH PTE. LTD.,Required Salesforce Consultant-12 Months Contract,"6000,7500"
job-card-4,ICON BUSINESS SOLUTIONS PTE. LTD.,Presales - Consultant BI,"3000,6000"
job-card-5,FRIARTUCK PTE LTD,Integrations Consultant,"4200,6400"
job-card-6,CPM CONSULTING PTE. LTD.,Associate Consultant,"3000,4000"
job-card-7,GENIE GENIUS PTE. LTD.,Salesforce CRM techno-Functional Consultant,"3500,6000"
job-card-8,GOVERNMENT TECHNOLOGY AGENCY,"Infrastructure Engineer, Microsoft 365 /  Azure Services",Salary undisclosed
job-card-9,WOODPECKER ASIA TECH PTE. LTD.,Platform Architect,Salary undisclosed
job-card-10,GOVERNMENT TECHNOLOGY AGENCY,"Consultant, Desktop and Workplace Infrastructure / Services",Salary undisclosed
job-card-11,AMAZON WEB SERVICES SINGAPORE PRIVATE LIMITED,Cloud Technical Account Manager,"12000,15000"
job-card-12,RANDSTAD PTE. LIMITED,Technical Lead,"8000,10000"
job-card-13,RANDSTAD PTE. LIMITED,Technical Lead,"7000,8500"
job-card-14,SINGAPORE TELECOMMUNICATIONS LIMITED,"Manager, Business Project Manager","8000,10000"
job-card-15,EPAM SYSTEMS PTE. LTD.,Software Testing Engineer,Salary undisclosed
job-card-16,THE SUPREME HR ADVISORY PTE. LTD.,it consultant,"2300,3000"
job-card-17,RANDSTAD PTE. LIMITED,Senior Application Developer,"6200,7200"
job-card-18,PACTERA SINGAPORE PTE. LTD.,Senior DevOps Engineer,"5500,9000"
job-card-19,PATH INFOTECH PTE. LTD.,Required Dynamics CRM Consultant / AX,"4000,7000"
job-card-0,PATH INFOTECH PTE. LTD.,Required Hyperion & HFM Consultant,"6000,8000"
job-card-1,PATH INFOTECH PTE. LTD.,Required Hyperion & HFM  Consultant,"6000,8000"
job-card-2,KELLY SERVICES (SINGAPORE) PTE. LTD.,SAP HANA Techno Functional Consultant,"15000,22500"
job-card-3,KELLY SERVICES (SINGAPORE) PTE. LTD.,SAP HANA Techno Functional Consultant,"10000,15000"
job-card-4,KELLY SERVICES (SINGAPORE) PTE. LTD.,SAP HANA Techno Functional Consultant,"7000,10500"
job-card-5,PATH INFOTECH PTE. LTD.,Required IT Security Consultant,"5000,5500"
job-card-6,CRITEO SINGAPORE PTE. LTD.,"Technical Solutions Engineer, Large Customers Indonesia, HK, TW","50000,96000"
job-card-7,CRITEO SINGAPORE PTE. LTD.,"Technical Solutions Engineer, Mid-Market SEA","50000,96000"
job-card-8,KEYTEO CONSULTING PTE. LTD.,Technical role - Data Loss Protection,"8000,16000"
job-card-9,KEWMANN PTE. LTD.,Data Engineer  /  Data Scientist,"3000,6000"
job-card-10,PATH INFOTECH PTE. LTD.,Oracle ERP Developer - HCM,"6000,7000"
job-card-11,PATH INFOTECH PTE. LTD.,Required Oracle Apps Techno-Functional,"6000,7000"
job-card-12,PATH INFOTECH PTE. LTD.,Oracle Apps Techno-Functional-Financial,"5500,7000"
job-card-13,PATH INFOTECH PTE. LTD.,Required Oracle ERP Developer,"5500,7000"
job-card-14,Company Undisclosed,Technical Consultant,"4000,6000"
job-card-15,Company Undisclosed,Technical Consultant,"4000,6000"
job-card-16,Company Undisclosed,Senior Technical Consultant,"3500,7000"
job-card-17,Company Undisclosed,Technical Consultant cum Customer Support,"3000,4000"
job-card-18,Company Undisclosed,Senior Technical Consultant,"5000,7500"
job-card-19,Company Undisclosed,Business Technical Consultant (Ref 22486),"3000,6000"
