job-card-0,DEUTSCHE BANK AKTIENGESELLSCHAFT,Global Transaction Banking - KYC Quality Control Analyst - AVP,"8000,12000"
job-card-1,RESOURCES GLOBAL PROFESSIONALS (SINGAPORE) PTE. LTD.,"Project Consultant - Business Analyst, Supply Chain (6-12 months' contract)","5500,10000"
job-card-2,MANPOWER STAFFING SERVICES (SINGAPORE) PTE LTD,SAP PP - Business Analyst,"7000,8000"
job-card-3,RIDIK PTE. LTD.,Business Analyst,"5500,7500"
job-card-4,RIDIK SOFTWARE SOLUTIONS PTE. LTD.,Business Analyst,"5500,7500"
job-card-5,OLDENDORFF CARRIERS (SINGAPORE) PTE. LTD.,Junior Steel / Iron Ore Analyst,"5000,7000"
job-card-6,WOOD MACKENZIE ASIA PACIFIC PTE. LTD.,Senior Analyst,"7000,9000"
job-card-7,IMPACT INVESTMENT EXCHANGE (ASIA) PTE. LTD.,Investment Analyst,"3000,3600"
job-card-8,IMPACT INVESTMENT EXCHANGE (ASIA) PTE. LTD.,"Analyst, Job","2700,3000"
job-card-9,SPENCER STUART & ASSOCIATES (SINGAPORE) PTE LTD,"Business Development Analyst (Financial Services Practice, Asia Pacific Region)","4000,4500"
job-card-10,BLUECHIP PLATFORMS ASIA PTE. LTD.,Senior Investment Analyst,Salary undisclosed
job-card-11,EPAM SYSTEMS PTE. LTD.,Support Analyst,Salary undisclosed
job-card-12,JOHNSON & JOHNSON PTE. LTD.,"Senior Analyst, GSIA APAC Beauty Care","5000,10000"
job-card-13,EPAM SYSTEMS PTE. LTD.,Support Analyst,Salary undisclosed
job-card-14,WILLIAMS-SONOMA SINGAPORE PTE. LTD.,Analyst Programmer,"3800,4200"
job-card-15,ROBERT WALTERS (SINGAPORE) PTE LTD,KYC Analyst,Recruiter
job-card-16,HGP ASIA PTE. LTD.,IT Analyst,"3000,5000"
job-card-17,WOOD MACKENZIE ASIA PACIFIC PTE. LTD.,Analyst,Salary undisclosed
job-card-18,FRAGOMEN SINGAPORE PTE. LTD.,Business Process & Transformation Analyst (APAC region),"6000,8000"
job-card-19,AMAZON WEB SERVICES SINGAPORE PRIVATE LIMITED,ASEAN Business Operations Analyst,"4500,8000"
job-card-0,Ministry of Manpower,"Research Analyst / Senior Research Analyst (Retirement Systems), Income Security Policy Division",Salary undisclosed
job-card-1,Ministry of Manpower,"Data Analyst, Income Security Policy Division (1-year Contract)",Salary undisclosed
job-card-2,WORLDQUANT (SINGAPORE) PTE. LTD.,WebSim Business Development Analyst,"8000,12000"
job-card-3,BLUECHIP PLATFORMS ASIA PTE. LTD.,"HFT, Quant Analyst / Researcher / Trader",Salary undisclosed
job-card-4,LINKEDIN SINGAPORE PTE. LTD.,Senior Digital Marketing Insights Analyst - Marketing Solutions,"7825,14525"
job-card-5,ALEXANDER MANN BPO SOLUTIONS (SINGAPORE) PTE. LTD.,(Future Positions-Campus) APAC Singapore Global Technology Analyst 2019 (Data Analytics or Infra),Recruiter
job-card-6,S&P GLOBAL ASIAN HOLDINGS PTE. LTD.,Senior LNG Analyst,"8000,13000"
job-card-7,ADDSTONES SAS,Project Manager  /  Business Analyst MIFIR,Salary undisclosed
job-card-8,BLUECHIP PLATFORMS ASIA PTE. LTD.,"Senior Credit Risk Analyst, Metals trading",Salary undisclosed
job-card-9,BLUECHIP PLATFORMS ASIA PTE. LTD.,Trade Support Analyst – Global Energy Trading MNC,Salary undisclosed
job-card-10,JOHNSON & JOHNSON PTE. LTD.,Business Analyst for Janssen Asia Pacific Regional Functions,"6000,12000"
job-card-11,AVIVA ASIA PTE LTD,Application Analyst,"3000,6000"
job-card-12,S&P GLOBAL ASIAN HOLDINGS PTE. LTD.,Energy Analyst,"6400,11000"
job-card-13,GOOGLE ASIA PACIFIC PTE. LTD.,Staffing Channels Analyst - Singapore,"5650,11300"
job-card-14,INTERSOFTKK (SINGAPORE) PTE. LTD.,QA Analyst,"2900,3500"
job-card-15,GOOGLE ASIA PACIFIC PTE. LTD.,"Data Analyst, Online Partnerships Group - Singapore","5500,11000"
job-card-16,Company Undisclosed,Quantitative Analyst,via Recruiter
job-card-17,ROBERT WALTERS (SINGAPORE) PTE LTD,KYC Analyst,Recruiter
job-card-18,INTELLECT MINDS PTE. LTD.,Test Analyst (Security),"1500,3000"
job-card-19,GOOGLE ASIA PACIFIC PTE. LTD.,"Financial Analyst, Tez - Singapore","6125,12250"
job-card-0,Ministry of Manpower,"Research Analyst / Senior Research Analyst (Retirement Systems), Income Security Policy Division",Salary undisclosed
job-card-1,Ministry of Manpower,"Data Analyst, Income Security Policy Division (1-year Contract)",Salary undisclosed
job-card-2,WORLDQUANT (SINGAPORE) PTE. LTD.,WebSim Business Development Analyst,"8000,12000"
job-card-3,BLUECHIP PLATFORMS ASIA PTE. LTD.,"HFT, Quant Analyst / Researcher / Trader",Salary undisclosed
job-card-4,LINKEDIN SINGAPORE PTE. LTD.,Senior Digital Marketing Insights Analyst - Marketing Solutions,"7825,14525"
job-card-5,ALEXANDER MANN BPO SOLUTIONS (SINGAPORE) PTE. LTD.,(Future Positions-Campus) APAC Singapore Global Technology Analyst 2019 (Data Analytics or Infra),Recruiter
job-card-6,S&P GLOBAL ASIAN HOLDINGS PTE. LTD.,Senior LNG Analyst,"8000,13000"
job-card-7,ADDSTONES SAS,Project Manager  /  Business Analyst MIFIR,Salary undisclosed
job-card-8,BLUECHIP PLATFORMS ASIA PTE. LTD.,"Senior Credit Risk Analyst, Metals trading",Salary undisclosed
job-card-9,BLUECHIP PLATFORMS ASIA PTE. LTD.,Trade Support Analyst – Global Energy Trading MNC,Salary undisclosed
job-card-10,JOHNSON & JOHNSON PTE. LTD.,Business Analyst for Janssen Asia Pacific Regional Functions,"6000,12000"
job-card-11,AVIVA ASIA PTE LTD,Application Analyst,"3000,6000"
job-card-12,S&P GLOBAL ASIAN HOLDINGS PTE. LTD.,Energy Analyst,"6400,11000"
job-card-13,GOOGLE ASIA PACIFIC PTE. LTD.,Staffing Channels Analyst - Singapore,"5650,11300"
job-card-14,INTERSOFTKK (SINGAPORE) PTE. LTD.,QA Analyst,"2900,3500"
job-card-15,GOOGLE ASIA PACIFIC PTE. LTD.,"Data Analyst, Online Partnerships Group - Singapore","5500,11000"
job-card-16,Company Undisclosed,Quantitative Analyst,via Recruiter
job-card-17,ROBERT WALTERS (SINGAPORE) PTE LTD,KYC Analyst,Recruiter
job-card-18,INTELLECT MINDS PTE. LTD.,Test Analyst (Security),"1500,3000"
job-card-19,GOOGLE ASIA PACIFIC PTE. LTD.,"Financial Analyst, Tez - Singapore","6125,12250"
job-card-0,NATIONAL UNIVERSITY OF SINGAPORE,IT Software Analyst,"2800,4200"
job-card-1,ADROIT HR PROFESSIONAL PTE. LTD.,Accounts Receivable Collections Analyst / Credit & Collection Specialist (Japanese Speaking) -IT MNC,Salary undisclosed
job-card-2,SOUTH BEACH INTERNATIONAL HOTEL MANAGEMENT PTE. LTD.,Revenue Analyst (Hotel and Accommodation Services),"2800,3500"
job-card-3,LEGO SINGAPORE PTE. LTD.,"Senior Sales and Operations Analyst, Emerging Asia","68000,120000"
job-card-4,VMWARE SINGAPORE PTE. LTD.,Senior Revenue Analyst APJ,"6000,8000"
job-card-5,TRAKOMATIC PTE. LTD.,Data analyst,"3500,4500"
job-card-6,ROBERT WALTERS (SINGAPORE) PTE LTD,Securities Operations Analyst,Recruiter
job-card-7,ESSILOR AMERA PTE. LTD.,ERP Supply Chain Analyst,"4000,5000"
job-card-8,HITACHI ASIA LTD.,Global Social Media Analyst,"3000,6000"
job-card-9,EU YAN SANG INTERNATIONAL LTD,IT Solutions Analyst,"5000,6000"
job-card-10,THE TORONTO-DOMINION BANK,"Analyst, IT Change Management","5000,8000"
job-card-11,VOLT SERVICE CORPORATION PTE. LTD.,Pricing Analyst,Recruiter
job-card-12,BLUE STAR INFOSTACK SOLUTIONS PTE. LTD.,Senior Business Analyst,"7000,10000"
job-card-13,ZENITH INFOTECH (S) PTE LTD.,System Analyst,Salary undisclosed
job-card-14,COSTELLO MEDICAL SINGAPORE PTE. LTD.,Bilingual Mandarin Medical Writer / Analyst,"3600,4300"
job-card-15,BLUECHIP PLATFORMS ASIA PTE. LTD.,senior credit analyst (vp) – trade & commodities finance,Salary undisclosed
job-card-16,KERRY CONSULTING PTE. LTD.,KYC analyst - Global Dry Bulk MNC (6 months Contract),Recruiter
job-card-17,ALEXANDER MANN BPO SOLUTIONS (SINGAPORE) PTE. LTD.,(Future Positions-Campus) APAC Singapore Global Markets Sales & Trading Full Time Analyst 2019,Recruiter
job-card-18,ALEXANDER MANN BPO SOLUTIONS (SINGAPORE) PTE. LTD.,(Future Positions-Campus) APAC Singapore Global Markets Sales & Trading Full Time Analyst 2019,Recruiter
job-card-19,ALEXANDER MANN BPO SOLUTIONS (SINGAPORE) PTE. LTD.,(Future Positions-Campus) APAC Singapore Global Capital Markets Full Time Analyst Program 2019,Recruiter
job-card-0,ALEXANDER MANN BPO SOLUTIONS (SINGAPORE) PTE. LTD.,(Future Positions-Campus) APAC Singapore Global Investment Banking Full Time Analyst 2019,Recruiter
job-card-1,ALEXANDER MANN BPO SOLUTIONS (SINGAPORE) PTE. LTD.,(Future Positions-Campus) APAC Singapore Global Research Full Time Analyst 2019,Recruiter
job-card-2,ALEXANDER MANN BPO SOLUTIONS (SINGAPORE) PTE. LTD.,(Future Positions-Campus) APAC Singapore Global Transaction Services Full Time Analyst 2019,Recruiter
job-card-3,TETRA PAK SOUTH EAST ASIA PTE LTD,Senior Analyst,Salary undisclosed
job-card-4,ALEXANDER MANN BPO SOLUTIONS (SINGAPORE) PTE. LTD.,(Future Positions-Campus) APAC Singapore Corporate Audit Full Time Analyst 2019,Recruiter
job-card-5,ALEXANDER MANN BPO SOLUTIONS (SINGAPORE) PTE. LTD.,(Future Positions-Campus) APAC Singapore Global Technology Analyst 2019 (Information Security),Recruiter
job-card-6,ALEXANDER MANN BPO SOLUTIONS (SINGAPORE) PTE. LTD.,(Future Positions-Campus) APAC Singapore Global Technology Analyst 2019 (Developer),Recruiter
job-card-7,Company Undisclosed,Business Analyst Manager (JD#4402),via Recruiter
job-card-8,FIRIUM SOLUTIONS (ASIA PACIFIC) PTE LTD,Business Analyst,"5500,6500"
job-card-9,KERRY CONSULTING PTE. LTD.,Shipping /  Marine Analyst - Commodities trading MNC,Recruiter
job-card-10,KERRY CONSULTING PTE. LTD.,KYC / AML Analyst - Global Metals and Mining MNC,Recruiter
job-card-11,HILTON INTERNATIONAL ASIA PACIFIC PTE LTD,"Analyst, Food & Beverage Revenue – Asia Pacific (6 months contract)",Salary undisclosed
job-card-12,KERRY CONSULTING PTE. LTD.,Senior FP&A Analyst (Medical Services),Recruiter
job-card-13,OMD SINGAPORE PTE. LTD.,Analyst,"2800,3800"
job-card-14,BLUE STAR INFOSTACK SOLUTIONS PTE. LTD.,Senior Software Testing Analyst,"5500,8000"
job-card-15,BLUE STAR INFOSTACK SOLUTIONS PTE. LTD.,Senior Software Testing Analyst,"5500,8000"
job-card-16,INGREDION SINGAPORE PTE. LTD.,Senior Finance Analyst,"5000,7500"
job-card-17,J.P. MORGAN (S.E.A.) LIMITED,GTM Programme Analyst,"4000,8000"
job-card-18,XTREMAX PTE. LTD.,System Analyst,"2500,4500"
job-card-19,ADROIT HR PROFESSIONAL PTE. LTD.,Accounts Receivable Collections Analyst / Credit & Collection Specialist (Japanese Speaking) -IT MNC,Salary undisclosed
job-card-0,ETIQA INSURANCE PTE. LTD.,Analyst / Programmer,Salary undisclosed
job-card-1,MONEYOWL PRIVATE LIMITED,Business Analyst,"6000,7000"
job-card-2,SIEMENS MOBILITY PTE. LTD.,Transportation Business Analyst (59337),"4500,9000"
job-card-3,ALLEGIS GLOBAL SOLUTIONS (SINGAPORE) PTE. LTD.,Business Analyst,"8000,10000"
job-card-4,APAR TECHNOLOGIES PTE. LTD.,Business Analyst,"5500,8200"
job-card-5,SCIENTE INTERNATIONAL PTE. LTD.,System Analyst (Java) (JD#4450),Recruiter
job-card-6,OPTIMUM SOLUTIONS (SINGAPORE) PTE LTD,Skype Support Analyst- For Business,"5000,9000"
job-card-7,OPTIMUM SOLUTIONS (SINGAPORE) PTE LTD,Application Support Analyst - UNIX and Tomact,"5000,8000"
job-card-8,OPTIMUM SOLUTIONS (SINGAPORE) PTE LTD,MAS 610 Business Analyst,"5000,9500"
job-card-9,CREDIT SUISSE (SINGAPORE) LIMITED,2019 Singapore Investment Banking and Capital Markets Summer Analyst,"10000,18000"
job-card-10,UNICOM DATABANK PRIVATE LIMITED,"First Vice President, Business Analyst","10000,15000"
job-card-11,JOHNSON & JOHNSON PTE. LTD.,Senior Finance Analyst,"5000,10000"
job-card-12,SINGAPORE EPSON INDUSTRIAL PTE. LTD.,Assistant System Analyst  /  Analyst Programmer,"2500,3500"
job-card-13,BCD TRAVEL ASIA PACIFIC PTE. LTD.,Global CDS Operations OneTouch Data Analyst,"2500,3000"
job-card-14,ARCSTONE PTE. LTD.,Documentation & Testing Analyst,Salary undisclosed
job-card-15,GECO ASIA PTE. LTD.,IT Support Analyst in Singapore (90361),"3000,5000"
job-card-16,BRITISH COUNCIL (SINGAPORE) LIMITED,Procurement Business Analyst  /  Project Manager,"3483,6470"
job-card-17,UNITY TECHNOLOGIES SINGAPORE PTE. LTD.,Sales Operations Analyst,Salary undisclosed
job-card-18,DEZIRE TECHNOLOGIES PTE. LTD.,Business System Analyst Lead,"5500,7000"
job-card-19,CERULLI ASSOCIATES ASIA PTE. LTD.,Associate Analyst,"3000,3500"
job-card-0,EXECUTIT PTE. LTD.,Junior Data Analyst,"3000,4000"
job-card-1,TANGSPAC CONSULTING PTE LTD,Senior Test Analyst,"6500,8000"
job-card-2,TANGSPAC CONSULTING PTE LTD,Senior Test Analyst,"6000,7500"
job-card-3,TANGSPAC CONSULTING PTE LTD,Test Analyst,"4500,6000"
job-card-4,TANGSPAC CONSULTING PTE LTD,Test Analyst,"4000,5500"
job-card-5,SIMMTECH SE ASIA PTE. LTD.,Business Analyst - Sales Support,"2500,3500"
job-card-6,SCIENTE INTERNATIONAL PTE. LTD.,Business Analyst - Credit Risk (JD#4147),Recruiter
job-card-7,CREDIT SUISSE SERVICES AG,Credit Risk - FO Support analyst #117843,"7000,12000"
job-card-8,MICLYN EXPRESS OFFSHORE PTE. LTD.,"Business Analyst (Logistic), SAP","5000,6500"
job-card-9,ADDSTONES SAS,Technical Analyst,"5000,10000"
job-card-10,MANPOWER STAFFING SERVICES (SINGAPORE) PTE LTD,COLLECTIONS ANALYST (Accounts Receivable),"2500,3000"
job-card-11,ALLEGIS GROUP SINGAPORE PRIVATE LIMITED,Murex Business Analyst – 12 month rolling contract – Singapore,"12000,15000"
job-card-12,ALLEGIS GROUP SINGAPORE PRIVATE LIMITED,Murex Business Analyst – 12 month rolling contract – Singapore,"9000,12000"
job-card-13,ALLEGIS GROUP SINGAPORE PRIVATE LIMITED,Murex Business Analyst – 12 month rolling contract – Singapore,"6000,9000"
job-card-14,INTELLECT MINDS PTE. LTD.,Business Analyst  /  Project Manager - Advisory,"6500,8000"
job-card-15,ACCENTURE PTE LTD,DevOps Analyst /  Consultant,"4500,8500"
job-card-16,INTELLECT MINDS PTE. LTD.,IT Support Analyst,"2000,2500"
job-card-17,NSEARCH GLOBAL PTE. LTD.,Risk Analyst,"4000,5500"
job-card-18,NUCLEUS SOFTWARE SOLUTIONS PTE LTD,Business Analyst,"5000,7000"
job-card-19,OFFICE SECRETARIES PTE. LTD.,IT Support Analyst,"4500,6000"
