job-card-0,HGP ASIA PTE. LTD.,IT Analyst,"3000,5000"
job-card-1,ICON OUTSOURCING,Senior IT Analyst,"8500,10000"
job-card-2,ICON OUTSOURCING,Senior IT Analyst,"7500,9000"
job-card-3,ICON OUTSOURCING,IT Analyst,"5500,7000"
job-card-4,ICON OUTSOURCING,IT Analyst,"6000,7500"
job-card-5,TANGSPAC CONSULTING PTE LTD,IT Analyst,"5500,7000"
job-card-6,TANGSPAC CONSULTING PTE LTD,IT Analyst,"6000,7500"
job-card-7,TANGSPAC CONSULTING PTE LTD,Senior IT Analyst,"8500,10000"
job-card-8,TANGSPAC CONSULTING PTE LTD,Senior IT Analyst,"7500,9000"
job-card-9,TANGSPAC CONSULTING PTE LTD,Senior IT Analyst,"6500,8000"
job-card-10,OPTIMUM SOLUTIONS (SINGAPORE) PTE LTD,Junior Programmer /  Software Developer / IT Analyst ( No Experience Required ),"2800,3800"
job-card-11,NATIONAL UNIVERSITY OF SINGAPORE,IT Analyst (Applications Development) - seconded to Saw Swee Hock School of Public Health,"3000,3500"
job-card-12,NATIONAL UNIVERSITY OF SINGAPORE,IT Analyst (Web Developer),"36480,72000"
job-card-13,SINGAPORE TELECOMMUNICATIONS LIMITED,"IT Analyst, Java Developer","3500,7000"
job-card-14,GIC PRIVATE LIMITED,"Associate / AVP, Senior IT Analyst (Big Data)","5000,10000"
job-card-15,BIOQUEST ADVISORY PTE. LTD.,IT Analyst (Consulting),Salary undisclosed
job-card-16,NATIONAL UNIVERSITY OF SINGAPORE,IT Software Analyst,"2800,4200"
job-card-17,EU YAN SANG INTERNATIONAL LTD,IT Solutions Analyst,"5000,6000"
job-card-18,THE TORONTO-DOMINION BANK,"Analyst, IT Change Management","5000,8000"
job-card-19,ADROIT HR PROFESSIONAL PTE. LTD.,Accounts Receivable Collections Analyst / Credit & Collection Specialist (Japanese Speaking) -IT MNC,Salary undisclosed
job-card-0,ADROIT HR PROFESSIONAL PTE. LTD.,Accounts Receivable Collections Analyst / Credit & Collection Specialist (Japanese Speaking) -IT MNC,Salary undisclosed
job-card-1,MINDTECK SINGAPORE PTE LTD,IT SECURITY ANALYST,"4500,7000"
job-card-2,AVIVA ASIA PTE LTD,"Analyst / Senior Analyst, IT Security Governance","4500,7500"
job-card-3,PACIFIC REFRESHMENTS PTE. LTD.,Asia Pacific IT Project Manager - Business Analyst,"6500,13000"
job-card-4,ACCENTURE PTE LTD,IT Business Analyst,"6000,12000"
job-card-5,ADECCO PERSONNEL PTE LTD,IT Business Analyst,"4000,7000"
job-card-6,ADECCO PERSONNEL PTE LTD,IT Business Analyst,"4000,7500"
job-card-7,GECO ASIA PTE. LTD.,IT Support Analyst in Singapore (90361),"3000,5000"
job-card-8,INTELLECT MINDS PTE. LTD.,IT Support Analyst,"2000,2500"
job-card-9,OFFICE SECRETARIES PTE. LTD.,IT Support Analyst,"4500,6000"
job-card-10,THE SUPREME HR ADVISORY PTE. LTD.,IT System Analyst,"3000,4000"
job-card-11,Company Undisclosed,IT Security Analyst (JD#4385),via Recruiter
job-card-12,JEWEL PAYMENTECH PTE. LTD.,IT Business Analyst,"4000,6000"
job-card-13,Institute of Technical Education,Systems Analyst - IT Enterprise Campus Applications,"2500,5000"
job-card-14,TECHCOM SOLUTIONS & CONSULTANCY PTE. LTD.,IT Security Analyst,"5000,6000"
job-card-15,ARVATO DIGITAL SERVICES PTE. LTD.,"Senior Analyst, IT-Infrastructure","4500,5000"
job-card-16,BLUECHIP PLATFORMS ASIA PTE. LTD.,IT Risk Analyst,Salary undisclosed
job-card-17,WEIR SPM SINGAPORE PTE. LTD.,Senior IT Business Analyst,"7000,8000"
job-card-18,CREDIT SUISSE AG,2019 Singapore Technology (IT) Full Time Analyst,"4000,5900"
job-card-19,OMRON ASIA PACIFIC PTE LTD,IT Business Analyst,"4500,6000"
job-card-0,ADROIT HR PROFESSIONAL PTE. LTD.,Accounts Receivable Collections Analyst / Credit & Collection Specialist (Japanese Speaking) -IT MNC,Salary undisclosed
job-card-1,MINDTECK SINGAPORE PTE LTD,IT SECURITY ANALYST,"4500,7000"
job-card-2,AVIVA ASIA PTE LTD,"Analyst / Senior Analyst, IT Security Governance","4500,7500"
job-card-3,PACIFIC REFRESHMENTS PTE. LTD.,Asia Pacific IT Project Manager - Business Analyst,"6500,13000"
job-card-4,ACCENTURE PTE LTD,IT Business Analyst,"6000,12000"
job-card-5,ADECCO PERSONNEL PTE LTD,IT Business Analyst,"4000,7000"
job-card-6,ADECCO PERSONNEL PTE LTD,IT Business Analyst,"4000,7500"
job-card-7,GECO ASIA PTE. LTD.,IT Support Analyst in Singapore (90361),"3000,5000"
job-card-8,INTELLECT MINDS PTE. LTD.,IT Support Analyst,"2000,2500"
job-card-9,OFFICE SECRETARIES PTE. LTD.,IT Support Analyst,"4500,6000"
job-card-10,THE SUPREME HR ADVISORY PTE. LTD.,IT System Analyst,"3000,4000"
job-card-11,Company Undisclosed,IT Security Analyst (JD#4385),via Recruiter
job-card-12,JEWEL PAYMENTECH PTE. LTD.,IT Business Analyst,"4000,6000"
job-card-13,Institute of Technical Education,Systems Analyst - IT Enterprise Campus Applications,"2500,5000"
job-card-14,TECHCOM SOLUTIONS & CONSULTANCY PTE. LTD.,IT Security Analyst,"5000,6000"
job-card-15,ARVATO DIGITAL SERVICES PTE. LTD.,"Senior Analyst, IT-Infrastructure","4500,5000"
job-card-16,BLUECHIP PLATFORMS ASIA PTE. LTD.,IT Risk Analyst,Salary undisclosed
job-card-17,WEIR SPM SINGAPORE PTE. LTD.,Senior IT Business Analyst,"7000,8000"
job-card-18,CREDIT SUISSE AG,2019 Singapore Technology (IT) Full Time Analyst,"4000,5900"
job-card-19,OMRON ASIA PACIFIC PTE LTD,IT Business Analyst,"4500,6000"
job-card-0,RANDSTAD PTE. LIMITED,IT Support Analyst,"2000,2800"
job-card-1,KRIS INFOTECH PTE. LTD.,IT Infra Business Analyst,"4000,5000"
job-card-2,UBS AG,IT Support Analyst,"90000,110000"
job-card-3,UBS AG,IT Business Analyst,"120000,150000"
job-card-4,UBS AG,IT Support Analyst,"50000,90000"
job-card-5,UBS AG,IT Support Analyst,"50000,90000"
job-card-6,UBS AG,IT Support Analyst,"90000,140000"
job-card-7,UBS AG,IT Support Analyst,"70000,140000"
job-card-8,ALLEN & GLEDHILL LLP,IT Support Analyst,"2500,4000"
job-card-9,MSD INTERNATIONAL GMBH (SINGAPORE BRANCH),IT Quality Laboratory Analyst,"4000,8000"
job-card-10,UBS AG,IT Support Analyst,"90000,150000"
job-card-11,ADECCO PERSONNEL PTE LTD,IT Business Analyst /  Project Manager,"4000,8000"
job-card-12,SCIENTE INTERNATIONAL PTE. LTD.,Assistant Manager IT Business Analyst (JD#4421),Recruiter
job-card-13,BECTON DICKINSON HOLDINGS PTE. LTD.,IT Business Analyst,"2800,3300"
job-card-14,SCOOT TIGERAIR PTE. LTD.,"Senior Analyst, IT (Data Analytics)",Salary undisclosed
job-card-15,Company Undisclosed,IT Business Systems Analyst,via Recruiter
job-card-16,RESORTS WORLD AT SENTOSA PTE. LTD.,"Procurement System Analyst, IT Applications","4000,7500"
job-card-17,ADECCO PERSONNEL PTE LTD,Senior IT Business Analyst,"5000,10000"
job-card-18,RHB SECURITIES SINGAPORE PTE. LTD.,IT Technical Analyst,"5000,9000"
job-card-19,M1 LIMITED,"Assistant Manager / Lead / Senior Systems Analyst, IT Security","4000,8000"
job-card-0,THE TORONTO-DOMINION BANK,IT Network Operations Analyst,"7000,10000"
job-card-1,ALLEGIS GROUP SINGAPORE PRIVATE LIMITED,IT Support Analyst,"4000,5500"
job-card-2,M1 LIMITED,"Assistant Manager / Lead Systems Analyst, IT Security","4000,8000"
job-card-3,OVERSEA-CHINESE BANKING CORPORATION LIMITED,IT Application Services (Payment & Channel Services) - Senior System Analyst,"7000,10000"
job-card-4,SUMITOMO MITSUI BANKING CORPORATION SINGAPORE BRANCH,IT Business Analyst VP /  FVP,"8000,12000"
job-card-5,SUMITOMO MITSUI BANKING CORPORATION SINGAPORE BRANCH,IT Business Analyst AVP /  VP,"5500,9000"
job-card-6,Company Undisclosed,IT Risks & Security Analyst (JD#4217),via Recruiter
job-card-7,NTT DATA SERVICES SINGAPORE PTE. LTD.,Security Analyst  /  IT Information Security Specialist,"8000,12000"
job-card-8,CITIBANK N.A.,O&T - IT Business Lead Analyst - 18039932,"10000,17500"
job-card-9,KELLY SERVICES (SINGAPORE) PTE. LTD.,IT Business Analyst,"6000,9000"
job-card-10,WILLIAMS-SONOMA SINGAPORE PTE. LTD.,Analyst Programmer,"3800,4200"
job-card-11,TRAVELOKA SERVICES PTE. LTD.,Senior Oracle EBS Functional Analyst,"6000,12000"
job-card-12,CHJ SINGAPORE PTE LTD,Customer Experience Manager  /  Senior Analyst (Cybersecurity),"2500,5500"
job-card-13,NATIONAL UNIVERSITY OF SINGAPORE,Executive (Outreach),"2600,4000"
job-card-14,UBS AG,Information Technology Analyst,"70000,130000"
job-card-15,INTERNATIONAL SOS TECHNOLOGY SERVICES PTE. LTD.,Technical Consultant - Salesforce,Salary undisclosed
job-card-16,WUNDERMAN PTE LTD,Platform Specialist,"6000,10000"
job-card-17,WUNDERMAN PTE LTD,Platform Architect,"6000,10000"
job-card-18,D L RESOURCES PTE LTD,INFORMATION TECHNOLOGY ANALYST,"3200,4800"
job-card-19,D L RESOURCES PTE LTD,INFORMATION TECHNOLOGY ANALYST,"2200,3300"
job-card-0,Company Undisclosed,IT Business Analyst,"4000,6000"
job-card-1,Company Undisclosed,IT Business Analyst,"6000,9000"
job-card-2,Company Undisclosed,Core Banking IT Project Manager /  Business Analyst,"7500,11000"
job-card-3,Company Undisclosed,Trade Finance IT Business Analyst,"7000,12000"
job-card-4,Company Undisclosed,AML IT Solution Project Manager & Analyst,"6500,12000"
job-card-5,Company Undisclosed,Asset Management Analyst (Ref 19323),"2000,4000"
job-card-6,Company Undisclosed,Infrastructure Analyst (Middleware)(Ref 22507),"4000,8000"
job-card-7,Company Undisclosed,Business Systems Analyst Lead - Java (Ref 22414),"4000,8000"
job-card-8,Company Undisclosed,Business Systems Analyst - J2EE (Ref 22182),"3500,7000"
job-card-9,Company Undisclosed,APAC IT Windows Team – IT Specialist,"8000,15000"
job-card-10,Company Undisclosed,IT Support Engineer,"3200,3500"
job-card-11,Company Undisclosed,IT Support Engineer,"2500,2800"
job-card-12,Company Undisclosed,Sharepoint Developer (Ref 22395),"4500,9000"
job-card-13,Company Undisclosed,Java Team Lead (Ref 22243),"4500,9000"
job-card-14,Company Undisclosed,Data Scientist,"4000,8000"
