job-card-0,DBS BANK LTD.,"AVP  /  Senior Associate, Network Engineer, Technology Services, Technology and Operations  (18000375)","5500,11000"
job-card-1,SANDBOX CONSULTING PTE. LTD.,Senior System & Network Engineer,"4500,5500"
job-card-2,TELEKOMUNIKASI INDONESIA INTERNATIONAL PTE. LTD.,Network Engineer,Salary undisclosed
job-card-3,BLOOMBERG SINGAPORE PTE. LTD.,Network Engineer - Singapore,"103000,153000"
job-card-4,CAPITA PTE. LTD.,Network Engineer,"5000,6500"
job-card-5,NTT DATA SERVICES SINGAPORE PTE. LTD.,Network Engineer,"4500,6500"
job-card-6,ALEXANDER MANN BPO SOLUTIONS (SINGAPORE) PTE. LTD.,Network Engineer,Recruiter
job-card-7,HTZ RESOURCES,L1 / L2 Network Engineer (up to S$3500 + AWS),Recruiter
job-card-8,HTZ RESOURCES,"L1 Network Engineer (up to S$3000, MNC, 1 Year Contract)","2400,3500"
job-card-9,HTZ RESOURCES,"L1 / L2 Network Engineer (up to S$3500 + AWS, 24 hours standby)","2200,3500"
job-card-10,ES RECRUITMENT PTE. LTD.,Network Engineer L1(S'porean /  Novena),"2800,3500"
job-card-11,NEC ASIA PACIFIC PTE. LTD.,Network Engineer (Security),"3500,5500"
job-card-12,SYSTEMENGINEER360 PTE. LTD.,Network Engineer,Salary undisclosed
job-card-13,DBS BANK LTD.,"VP / AVP, Senior Network Engineer, Technology Services, Technology and Operations (180003NT)","7000,14000"
job-card-14,SAVANT INFOTECH SOLUTIONS PTE. LTD.,Network Engineer,"3000,6800"
job-card-15,MTS GLOBAL PTE. LTD.,Network Engineer (Consultant),"6000,9000"
job-card-16,NOV RIG SOLUTIONS PTE. LTD.,Network Engineer,"3000,5000"
job-card-17,SANDBOX CONSULTING PTE. LTD.,Network Engineer,"5500,6000"
job-card-18,OVERSEA-CHINESE BANKING CORPORATION LIMITED,Network Engineer,Salary undisclosed
job-card-19,PATH INFOTECH PTE. LTD.,Required Network Engineer,"5500,7000"
job-card-0,3D NETWORKS SINGAPORE PTE. LTD.,Network Engineer,"5000,8000"
job-card-1,OPENSOURCE PTE. LTD.,L1 Network Engineer,"2000,2100"
job-card-2,CAPITA PTE. LTD.,Network Engineer (VOICE),"4000,8500"
job-card-3,U3 INFOTECH PTE. LTD.,Network Engineer,"3000,4000"
job-card-4,OPTIMUM SOLUTIONS (SINGAPORE) PTE LTD,Network Engineer,"5000,7500"
job-card-5,AIRBNB SINGAPORE PRIVATE LIMITED,Network Engineer (Network Operations),"7800,14700"
job-card-6,CENTRAL PROVIDENT FUND BOARD,Senior /  Network Engineer (LAN / WAN),"3500,5800"
job-card-7,ITCAN PTE. LIMITED,Network Engineer,"3500,6500"
job-card-8,TESCOM (SINGAPORE) SOFTWARE SYSTEMS TESTING PTE LTD.,Network Engineer,"5500,6000"
job-card-9,U3 INFOTECH PTE. LTD.,Network engineer post sales,"3000,6000"
job-card-10,PERSONNEL LINK JOBHUB PTE. LTD.,Network Engineer,"3000,4500"
job-card-11,PERSONNEL LINK JOBHUB PTE. LTD.,IT Network Engineer (CCNA),"3000,4500"
job-card-12,PERSONNEL LINK JOBHUB PTE. LTD.,IT Network Engineer (CCNA),"3000,4500"
job-card-13,PERSONNEL LINK JOBHUB PTE. LTD.,IT Network Engineer (CCNA),"3000,4500"
job-card-14,PERSONNEL LINK JOBHUB PTE. LTD.,Network Engineer,"3000,4500"
job-card-15,KDDI SINGAPORE PTE LTD,IT Network Engineer (Project Implementation),"3000,6000"
job-card-16,WORLD PARTNERS SOLUTION PTE. LTD.,Senior Network Engineer / Manager,"5000,9000"
job-card-17,WORLD PARTNERS SOLUTION PTE. LTD.,Senior Network Engineer / Manager,"7000,10000"
job-card-18,WORLD PARTNERS SOLUTION PTE. LTD.,Network Engineer,"3000,6000"
job-card-19,ADORE TECHNOLOGIES PTE. LTD.,Network Engineer,Salary undisclosed
job-card-0,3D NETWORKS SINGAPORE PTE. LTD.,Network Engineer,"5000,8000"
job-card-1,OPENSOURCE PTE. LTD.,L1 Network Engineer,"2000,2100"
job-card-2,CAPITA PTE. LTD.,Network Engineer (VOICE),"4000,8500"
job-card-3,U3 INFOTECH PTE. LTD.,Network Engineer,"3000,4000"
job-card-4,OPTIMUM SOLUTIONS (SINGAPORE) PTE LTD,Network Engineer,"5000,7500"
job-card-5,AIRBNB SINGAPORE PRIVATE LIMITED,Network Engineer (Network Operations),"7800,14700"
job-card-6,CENTRAL PROVIDENT FUND BOARD,Senior /  Network Engineer (LAN / WAN),"3500,5800"
job-card-7,ITCAN PTE. LIMITED,Network Engineer,"3500,6500"
job-card-8,TESCOM (SINGAPORE) SOFTWARE SYSTEMS TESTING PTE LTD.,Network Engineer,"5500,6000"
job-card-9,U3 INFOTECH PTE. LTD.,Network engineer post sales,"3000,6000"
job-card-10,PERSONNEL LINK JOBHUB PTE. LTD.,Network Engineer,"3000,4500"
job-card-11,PERSONNEL LINK JOBHUB PTE. LTD.,IT Network Engineer (CCNA),"3000,4500"
job-card-12,PERSONNEL LINK JOBHUB PTE. LTD.,IT Network Engineer (CCNA),"3000,4500"
job-card-13,PERSONNEL LINK JOBHUB PTE. LTD.,IT Network Engineer (CCNA),"3000,4500"
job-card-14,PERSONNEL LINK JOBHUB PTE. LTD.,Network Engineer,"3000,4500"
job-card-15,KDDI SINGAPORE PTE LTD,IT Network Engineer (Project Implementation),"3000,6000"
job-card-16,WORLD PARTNERS SOLUTION PTE. LTD.,Senior Network Engineer / Manager,"5000,9000"
job-card-17,WORLD PARTNERS SOLUTION PTE. LTD.,Senior Network Engineer / Manager,"7000,10000"
job-card-18,WORLD PARTNERS SOLUTION PTE. LTD.,Network Engineer,"3000,6000"
job-card-19,ADORE TECHNOLOGIES PTE. LTD.,Network Engineer,Salary undisclosed
job-card-0,SERVLINK TECHNOLOGY RESOURCES PTE LTD,Network Engineer,"3500,5000"
job-card-1,ACCION LABS PTE. LTD.,Network Engineer,"6000,10000"
job-card-2,COMTEL SOLUTIONS PTE LTD,Network Engineer,"5000,7500"
job-card-3,PATH INFOTECH PTE. LTD.,Required Network Engineer,"5500,7000"
job-card-4,M1 NET LTD.,Network Engineer (ICT Service Delivery),"2700,5130"
job-card-5,NTT SINGAPORE PTE. LTD.,Network Engineer,"3000,6000"
job-card-6,NTC INTEGRATION (PTE) LTD,Outsource Network Engineer (12 month contract),"3200,3500"
job-card-7,PM-PARTNERS SINGAPORE PTE. LTD.,Network Engineer,"4500,5500"
job-card-8,Company Undisclosed,System / Network Engineer – Up to $3.5K + Bonus  /  MNC  /  East,via Recruiter
job-card-9,EVANTAGE TECHNOLOGY PTE. LTD.,Systems and Network Engineer,"3000,4200"
job-card-10,CAPITA PTE. LTD.,Network Engineer / Manager,"2800,4800"
job-card-11,CAPITA PTE. LTD.,Tier 3 Network Engineer,"4000,7000"
job-card-12,M1 LIMITED,Senior / Network Engineer (Post Sales Support),"2800,5600"
job-card-13,CAPITA PTE. LTD.,L3 LEAD Network Engineer (SENIOR),"4000,6000"
job-card-14,CAPITA PTE. LTD.,Lead Network Engineer (L3),"3000,6000"
job-card-15,ALLEGIS GROUP SINGAPORE PRIVATE LIMITED,Network Engineer,"6000,9000"
job-card-16,OPUS IT SERVICES PTE LTD,JUNIOR NETWORK ENGINEER,"2000,4000"
job-card-17,STONE FOREST IT PTE LTD,Network Engineer (Senior),"4000,5000"
job-card-18,STONE FOREST IT PTE LTD,Network Engineer (Junior),"2500,3500"
job-card-19,NETMARKS SINGAPORE PTE. LTD.,Network Engineer,Salary undisclosed
job-card-0,M1 LIMITED,Senior / Network Engineer (Operation & Support),"3200,6400"
job-card-1,MCLINK ASIA PTE. LTD.,Network Engineer,"2800,3500"
job-card-2,THE SUPREME HR ADVISORY PTE. LTD.,Network Engineer,"3000,4000"
job-card-3,MANGO TREE RESOURCES PTE. LTD.,System Network Engineer,"4000,5000"
job-card-4,LOGICALIS SINGAPORE PTE. LTD.,SENIOR NETWORK ENGINEER,"6000,6500"
job-card-5,KDDI SINGAPORE PTE LTD,IT Network Engineer (Remote Support),"3000,4000"
job-card-6,OAKTREE CONSULTING,Network Engineer,"3000,5000"
job-card-7,OPTIMUM SOLUTIONS (SINGAPORE) PTE LTD,Optical Network Engineer,"6000,12000"
job-card-8,MINDTECK SINGAPORE PTE LTD,Network Engineer,"3000,4000"
job-card-9,Company Undisclosed,Network Engineer (Ubi),via Recruiter
job-card-10,D-RON SINGAPORE PTE. LTD.,Network Engineer,"3000,5000"
job-card-11,TERRA SYSTEMS PTE. LTD.,Network Engineer,"3000,5000"
job-card-12,HCL SINGAPORE PTE. LTD.,Network Engineer- L3 Operation,"7000,8500"
job-card-13,EPS COMPUTER SYSTEMS PTE LTD,Network Engineer,"4500,7000"
job-card-14,KEYTEO CONSULTING PTE. LTD.,Senior Network Engineer,"5000,10000"
job-card-15,THE SUPREME HR ADVISORY PTE. LTD.,Network Engineer / Manager,"3000,4000"
job-card-16,UBAC PTE. LTD.,Network Engineer / Manager,"2500,3500"
job-card-17,ENCORA TECHNOLOGIES PTE. LTD.,VOIP network engineer,"4000,6300"
job-card-18,CH2M HILL SINGAPORE PRIVATE LIMITED,High Tension Network Engineer,"7500,10500"
job-card-19,CAPITA PTE. LTD.,Pricing  /  Network Engineer (Manager),"4000,6000"
job-card-0,F5 NETWORKS SINGAPORE PTE LTD,Network Support Engineer II,"7095,10385"
job-card-1,F5 NETWORKS SINGAPORE PTE LTD,Network Support Engineer II,"7095,10385"
job-card-2,F5 NETWORKS SINGAPORE PTE LTD,Network Support Engineer II,"7095,10385"
job-card-3,DIMENSION DATA (SINGAPORE) PTE. LTD.,Senior Network Security Implementation Engineer,"4500,8500"
job-card-4,SINGAPORE TELECOMMUNICATIONS LIMITED,Network Software Engineer,"4000,6500"
job-card-5,AUDACY PTE. LTD.,NETWORK SOFTWARE ENGINEER,"4000,10000"
job-card-6,WANCO MANPOWER PTE LTD,IT Network & Infrastructure TSP /  Engineer,"3000,5000"
job-card-7,NOVA SYSTEMS & ENGINEERING PTE. LTD.,Senior Network Security Engineer,"5500,7000"
job-card-8,GECO ASIA PTE. LTD.,Network Security Engineer in Singapore (90332),"6000,8500"
job-card-9,VISENTI PTE. LTD.,Water Network Support Engineer,"2000,2500"
job-card-10,BLUE WIRELESS PTE. LTD.,Network service engineer,"2500,2700"
job-card-11,OPUS IT SERVICES PTE LTD,Network Operations Engineer,"2400,3200"
job-card-12,IKAS INTERNATIONAL (ASIA) PTE. LTD.,Network and System Engineer,Recruiter
job-card-13,D-SYNERGY TECH SYSTEMS PTE. LTD.,Network Support Engineer,Salary undisclosed
job-card-14,STARHUB LTD.,"Senior Engineer, Network Security – Systems and Projects",Salary undisclosed
job-card-15,OVERSEA-CHINESE BANKING CORPORATION LIMITED,Network Security Engineer,"6000,12000"
job-card-16,TECHCOM SOLUTIONS ASIA PACIFIC PTE. LTD.,Network Security Engineer,"5000,7000"
job-card-17,TECHCOM SOLUTIONS & CONSULTANCY PTE. LTD.,Network Security Engineer,"5000,6500"
job-card-18,SINGAPORE TELECOMMUNICATIONS LIMITED,Network Planning Manager (IP Engineering),"4500,7000"
job-card-19,SOFTENGER (SINGAPORE) PTE. LTD.,SQL DBA,"4500,5300"
job-card-0,MTS GLOBAL PTE. LTD.,High Touch Engineer,"8000,12000"
job-card-1,SINGAPORE TELECOMMUNICATIONS LIMITED,Network Planning Manager (Virtual Corporate Network),"4000,6500"
job-card-2,EPS COMPUTER SYSTEMS PTE LTD,Associate Engineer (IT),"2500,3000"
job-card-3,OPTIMUM SOLUTIONS (SINGAPORE) PTE LTD,Fiber Optics Cabling Engineer (Data Centre),"3000,4500"
job-card-4,GLOBESOFT SERVICES PTE. LTD.,Wireless Fidelity Engineer (Contract),"6000,8700"
job-card-5,STANDARD CHARTERED BANK,Network Manager (contract),"6250,12500"
job-card-6,CAPITA PTE. LTD.,IT Network Manager (Pricing),"4000,6000"
job-card-7,CAPITA PTE. LTD.,Network Project Manager (IT),"4000,6000"
job-card-8,PEOPLE PROFILERS PTE. LTD.,IT Security Engineer,Recruiter
job-card-9,YOUZU (SINGAPORE) PTE. LTD.,Software Engineer (DevOps),"3000,6000"
job-card-10,JOBFITTER LLP,IT SECURITY SOLUTION ENGINEER (East),Recruiter
job-card-11,MEDIACORP PTE. LTD.,IT Engineer,"2500,5500"
job-card-12,TERRAPINN PTE LTD,Networking Executive / Manager,"2000,3000"
job-card-13,OVERSEA-CHINESE BANKING CORPORATION LIMITED,Commander,"8000,12000"
job-card-14,K.P.P. PACKAGING PTE LTD,Programmer,"2000,2500"
job-card-15,Company Undisclosed,IT Network Engineer,"3000,5000"
job-card-16,Company Undisclosed,Network Engineer  (Ref 19814),"2500,5000"
job-card-17,Company Undisclosed,Network Engineer,"2800,4500"
job-card-18,Company Undisclosed,Network Engineer (Ref 22252),"3300,6600"
job-card-19,Company Undisclosed,Network System Engineer (Ref 22167),"2000,4000"
