job-card-0,MSD INTERNATIONAL GMBH (SINGAPORE BRANCH),Specialist - Pandaan Automation IT Engineer,"4000,7000"
job-card-1,MEDIACORP PTE. LTD.,IT Engineer,"2500,5500"
job-card-2,ZERO SPOT LAUNDRY SERVICE PTE LTD,Senior IT Engineer,"3500,4000"
job-card-3,U3 INFOTECH PTE. LTD.,Presales Senior IT Engineer,"4000,7000"
job-card-4,KDDI SINGAPORE PTE LTD,Presales Senior IT Engineer (Cloud / Server / IoT),"4000,6000"
job-card-5,OAKTREE CONSULTING,IT Engineer,Recruiter
job-card-6,AFPD PTE. LTD.,IT Engineer (Software),"3200,4500"
job-card-7,"TECHNOLOGY CENTRE FOR OFFSHORE AND MARINE, SINGAPORE LTD.",IT Engineer (TCOMS),Salary undisclosed
job-card-8,MCLINK ASIA PTE. LTD.,IT Engineer,"2800,3800"
job-card-9,MEDS TECHNOLOGIES PTE LTD,Senior IT Engineer,"3500,4500"
job-card-10,AAP CONSULTING PRIVATE LIMITED,IT ENGINEER,"2000,2500"
job-card-11,HP SINGAPORE (PRIVATE) LIMITED,Manufacture Application IT Engineer,"3300,6600"
job-card-12,FUTURE TECHNOLOGY DEVICES INTERNATIONAL LIMITED SINGAPORE BRANCH,Senior IT Engineer - Infrastructure,"3000,4500"
job-card-13,REICH CONSULTANCY PTE. LTD.,IT Engineer $2500-$3000 (Dip / Deg / No Exp / Software Development),"2500,3000"
job-card-14,A & ONE PRECISION ENGINEERING PTE. LTD.,IT Engineer,"2000,4500"
job-card-15,RED TECHNOLOGIES (S) PTE. LTD.,IT Engineer,"2200,2600"
job-card-16,SINGAPORE HAI DI LAO DINING PTE. LTD.,IT ENGINEER,"3000,4500"
job-card-17,ROBERT BOSCH (SOUTH EAST ASIA) PTE. LTD.,IT Engineer,"5000,8500"
job-card-18,THE SUPREME HR ADVISORY PTE. LTD.,IT Engineer,"2500,3000"
job-card-19,Company Undisclosed,IT Engineer,Salary undisclosed
job-card-0,Company Undisclosed,Senior Information Technology Engineer,"4000,6000"
job-card-0,Company Undisclosed,Senior Information Technology Engineer,"4000,6000"
