job-card-0,RESMED ASIA PTE. LTD.,Vice President - Manufacturing,"17000,21500"
job-card-1,BLUECHIP PLATFORMS ASIA PTE. LTD.,"Internal Audit Vice President, Investment Bank",Salary undisclosed
job-card-2,RESOURCE SOLUTIONS CONSULTING SINGAPORE PTE. LTD.,"Assistant Vice President / Vice President, Project Manager",Recruiter
job-card-3,CITIBANK SINGAPORE LIMITED,GCG - Credit Portfolio Officer – Investment Lending (Vice President)-18032221,"5000,12000"
job-card-4,MASTERCARD ASIA/PACIFIC PTE. LTD.,"R-63257 Vice President, Talent Acquisition, Asia Pacific","18000,24000"
job-card-5,BLUECHIP PLATFORMS ASIA PTE. LTD.,Vice President - Financial Crime Compliance Advisory,Salary undisclosed
job-card-6,JUSTMANAGEMENT PTE. LTD.,"Assistant Vice President  /  Vice President, Investment","10000,17000"
job-card-7,CIMB BANK BERHAD,"Assistant Vice President  /  Vice President, Digital Architect & Technical Delivery","8000,13000"
job-card-8,"JPMORGAN CHASE BANK, N.A.",Project Execution - Payment - Vice President,"7500,15000"
job-card-9,JPMORGAN ASSET MANAGEMENT (SINGAPORE) LIMITED,"Asset Management, Communication Control Group, Marketing, Vice President","7500,15000"
job-card-10,U3 INFOTECH PTE. LTD.,Assistant Vice President,"6500,8500"
job-card-11,"JPMORGAN CHASE BANK, N.A.","Infrastructure Engineer, Vice President","7500,15000"
job-card-12,UNICOM DATABANK PRIVATE LIMITED,"First Vice President, Business Analyst","10000,15000"
job-card-13,VANTAGE HR SOLUTIONS,"VICE PRESIDENT, STRATEGIC PLANNING [MNC, Marine / Maritime Industry]",Recruiter
job-card-14,CITIBANK SINGAPORE LIMITED,GCG – Portfolio Sales Senior Manager (Assistant Vice President) - 17075238,"4583,7291"
job-card-15,ALEXANDER MANN BPO SOLUTIONS (SINGAPORE) PTE. LTD.,"FICC: Assistant Vice President, C++ Software Developer, Global Markets Technology",Recruiter
job-card-16,DEUTSCHE BANK AKTIENGESELLSCHAFT,Global Transaction Banking - KYC Steward - Vice President,"11000,18000"
job-card-17,RESOURCE SOLUTIONS CONSULTING SINGAPORE PTE. LTD.,Assistant Vice President -  Compliance Testing,Recruiter
job-card-18,RESOURCE SOLUTIONS CONSULTING SINGAPORE PTE. LTD.,Assistant Vice President - Compliance Thematic Review,Recruiter
job-card-19,BOC AVIATION LIMITED,"Senior Vice President, Human Resources","15000,20000"
job-card-0,"JPMORGAN CHASE BANK, N.A.",Treasury Service- Vice President,"7500,15000"
job-card-1,"JPMORGAN CHASE BANK, N.A.","Database Engineer (Software) - Compliance Technology, Vice President","7500,15000"
job-card-2,"JPMORGAN CHASE BANK, N.A.",Product Manager  /  FinTech - Sales - Vice President,"7500,15000"
job-card-3,RESOURCE SOLUTIONS CONSULTING SINGAPORE PTE. LTD.,"Assistant Vice President, Credit Planning",Recruiter
job-card-4,HNWI PRIVATE LIMITED,"Marketing Services Consultant Vice President (Part Time Contract, Flexible Work Arrangement)",Salary undisclosed
job-card-5,RESOURCE SOLUTIONS CONSULTING SINGAPORE PTE. LTD.,"Vice President, Sanctions Technology (1 year contract)",Recruiter
job-card-6,RESOURCE SOLUTIONS CONSULTING SINGAPORE PTE. LTD.,"Assistant Vice President, Projects Portfolio Management (1 Year Contract)",Recruiter
job-card-7,RESOURCE SOLUTIONS CONSULTING SINGAPORE PTE. LTD.,"Assistant Vice President, Sanctions Technology (Project Manager) - 1 year contract",Recruiter
job-card-8,R E & S ENTERPRISES PTE LTD,"Vice President, Area","3500,5500"
job-card-9,GUIDEPOINT GLOBAL SINGAPORE PTE. LTD.,"VICE PRESIDENT, CONSULTING","6000,13000"
job-card-10,BINTAI KINDENKO PRIVATE LIMITED,PROJECT ASSISTANT VICE PRESIDENT,"10000,12000"
job-card-11,RESOURCE SOLUTIONS CONSULTING SINGAPORE PTE. LTD.,"Assistant Vice President, IT Planning and Finance (1 Year Contract)",Recruiter
job-card-12,RESOURCE SOLUTIONS CONSULTING SINGAPORE PTE. LTD.,"Vice President, Financial Crime Compliance Systems Testing",Recruiter
job-card-13,RESOURCE SOLUTIONS CONSULTING SINGAPORE PTE. LTD.,"Assistant Vice President, Financial Crime Compliance Systems Testing",Recruiter
job-card-14,RESOURCE SOLUTIONS CONSULTING SINGAPORE PTE. LTD.,"Vice President, Thematic Reviews",Recruiter
job-card-15,RESOURCE SOLUTIONS CONSULTING SINGAPORE PTE. LTD.,"Assistant Vice President, Cyber Security Specialist",Recruiter
job-card-16,RESOURCE SOLUTIONS CONSULTING SINGAPORE PTE. LTD.,"Assistant Vice President, Business Analyst (1 Year Contract)",Recruiter
job-card-17,LOCKTON COMPANIES (SINGAPORE) PRIVATE LIMITED,Business Development Vice President,"7000,10000"
job-card-18,RESOURCE SOLUTIONS CONSULTING SINGAPORE PTE. LTD.,"Analyst / Assistant Vice President, Kofax Developer (1 Year Contract)",Recruiter
job-card-19,RESOURCE SOLUTIONS CONSULTING SINGAPORE PTE. LTD.,"Analyst / Assistant Vice President, Credit Planning",Recruiter
job-card-0,"JPMORGAN CHASE BANK, N.A.",Treasury Service- Vice President,"7500,15000"
job-card-1,"JPMORGAN CHASE BANK, N.A.","Database Engineer (Software) - Compliance Technology, Vice President","7500,15000"
job-card-2,"JPMORGAN CHASE BANK, N.A.",Product Manager  /  FinTech - Sales - Vice President,"7500,15000"
job-card-3,RESOURCE SOLUTIONS CONSULTING SINGAPORE PTE. LTD.,"Assistant Vice President, Credit Planning",Recruiter
job-card-4,HNWI PRIVATE LIMITED,"Marketing Services Consultant Vice President (Part Time Contract, Flexible Work Arrangement)",Salary undisclosed
job-card-5,RESOURCE SOLUTIONS CONSULTING SINGAPORE PTE. LTD.,"Vice President, Sanctions Technology (1 year contract)",Recruiter
job-card-6,RESOURCE SOLUTIONS CONSULTING SINGAPORE PTE. LTD.,"Assistant Vice President, Projects Portfolio Management (1 Year Contract)",Recruiter
job-card-7,RESOURCE SOLUTIONS CONSULTING SINGAPORE PTE. LTD.,"Assistant Vice President, Sanctions Technology (Project Manager) - 1 year contract",Recruiter
job-card-8,R E & S ENTERPRISES PTE LTD,"Vice President, Area","3500,5500"
job-card-9,GUIDEPOINT GLOBAL SINGAPORE PTE. LTD.,"VICE PRESIDENT, CONSULTING","6000,13000"
job-card-10,BINTAI KINDENKO PRIVATE LIMITED,PROJECT ASSISTANT VICE PRESIDENT,"10000,12000"
job-card-11,RESOURCE SOLUTIONS CONSULTING SINGAPORE PTE. LTD.,"Assistant Vice President, IT Planning and Finance (1 Year Contract)",Recruiter
job-card-12,RESOURCE SOLUTIONS CONSULTING SINGAPORE PTE. LTD.,"Vice President, Financial Crime Compliance Systems Testing",Recruiter
job-card-13,RESOURCE SOLUTIONS CONSULTING SINGAPORE PTE. LTD.,"Assistant Vice President, Financial Crime Compliance Systems Testing",Recruiter
job-card-14,RESOURCE SOLUTIONS CONSULTING SINGAPORE PTE. LTD.,"Vice President, Thematic Reviews",Recruiter
job-card-15,RESOURCE SOLUTIONS CONSULTING SINGAPORE PTE. LTD.,"Assistant Vice President, Cyber Security Specialist",Recruiter
job-card-16,RESOURCE SOLUTIONS CONSULTING SINGAPORE PTE. LTD.,"Assistant Vice President, Business Analyst (1 Year Contract)",Recruiter
job-card-17,LOCKTON COMPANIES (SINGAPORE) PRIVATE LIMITED,Business Development Vice President,"7000,10000"
job-card-18,RESOURCE SOLUTIONS CONSULTING SINGAPORE PTE. LTD.,"Analyst / Assistant Vice President, Kofax Developer (1 Year Contract)",Recruiter
job-card-19,RESOURCE SOLUTIONS CONSULTING SINGAPORE PTE. LTD.,"Analyst / Assistant Vice President, Credit Planning",Recruiter
job-card-0,ONECONNECT FINANCIAL TECHNOLOGY (SINGAPORE) CO. PTE. LTD.,"Vice President, Intelligence Solutions",Salary undisclosed
job-card-1,SUNSEAP LEASING PTE. LTD.,"Vice President, Engineering & Design","10000,12000"
job-card-2,RESOURCE SOLUTIONS CONSULTING SINGAPORE PTE. LTD.,"Analyst / Assistant Vice President, HR Generalist (6 Months Contract)",Recruiter
job-card-3,RESORTS WORLD AT SENTOSA PTE. LTD.,"Director / Assistant Vice President, Innovation",Salary undisclosed
job-card-4,GT DOLLAR PTE. LTD.,Vice President,Salary undisclosed
job-card-5,STATE BANK OF INDIA,Assistant Vice President (ALM /  Back Office),"6500,7500"
job-card-6,RESOURCE SOLUTIONS CONSULTING SINGAPORE PTE. LTD.,Assistant Vice President - Data Management,Recruiter
job-card-7,RESOURCE SOLUTIONS CONSULTING SINGAPORE PTE. LTD.,Assistant Vice President - Data Governance & Advisory,Recruiter
job-card-8,DEUTSCHE BANK AKTIENGESELLSCHAFT,Wealth Management - Relationship Manager – Vice President,"11000,18000"
job-card-9,DEUTSCHE BANK AKTIENGESELLSCHAFT,Wealth Management - Investment Advisor - Vice President,"11000,18000"
job-card-10,GO-JEK SINGAPORE PTE. LTD.,"Vice President, International Payments","8000,14000"
job-card-11,AUTOMATED MANUFACTURING SOLUTIONS PTE. LTD.,Vice President (Engineering),"8000,10000"
job-card-12,NOMURA SINGAPORE LIMITED,"Vice President,  IT Auditor - Corporate","10000,17000"
job-card-13,STATE BANK OF INDIA,Assistant Vice President (Finance /  Accounts),"7500,8500"
job-card-14,"MIZUHO BANK, LTD.",Senior Officer / Assistant Vice President - Corporate Research,"4000,7000"
job-card-15,"DZ BANK AG DEUTSCHE ZENTRAL-GENOSSENSCHAFTSBANK, FRANKFURT AM MAIN (FORMERLY GZ-BANK AG)","Senior Vice President, Capital Market Institutional Sales","200000,230000"
job-card-16,RESOURCE SOLUTIONS CONSULTING SINGAPORE PTE. LTD.,"Analyst / Assistant Vice President, Product Risk Management",Recruiter
job-card-17,DEUTSCHE BANK AKTIENGESELLSCHAFT,Anti-Financial Crime – Regional Risk Officer – Assistant Vice President,"8000,12000"
job-card-18,DEUTSCHE BANK AKTIENGESELLSCHAFT,Anti-Financial Crime – Singapore AML Officer – Vice President,"11000,18000"
job-card-19,CITIBANK SINGAPORE LIMITED,GCG – Portfolio Sales Senior Manager (Assistant Vice President) - 17075238,"6666,11208"
job-card-0,DEUTSCHE BANK AKTIENGESELLSCHAFT,Anti-Financial Crime – AML Monitoring Officer FCI – Assistant Vice President,"8000,12000"
job-card-1,DEUTSCHE BANK AKTIENGESELLSCHAFT,Anti-Financial Crime – Anti-Money Laundering Officer – Vice President,"11000,18000"
job-card-2,CIMB BANK BERHAD,"Assistant Vice President  /  Manager  /  Assistant Manager, Deposits, Retail Banking","5000,9000"
job-card-3,LAZADA SERVICES SOUTH EAST ASIA PTE. LTD.,Supply Chain Vice President,"9000,12000"
job-card-4,BLUECHIP PLATFORMS ASIA PTE. LTD.,"Vice President, FX Operations, Banking",Salary undisclosed
job-card-5,SENOKO ENERGY PTE. LTD.,Vice President (Portfolio Management),"11000,16000"
job-card-6,JUSTMANAGEMENT PTE. LTD.,"Senior Manager  /  Assistant Vice President, Marketing Communications","7000,10000"
job-card-7,FIRST ABU DHABI BANK P.J.S.C. SINGAPORE BRANCH,"Assistant Vice President, Credit","5000,9000"
job-card-8,FIRST ABU DHABI BANK P.J.S.C. SINGAPORE BRANCH,"Assistant Vice President, Credit","5000,9000"
job-card-9,STATE BANK OF INDIA,Assistant Vice President (Credit Admin),"6500,7500"
job-card-10,"JPMORGAN CHASE BANK, N.A.","Chaos Engineering, Cloud Computing - Vice President","7500,15000"
job-card-11,"JPMORGAN CHASE BANK, N.A.",Infrastructure Development - Vice President,"7500,15000"
job-card-12,"MIZUHO BANK, LTD.","Assistant Vice President, FX Sales","4500,8000"
job-card-13,"MIZUHO BANK, LTD.","Vice President, Financial Solution","9000,12000"
job-card-14,"MIZUHO BANK, LTD.","Assistant Vice President, Remittances","6000,9000"
job-card-15,DNATA SINGAPORE PTE. LTD.,"Senior Vice President, Operations","9000,15000"
job-card-16,R E & S ENTERPRISES PTE LTD,"Vice President, Area","3500,5500"
job-card-17,RESOURCE SOLUTIONS CONSULTING SINGAPORE PTE. LTD.,Assistant Vice President – Training Officer,Recruiter
job-card-18,PAYSWIFF PTE. LTD.,Senior Vice President- Technology,"10000,12500"
job-card-19,DBS BANK LTD.,"Vice President, Regional Platform Technology Controller, Group Finance(180003AI)","10400,18700"
job-card-0,ESOL HR SOLUTIONS PTE. LTD.,General Manager,Recruiter
job-card-1,NBCU GLOBAL NETWORKS ASIA PTE. LTD.,Senior Legal Counsel,"10000,13000"
job-card-2,GIC PRIVATE LIMITED,"VP / SVP, Regulatory Reporting & Investment Compliance","7500,15000"
job-card-3,GIC PRIVATE LIMITED,"VP, Investment Analyst, Fixed Income","7500,15000"
job-card-4,GIC PRIVATE LIMITED,"AVP / VP, Funds & Co-Investments Group - Asia","7500,15000"
job-card-5,JOHNSON & JOHNSON PTE. LTD.,"Senior Director, Consumer Customer & Sales Product Line - Asia Pacific","8000,16000"
job-card-6,KERRY CONSULTING PTE. LTD.,Account Manager International (Fashion  /  Leathergoods),Recruiter
job-card-7,R E & S ENTERPRISES PTE LTD,"Assistant Manager, Restaurant","2000,3000"
job-card-8,R E & S ENTERPRISES PTE LTD,Restaurant Manager,"2500,3500"
job-card-9,COMAEA CONSULTING PTE. LTD.,Head of HSEQ and Crewing,Recruiter
job-card-10,TELENOR PROCUREMENT COMPANY PTE. LTD.,"Director, Special Network Projects","14000,15000"
job-card-11,LUFTHANSA TECHNIK AKTIENGESELLSCHAFT,Manager Sales Strategy (Asia Pacific),"4000,8000"
job-card-12,UNILEVER ASIA PRIVATE LIMITED,"Finance Manager, Global Procurement (Performance Management)","9720,15188"
job-card-13,GOOGLE ASIA PACIFIC PTE. LTD.,"People Partner, Large Customer Sales - Singapore","13500,22500"
job-card-14,CITIBANK N.A.,GF - SG Global Anti Money Laundering Compliance Auditor AVP - 18050971,"6666,11028"
job-card-15,NETATECH ENGINEERING PTE. LTD.,VP Blockchain Strategy,"4000,6000"
job-card-16,NETATECH PTE. LTD.,"VP, Blockchain Strategy","4000,6000"
job-card-17,BRIGHTOIL MARINE ONLINE PTE. LTD.,Operations Manager (eCommerce),"4000,7000"
job-card-18,MOTION PICTURE ASSOCIATION-INTERNATIONAL,Copyright Policy Counsel,"8000,12000"
job-card-19,R E & S ENTERPRISES PTE LTD,"Assistant Manager, Restaurant","2000,3000"
job-card-0,R E & S ENTERPRISES PTE LTD,Restaurant Manager,"2500,3500"
job-card-1,KS CONSULTING PTE. LTD.,VP Finance & Accounts,"12000,15000"
job-card-2,KS CONSULTING PTE. LTD.,Senior Fund Accounting Manager,"8000,8300"
job-card-3,KERRY CONSULTING PTE. LTD.,"Head of Supply Chain, APAC (Leader in the Beauty Category)",Recruiter
job-card-4,TRADEGECKO PTE. LTD.,Software Engineer,"4500,7000"
job-card-5,GARTNER ADVISORY (SINGAPORE) PTE LTD,"VP, Marketing (APAC / ANZ)","196000,294000"
job-card-6,KERING SOUTH EAST ASIA PTE. LTD.,Head of Shared Services,"10000,13000"
job-card-7,SMAATO PTE. LTD.,"Senior Manager, Marketing & PR, APAC",Salary undisclosed
job-card-8,BEATHCHAPMAN (PTE. LTD.),"Director, Observational Medical Outcomes Partnership (OMOP) Remote Studies, China",Recruiter
job-card-9,UPS ASIA GROUP PTE. LTD.,Information Security Manager,"7482,9975"
job-card-10,DBS BANK LTD.,"AVP, Chatbot Writer (Conversational Designer) – Digital Banking, Consumer Banking Group (18000392)","6500,11700"
job-card-11,DBS BANK LTD.,"AVP / Snr Associate, Service Virtualization Architect, IT Shared Services, Technology & Ops (180003NW)","5500,11000"
job-card-12,DBS BANK LTD.,"AVP / Sr. Associate, Risk & Control Analyst, Grp Consumer Banking & Big Data Analytics Tech (180003OD)","5500,11000"
job-card-13,DBS BANK LTD.,"AVP  /  Senior Associate, Data Librarian, Transformation Group, Technology and Operations (180003NV)","5500,11000"
job-card-14,DBS BANK LTD.,"AVP / Snr Assoc, Application Delivery Lead (Trade Finance), Institutional Banking Grp Tech (180003NL)","5500,11000"
job-card-15,DBS BANK LTD.,"AVP, Digital Product Delivery Lead (Cards & Unsecured Loan), Consumer Banking Group (180003NJ)","6500,11700"
job-card-16,DEUTSCHE BANK AKTIENGESELLSCHAFT,Global Transaction Banking - KYC Quality Control Analyst - AVP,"8000,12000"
job-card-17,DBS BANK LTD.,"AVP, Team Manager - Credit Ops, Consumer Banking Group Operations, Tech & Ops (180003NH)","6500,13000"
job-card-18,DBS BANK LTD.,"AVP, Product Manager (Funds & Private Equity Sales- Wealth), Private Banking (180003NG)","6500,11700"
job-card-19,ALEXANDER MANN BPO SOLUTIONS (SINGAPORE) PTE. LTD.,"AVP, Technical Project Solutions Consultant, Global Technology and Operations",Recruiter
