job-card-0,EXPEREO SINGAPORE PTE. LTD.,IT Systems Engineer,"3500,4500"
job-card-1,CRIMSONLOGIC PTE LTD,Lead Systems Engineer,"4500,6800"
job-card-2,CRIMSONLOGIC PTE LTD,Lead Systems Engineer,"4500,6800"
job-card-3,STONE FOREST IT PTE LTD,Senior Systems Engineer,"3700,4500"
job-card-4,MAKO APAC PTE. LTD.,Graduate Trading Systems Engineer / Site Reliability Engineer (SRE),"4000,7000"
job-card-5,GOVERNMENT TECHNOLOGY AGENCY,Systems Engineer (Smart Systems),Salary undisclosed
job-card-6,PYLON CITY PRIVATE LIMITED,Cloud Systems Engineer,"3500,5000"
job-card-7,PYLON CITY PRIVATE LIMITED,IOT Systems Engineer,"3500,5000"
job-card-8,IT CONSULTING SOLUTIONS SINGAPORE PTE. LTD.,Systems Engineer,"3500,4500"
job-card-9,SINGAPORE LNG CORPORATION PTE. LTD.,Systems Engineer (Ref Code: 1806IT-SE),"4500,6800"
job-card-10,TELEKOMUNIKASI INDONESIA INTERNATIONAL PTE. LTD.,Systems Engineer,"3000,4600"
job-card-11,IP-TRIBE (PRIVATE) LIMITED,Senior Systems Engineer,"4500,6000"
job-card-12,ANALYTICAL GRAPHICS ASIA PACIFIC PRIVATE LIMITED,On-site Systems Engineer,"4000,8000"
job-card-13,SAP ASIA PTE. LTD.,Senior Systems Engineer,"6000,12000"
job-card-14,GOVERNMENT TECHNOLOGY AGENCY,Senior Systems Engineer,Salary undisclosed
job-card-15,EUROSPORTS TECHNOLOGIES PTE. LTD.,Embedded Systems Engineer,"2500,5000"
job-card-16,Temasek Polytechnic,Systems Engineer (Emerging Technology),Salary undisclosed
job-card-17,CISCO SYSTEMS (USA) PTE. LTD.,CGEM EMEAR Systems Engineer,"101000,151000"
job-card-18,FORTINET SINGAPORE PRIVATE LIMITED,Channel Systems Engineer,Salary undisclosed
job-card-19,IP-TRIBE (PRIVATE) LIMITED,Systems Engineer,"3400,4500"
job-card-0,Temasek Polytechnic,Systems Engineer (Digital Infrastructure),Salary undisclosed
job-card-1,INOK SYSTEMS PTE LTD,Systems Engineer,"4000,7000"
job-card-2,UBS AG,Systems Engineer,"8000,12000"
job-card-3,SATO ASIA PACIFIC PTE. LTD.,Systems Engineer,Salary undisclosed
job-card-4,CAPITA PTE. LTD.,Senior Systems Engineer,"4000,6000"
job-card-5,ARUP SINGAPORE PRIVATE LIMITED,Rail Systems Engineer,"5000,6500"
job-card-6,CAPITA PTE. LTD.,Systems Engineer,"5000,6500"
job-card-7,ST LOGISTICS PTE. LTD.,IT Systems Engineer,Salary undisclosed
job-card-8,EMERSON PROCESS MANAGEMENT ASIA PACIFIC PRIVATE LIMITED,Systems Engineer (SYSS_18010812),"3000,5000"
job-card-9,SWISSLOG PTE. LTD.,Systems Engineer,"3500,5000"
job-card-10,Ministry of Communications and Information,"Systems Engineer  /  Senior Consultant (Cyber Threat Analytics), CSA",Salary undisclosed
job-card-11,EMERSON PROCESS MANAGEMENT ASIA PACIFIC PRIVATE LIMITED,Systems Engineer (SYSS_18011982),"3000,5000"
job-card-12,SYNERGY ASIA PACIFIC PTE. LTD.,SharePoint Systems Engineer,"5000,7000"
job-card-13,MANPOWER STAFFING SERVICES (SINGAPORE) PTE LTD,Linux / Unix Senior Systems Engineer,"5000,7500"
job-card-14,DELL GLOBAL B.V. (SINGAPORE BRANCH),Systems Engineer,"6000,14000"
job-card-15,SAN NETWORK SOLUTION (PTE. LTD.),Systems Engineer,"3800,5500"
job-card-16,MEIDEN ASIA PTE. LTD.,Systems Engineer,"6000,7000"
job-card-17,CTC GLOBAL PTE. LTD.,Systems Engineer,"4500,8000"
job-card-18,STONE FOREST IT PTE LTD,Systems Engineer,"2500,3300"
job-card-19,THATZ INTERNATIONAL PTE LTD,IBM iSeries – AS / 400 Systems Engineer (Team Lead),"5000,7000"
job-card-0,Temasek Polytechnic,Systems Engineer (Digital Infrastructure),Salary undisclosed
job-card-1,INOK SYSTEMS PTE LTD,Systems Engineer,"4000,7000"
job-card-2,UBS AG,Systems Engineer,"8000,12000"
job-card-3,SATO ASIA PACIFIC PTE. LTD.,Systems Engineer,Salary undisclosed
job-card-4,CAPITA PTE. LTD.,Senior Systems Engineer,"4000,6000"
job-card-5,ARUP SINGAPORE PRIVATE LIMITED,Rail Systems Engineer,"5000,6500"
job-card-6,CAPITA PTE. LTD.,Systems Engineer,"5000,6500"
job-card-7,ST LOGISTICS PTE. LTD.,IT Systems Engineer,Salary undisclosed
job-card-8,EMERSON PROCESS MANAGEMENT ASIA PACIFIC PRIVATE LIMITED,Systems Engineer (SYSS_18010812),"3000,5000"
job-card-9,SWISSLOG PTE. LTD.,Systems Engineer,"3500,5000"
job-card-10,Ministry of Communications and Information,"Systems Engineer  /  Senior Consultant (Cyber Threat Analytics), CSA",Salary undisclosed
job-card-11,EMERSON PROCESS MANAGEMENT ASIA PACIFIC PRIVATE LIMITED,Systems Engineer (SYSS_18011982),"3000,5000"
job-card-12,SYNERGY ASIA PACIFIC PTE. LTD.,SharePoint Systems Engineer,"5000,7000"
job-card-13,MANPOWER STAFFING SERVICES (SINGAPORE) PTE LTD,Linux / Unix Senior Systems Engineer,"5000,7500"
job-card-14,DELL GLOBAL B.V. (SINGAPORE BRANCH),Systems Engineer,"6000,14000"
job-card-15,SAN NETWORK SOLUTION (PTE. LTD.),Systems Engineer,"3800,5500"
job-card-16,MEIDEN ASIA PTE. LTD.,Systems Engineer,"6000,7000"
job-card-17,CTC GLOBAL PTE. LTD.,Systems Engineer,"4500,8000"
job-card-18,STONE FOREST IT PTE LTD,Systems Engineer,"2500,3300"
job-card-19,THATZ INTERNATIONAL PTE LTD,IBM iSeries – AS / 400 Systems Engineer (Team Lead),"5000,7000"
job-card-0,M1 LIMITED,"Systems Engineer, Transmission Planning","2700,4400"
job-card-1,THATZ INTERNATIONAL PTE LTD,New Opening: Senior Systems Engineer /  Lead - iSeries (AS / 400),"4500,7000"
job-card-2,OVERSEA-CHINESE BANKING CORPORATION LIMITED,Wintel Systems Engineer,"5000,10000"
job-card-3,NATIONAL UNIVERSITY OF SINGAPORE,Lead Systems Engineer,"4500,6800"
job-card-4,FRIARTUCK PTE LTD,System Engineer,"4000,6400"
job-card-5,CARTRACK TECHNOLOGIES SOUTH EAST ASIA PTE. LTD.,System Engineer,"7500,11000"
job-card-6,FORTITUDE PARTNERSHIP PTE. LTD.,Systems / Sales Engineer,Recruiter
job-card-7,NATIONAL UNIVERSITY OF SINGAPORE,Research Associate,"4333,5000"
job-card-8,HP SINGAPORE (PRIVATE) LIMITED,3D Print Product Engineer - Electrical,"4500,6650"
job-card-9,CISCO SYSTEMS (USA) PTE. LTD.,Virtual System Engineer,"101000,151000"
job-card-10,HUS UNMANNED SYSTEMS PTE. LTD.,Embedded Systems Developer,"3000,5500"
job-card-11,STANDARD CHARTERED BANK,Senior Engineer - Container Platform Engineering,"14000,16000"
job-card-12,HTZ RESOURCES,"System Engineer (1 Year Contract, up to S$4800 + AWS)",Recruiter
job-card-13,HTZ RESOURCES,"System Engineer (1 Year Contract, up to S$4800 + AWS)",Recruiter
job-card-14,NETMARKS SINGAPORE PTE. LTD.,VMware System Engineer,Salary undisclosed
job-card-15,HTZ RESOURCES,"Senior System Engineer (1 Year Contract, up to S$4800 + AWS)",Recruiter
job-card-16,Company Undisclosed,Senior Computer Systems Engineer,"1800,3800"
job-card-17,Company Undisclosed,Systems Engineer,"3500,4200"
job-card-18,Company Undisclosed,Senior Systems Engineer (Ref 22540),"2500,5000"
job-card-19,Company Undisclosed,Assistant Systems Engineer(NOC  /  DCO)(Ref 20761),"1800,3200"
job-card-0,Company Undisclosed,Systems Engineer,"2300,3200"
job-card-1,Company Undisclosed,"FAC - SENIOR ENGINEER, GFTT MECHANICAL SYSTEM","6000,12000"
job-card-2,Company Undisclosed,"FAC - SENIOR ENGINEER, GFTT UPW / WWT SYSTEM","5000,10000"
