job-card-0,ADROIT HR PROFESSIONAL PTE. LTD.,Associate; Business Analytics Program Manager /  Analytics Consultant /  Data Scientist(Big Data Mining),Salary undisclosed
job-card-1,LMA RECRUITMENT SINGAPORE PTE. LTD.,"Associate Director, Data Analytics","8500,10500"
job-card-2,DBS BANK LTD.,"AVP  /  Senior Associate, Data Scientist, Analytics Centre of Excellence, Tech & Ops (170002MB)","5500,11000"
job-card-3,DBS BANK LTD.,"Associate / Analyst, Data Engineer, Group Consumer Banking and Big Data Analytics Technology (180003L2","3500,7000"
job-card-4,DBS BANK LTD.,"AVP / Sr. Associate, Risk & Control Analyst, Grp Consumer Banking & Big Data Analytics Tech (180003OD)","5500,11000"
job-card-5,DBS BANK LTD.,"AVP / Senior Associate, Scrum Master, Group Consumer Banking and Big Data Analytics Tech (180003L3)","5500,11000"
job-card-6,Company Undisclosed,Associate Director - Data Analytics,"8000,11000"
