job-card-0,JABIL CIRCUIT (SINGAPORE) PTE. LTD.,GBC Planning Subject Matter Expert,"3000,5000"
job-card-1,PACTERA SINGAPORE PTE. LTD.,Subject Matter Expert (Java),"8000,11000"
job-card-2,MANPOWER PROFESSIONAL SINGAPORE PTE. LTD.,Securities Technical (Subject Matter Expert),"9000,11000"
job-card-3,NITYO INFOTECH SERVICES PTE. LTD.,Hadoop Optimisation Subject Matter Expert,"6500,7500"
job-card-4,NITYO INFOTECH SERVICES PTE. LTD.,Teradata Subject Matter Expert,"7500,8500"
job-card-5,HELIUS TECHNOLOGIES PTE. LTD.,Senior Windows Subject Matter Expert,"4500,6500"
job-card-6,APPLIED MATERIALS SOUTH EAST ASIA PTE. LTD.,Account Sales,"10000,15000"
job-card-7,CHJ SINGAPORE PTE LTD,Solutions Engineer,"6000,8000"
job-card-8,CARGILL ASIA PACIFIC HOLDINGS PTE. LTD.,Full Stack Architect,"9000,13000"
job-card-9,ORACLE CORPORATION SINGAPORE PTE LTD,Senior Unified Communications Engineer,"5000,10000"
job-card-10,ORACLE CORPORATION SINGAPORE PTE LTD,Senior Unified Communications Engineer,"5000,10000"
job-card-11,GROUPM ASIA PACIFIC HOLDINGS PTE. LTD.,APAC Collaboration & Productivity Tools Project Manager,"8000,9000"
job-card-12,COVANCE (ASIA) PTE. LTD.,Medical Technologist III - Genomics,"3500,4500"
job-card-13,MCAFEE (SINGAPORE) PTE. LTD.,Solution architect,"12000,14000"
job-card-14,JONES LANG LASALLE PROPERTY CONSULTANTS PTE LTD,Regional Accountant,"7000,9000"
job-card-15,GROUPM SINGAPORE PTE. LTD.,APAC Collaboration & Productivity Tools Project Manager,"8000,9000"
job-card-16,BLUECHIP PLATFORMS ASIA PTE. LTD.,AVP Market compliance,Salary undisclosed
job-card-17,BLACKROCK ADVISORS SINGAPORE PTE. LTD.,Associate Infrastructure Engineer,"7500,9500"
job-card-18,DHL EXPRESS (SINGAPORE) PTE. LTD.,"Manager, Sales Improvement Program","7000,9800"
job-card-19,SIEMENS HEALTHCARE PTE. LTD.,"Regional Diagnostics IT Manager, Asia Pacific (68008)","6000,9000"
job-card-0,EQUINIX ASIA PACIFIC PTE. LTD.,Controls Engineer,"6000,8000"
job-card-1,JOHNSON CONTROLS (S) PTE. LTD.,HVAC Technical Trainer,"6500,11000"
job-card-2,SALESFORCE.COM SINGAPORE PTE. LTD.,Senior Technical Consultant,"12000,16000"
job-card-3,SALESFORCE.COM SINGAPORE PTE. LTD.,Senior Technical Consultant,"12000,16000"
job-card-4,CITIBANK N.A.,O&T -  Infrastructure Technical Specialist (Email / Messaging Technology) - 18035297,"10000,17500"
job-card-5,Singapore Land Authority,"Senior / Principal GeoSpatial Specialist, GeoTag","2800,6500"
job-card-6,HEINEKEN ASIA PACIFIC PTE. LTD.,Regional Functional Lead Logistics,"5000,70000"
job-card-7,HEINEKEN ASIA PACIFIC PTE. LTD.,Regional Functional Lead Sales,"5000,7000"
job-card-8,HEINEKEN ASIA PACIFIC PTE. LTD.,Regional Functional Lead Production,"5000,7000"
job-card-9,DATHENA SCIENCE PTE. LTD.,Client Solutions Manager,"6000,10000"
job-card-10,Company Undisclosed,Executive Loss Adjuster,via Recruiter
job-card-11,SATORI BCC PTE. LTD.,SOLUTION ENGINEER,"3600,5000"
job-card-12,SATORI BCC PTE. LTD.,SOFTWARE QUALITY ASSURANCE ENGINEER,"3600,5000"
job-card-13,PALO ALTO NETWORKS (SINGAPORE) PTE. LTD.,"Resident Engineer, Singapore","8500,12500"
job-card-14,GOOGLE ASIA PACIFIC PTE. LTD.,Android Enterprise Platform Specialist - Singapore,"14910,29820"
job-card-15,ADECCO PERSONNEL PTE LTD,Senior Facility Services Specialist,"7500,8500"
job-card-16,D-LINK INTERNATIONAL PTE LTD,Product Manager,"5000,7000"
job-card-17,THE SUPREME HR ADVISORY PTE. LTD.,Product Manager,"5000,7000"
job-card-18,SINGAPORE EXCHANGE LIMITED,SAP Specialist,"8000,10000"
job-card-19,CURVATURE SOLUTIONS PTE. LTD.,Senior Support Engineer,"6000,8000"
job-card-0,EQUINIX ASIA PACIFIC PTE. LTD.,Controls Engineer,"6000,8000"
job-card-1,JOHNSON CONTROLS (S) PTE. LTD.,HVAC Technical Trainer,"6500,11000"
job-card-2,SALESFORCE.COM SINGAPORE PTE. LTD.,Senior Technical Consultant,"12000,16000"
job-card-3,SALESFORCE.COM SINGAPORE PTE. LTD.,Senior Technical Consultant,"12000,16000"
job-card-4,CITIBANK N.A.,O&T -  Infrastructure Technical Specialist (Email / Messaging Technology) - 18035297,"10000,17500"
job-card-5,Singapore Land Authority,"Senior / Principal GeoSpatial Specialist, GeoTag","2800,6500"
job-card-6,HEINEKEN ASIA PACIFIC PTE. LTD.,Regional Functional Lead Logistics,"5000,70000"
job-card-7,HEINEKEN ASIA PACIFIC PTE. LTD.,Regional Functional Lead Sales,"5000,7000"
job-card-8,HEINEKEN ASIA PACIFIC PTE. LTD.,Regional Functional Lead Production,"5000,7000"
job-card-9,DATHENA SCIENCE PTE. LTD.,Client Solutions Manager,"6000,10000"
job-card-10,Company Undisclosed,Executive Loss Adjuster,via Recruiter
job-card-11,SATORI BCC PTE. LTD.,SOLUTION ENGINEER,"3600,5000"
job-card-12,SATORI BCC PTE. LTD.,SOFTWARE QUALITY ASSURANCE ENGINEER,"3600,5000"
job-card-13,PALO ALTO NETWORKS (SINGAPORE) PTE. LTD.,"Resident Engineer, Singapore","8500,12500"
job-card-14,GOOGLE ASIA PACIFIC PTE. LTD.,Android Enterprise Platform Specialist - Singapore,"14910,29820"
job-card-15,ADECCO PERSONNEL PTE LTD,Senior Facility Services Specialist,"7500,8500"
job-card-16,D-LINK INTERNATIONAL PTE LTD,Product Manager,"5000,7000"
job-card-17,THE SUPREME HR ADVISORY PTE. LTD.,Product Manager,"5000,7000"
job-card-18,SINGAPORE EXCHANGE LIMITED,SAP Specialist,"8000,10000"
job-card-19,CURVATURE SOLUTIONS PTE. LTD.,Senior Support Engineer,"6000,8000"
job-card-0,THE TRADE DESK (SINGAPORE) PTE. LTD.,"Senior Manager, Inventory Partnerships","8000,11500"
job-card-1,RAPSYS TECHNOLOGIES PTE. LTD.,Business Analyst,"5000,7000"
job-card-2,ROLLING ARRAYS CONSULTING PTE. LTD.,SuccessFactors ONB Expert,"6000,8000"
job-card-3,ROLLING ARRAYS CONSULTING PTE. LTD.,SuccessFactors RCM Expert,"6500,8500"
job-card-4,TABLEAU ASIA PACIFIC PTE. LTD.,"Director, Partner Marketing","200000,250000"
job-card-5,THE TRADE DESK (SINGAPORE) PTE. LTD.,Inventory Partnerships Director,"10000,14999"
job-card-6,HCL SINGAPORE PTE. LTD.,Senior Consultant- Data Network,"8000,10500"
job-card-7,KELLY SERVICES (SINGAPORE) PTE. LTD.,Regional Supply Planner,"5000,7000"
job-card-8,KELLY SERVICES (SINGAPORE) PTE. LTD.,Digital Customer Experience Specialist,"3500,4500"
job-card-9,MICROSOFT OPERATIONS PTE LTD,OPEX Controller,"10000,13000"
job-card-10,EMC INFORMATION SYSTEMS MANAGEMENT LIMITED SINGAPORE BRANCH,"Advisor, Proposal Management","5000,11000"
job-card-11,BLUECHIP PLATFORMS ASIA PTE. LTD.,"Head of Funds Advisory, Private Bank",Salary undisclosed
job-card-12,FPT INFORMATION SYSTEM SINGAPORE PTE. LTD.,Senior Solutions Architect,"5000,6500"
job-card-13,ALCON SINGAPORE MANUFACTURING PTE. LTD.,Senior Microbiologist,"3400,5200"
job-card-14,HAWKER PACIFIC ASIA PTE LTD,Licenced Aircraft Maintenance Engineer,"9000,11000"
job-card-15,DBS BANK LTD.,"VP / AVP, Application Support Lead (Mainframe), Institutional Banking Group Technology (180003NU)","7000,14000"
job-card-16,ACCENTURE PTE LTD,ITSM Architect,"8000,16000"
job-card-17,TOSS-EX PTE. LTD.,Service Desk Analyst(Mandarin Speaking),"3000,4500"
job-card-18,ACCENTURE PTE LTD,ServiceNow Technical Specialist,"6000,10000"
job-card-19,SINGAPORE TELECOMMUNICATIONS LIMITED,IT Networking Senior Engineer,"5000,8000"
job-card-0,ICON CONSULTING-GROUP PTE. LTD.,SAP SD  /  MM  /  LE Consultant,"7000,15000"
job-card-1,MARALL SERVICES PTE. LTD.,Mobile Application Development Specialists - Multiple permanent positions in Singapore,"3000,10000"
job-card-2,UPS ASIA GROUP PTE. LTD.,APAC Lead Data Scientist,"7482,9975"
job-card-3,UPS ASIA GROUP PTE. LTD.,APAC Data Engineer,"5256,7008"
job-card-4,CAPITA PTE. LTD.,Tier 3 Network Engineer,"4000,7000"
job-card-5,BELLERBYS EDUCATIONAL SERVICES LIMITED SINGAPORE BRANCH,Student Recruitment Manager,Salary undisclosed
job-card-6,HELIUS TECHNOLOGIES PTE. LTD.,SME (Mobile Application),"7000,9500"
job-card-7,BAXALTA MANUFACTURING SARL SINGAPORE BRANCH,Quality Operations Specialist,"2900,4100"
job-card-8,APAR TECHNOLOGIES PTE. LTD.,Senior SAP Consultant,"5200,8500"
job-card-9,SCHELLDEN GLOBAL SERVICES,Senior Infrastructure Engineer,"4500,7500"
job-card-10,SMAATO PTE. LTD.,"Senior Manager, Sales Engineering APAC","7000,10000"
job-card-11,CBRE PTE. LTD.,Regional HSE Manager,"8000,12000"
job-card-12,Company Undisclosed,BI ACCOUNTANT,via Recruiter
job-card-13,LAZADA SERVICES SOUTH EAST ASIA PTE. LTD.,Regional Head of Performance and Data,"10000,15000"
job-card-14,CITIBANK N.A.,"GCG – SVP, Senior Coder Lead - 18038055","15000,22500"
job-card-15,SINGAPORE TELECOMMUNICATIONS LIMITED,Network Planning Manager (IP Engineering),"4500,7000"
job-card-16,AXXIS TECHNOLOGIES (S) PTE. LTD.,SAP MM Consultant,Salary undisclosed
job-card-17,AXXIS CONSULTING (S) PTE. LTD.,SAP MM Consultant,Salary undisclosed
job-card-18,SCIENTEC CONSULTING PTE. LTD.,IT Specialist - Application Security (Govt Sector  /  Up to $5500  /  East) - SPSLIP,"4000,6000"
job-card-19,STANDARD CHARTERED BANK,"Director, Compliance, Controls, Financial Markets","10000,20000"
job-card-0,A*STAR RESEARCH ENTITIES,Senior Research Engineer (ARTC),"3400,6800"
job-card-1,EDUQUEST INTERNATIONAL INSTITUTE PTE. LTD.,Marketing cum admin assistant,"1600,2300"
job-card-2,NETFLIX PTE. LTD.,Producer,"12500,15000"
job-card-3,THE STAKEHOLDER COMPANY PTE. LTD.,Junior Project Manager,"4000,5000"
job-card-4,THE STAKEHOLDER COMPANY PTE. LTD.,Project Manager,"5000,6000"
job-card-5,REERACOEN SINGAPORE PTE. LTD.,UIUX Designer,"3500,4800"
job-card-6,CAPITA PTE. LTD.,L3 LEAD Network Engineer (SENIOR),"4000,6000"
job-card-7,KINGSFORCE MANAGEMENT SERVICES PTE LTD,Quality Operations Specialist,"5000,7000"
job-card-8,AIRBNB SINGAPORE PRIVATE LIMITED,Customer Experience Training Specialist,"3933,7400"
job-card-9,VISA WORLDWIDE PTE. LIMITED,Sr. Software Engineer,"6000,8000"
job-card-10,CAPITA PTE. LTD.,Lead Network Engineer (L3),"3000,6000"
job-card-11,SINGAPORE TELECOMMUNICATIONS LIMITED,Network Planning Manager (Virtual Corporate Network),"4000,6500"
job-card-12,EMERSON PROCESS MANAGEMENT ASIA PACIFIC PRIVATE LIMITED,Industry Business Development Manager - Regulator Upstream O&G (PRM_18005409),"6000,12000"
job-card-13,EMERSON PROCESS MANAGEMENT ASIA PACIFIC PRIVATE LIMITED,Industry Business Development Manager - Regulator Midstream (PRM_18005405),"6000,12000"
job-card-14,EMERSON PROCESS MANAGEMENT ASIA PACIFIC PRIVATE LIMITED,Industry Business Development Manager – PRV Process (PRM_18005474),"6000,12000"
job-card-15,EMERSON PROCESS MANAGEMENT ASIA PACIFIC PRIVATE LIMITED,Blending Solutions Consultant (FLOW_18001140),"7500,9500"
job-card-16,ARYAN SEARCH PTE. LTD.,Software Product Manager,"7000,8000"
job-card-17,Company Undisclosed,HR and Finance Manager,via Recruiter
job-card-18,HPS PARTNERS PTE. LTD.,C&B Manager (Senior Manager Equivalent),"10000,13000"
job-card-19,Company Undisclosed,Regional Talent Management Manager (APAC) - B2B,via Recruiter
job-card-0,HELIUS TECHNOLOGIES PTE. LTD.,IOS Developer (Mobile Application),"6000,7500"
job-card-1,ZIMMER PTE. LTD.,Finance Transformation Senior Analyst,Salary undisclosed
job-card-2,VISA WORLDWIDE PTE. LIMITED,Program Manager - Digital Partnerships,"7500,15000"
job-card-3,SALESFORCE.COM SINGAPORE PTE. LTD.,"Senior Engagement Manager, Singapore","15000,25000"
job-card-4,AEA INTERNATIONAL HOLDINGS PTE. LTD.,"Director, Application Operations","10000,15000"
job-card-5,ION GROUP PRIVATE LIMITED,Governance Risk & Compliance Analyst,"7000,9000"
job-card-6,ACCENTURE PTE LTD,Digital Solution Architect,"6000,12000"
job-card-7,GFK ASIA PTE LTD,Senior Regional Compliance Manager,"7000,10000"
job-card-8,SCIENTE INTERNATIONAL PTE. LTD.,Technical Lead (.Net),Recruiter
job-card-9,S&P GLOBAL ASIAN HOLDINGS PTE. LTD.,Product Manager,"10000,15500"
job-card-10,ALMAC PHARMACEUTICAL SERVICES PTE. LTD.,Temperature Services Coordinator,Salary undisclosed
job-card-11,GOVERNMENT TECHNOLOGY AGENCY,Cloud Infrastructure Engineer,Salary undisclosed
job-card-12,CS GLOBAL GROUP PTE. LTD.,Product Specialist - QS,"2500,3500"
job-card-13,Company Undisclosed,Unix / Linux Engineer,via Recruiter
job-card-14,CREDIT SUISSE AG,Sourcing & Vendor Management - IT Outsourcing / IT Consulting Sourcer #116344,"8000,15000"
job-card-15,SANTA FE RELOCATION SERVICES (S) PTE. LTD.,Head of Relocation & Assignment Management - Asia,Salary undisclosed
job-card-16,GLAXOSMITHKLINE BIOLOGICALS,QC Specialist,"4000,6000"
job-card-17,SANTA FE RELOCATION SERVICES (S) PTE. LTD.,Regional Client Relations Manager - (APAC),Salary undisclosed
job-card-18,NCS PTE. LTD.,Senior  /  Software Engineer,"5000,9000"
job-card-19,SCIENTE INTERNATIONAL PTE. LTD.,Database Manager (SQL) (JD#4383),Recruiter
