job-card-0,RESOURCES GLOBAL PROFESSIONALS (SINGAPORE) PTE. LTD.,"Project Consultant - Business Analyst, Supply Chain (6-12 months' contract)","5500,10000"
job-card-1,RIDIK PTE. LTD.,Business Analyst,"5500,7500"
job-card-2,RIDIK SOFTWARE SOLUTIONS PTE. LTD.,Business Analyst,"5500,7500"
job-card-3,MANPOWER STAFFING SERVICES (SINGAPORE) PTE LTD,SAP PP - Business Analyst,"7000,8000"
job-card-4,JOHNSON & JOHNSON PTE. LTD.,Business Analyst for Janssen Asia Pacific Regional Functions,"6000,12000"
job-card-5,ALLEGIS GROUP SINGAPORE PRIVATE LIMITED,Business Analyst – Regulatory Reporting,"10000,13000"
job-card-6,ADDSTONES SAS,Project Manager  /  Business Analyst MIFIR,Salary undisclosed
job-card-7,GOVERNMENT TECHNOLOGY AGENCY,Business Analyst (Digital Services),Salary undisclosed
job-card-8,MARIAPPS MARINE SOLUTIONS PTE. LTD.,Senior Business Analyst,Salary undisclosed
job-card-9,DBS BANK LTD.,"AVP, Financial Consolidator - Business Analyst, Group Finance Systems, Group Finance","6500,11700"
job-card-10,MARIAPPS MARINE SOLUTIONS PTE. LTD.,Senior Business Analyst,"3500,4000"
job-card-11,FIRIUM SOLUTIONS (ASIA PACIFIC) PTE LTD,Business Analyst,"5500,6500"
job-card-12,GOVERNMENT TECHNOLOGY AGENCY,"Business Analyst, Customer Relationship Management",Salary undisclosed
job-card-13,GOVERNMENT TECHNOLOGY AGENCY,"Business Analyst, Knowledge Management (Sharepoint)",Salary undisclosed
job-card-14,ALLEGIS GLOBAL SOLUTIONS (SINGAPORE) PTE. LTD.,Business Analyst,"8000,10000"
job-card-15,BLUE STAR INFOSTACK SOLUTIONS PTE. LTD.,Senior Business Analyst,"7000,10000"
job-card-16,ALEXANDER MANN BPO SOLUTIONS (SINGAPORE) PTE. LTD.,"AVP, Securities Operations Technology Business Analyst  /  Project Manager, Global Markets Technology",Recruiter
job-card-17,BRAIN DOMAIN PRIVATE LIMITED,Digital Business Analyst - Manufacturing,"5000,8000"
job-card-18,GOVERNMENT TECHNOLOGY AGENCY,"Business Analyst, SAP HR",Salary undisclosed
job-card-19,GOVERNMENT TECHNOLOGY AGENCY,"Business Analyst, SAP FI",Salary undisclosed
job-card-0,Company Undisclosed,Business Analyst Manager (JD#4402),via Recruiter
job-card-1,ENGIE GLOBAL MARKETS  SINGAPORE BRANCH,IS Integration Business Analyst,"7500,9000"
job-card-2,ARYAN SEARCH PTE. LTD.,Hiring for the position of Business Analyst Insurance with one of the leading client in Singapore,"4000,10000"
job-card-3,ACCELA RECRUITMENT SERVICES PTE. LTD.,Business Analyst,Recruiter
job-card-4,JEWEL PAYMENTECH PTE. LTD.,IT Business Analyst,"4000,6000"
job-card-5,DENTONS RODYK & DAVIDSON LLP,Business Analyst,"3000,5000"
job-card-6,DXC TECHNOLOGY SINGAPORE PTE. LTD.,Advisor Business Analyst,"7500,11250"
job-card-7,NTUC INCOME INSURANCE CO-OPERATIVE LTD,Contract Executive (Business Analyst - 1 Year),"4000,7000"
job-card-8,TANGSPAC CONSULTING PTE LTD,Business analyst (1 year contract),"4000,6000"
job-card-9,ALLEGIS GROUP SINGAPORE PRIVATE LIMITED,Business Analyst,"9000,12000"
job-card-10,CITIBANK N.A.,O&T - Technical Business Analyst - 18014563,"4583,7291"
job-card-11,NUCLEUS SOFTWARE SOLUTIONS PTE LTD,Business Analyst,"5000,7000"
job-card-12,PRUDENTIAL ASSURANCE COMPANY SINGAPORE (PTE) LIMITED,Business Analyst,"5000,8000"
job-card-13,PRUDENTIAL ASSURANCE COMPANY SINGAPORE (PTE) LIMITED,Business Analyst,"2500,5000"
job-card-14,FUTUREX TECHNOLOGIES PTE. LTD.,Business Analyst - AML,"5500,6200"
job-card-15,GREEN LIGHT PROFESSIONAL SERVICES (SINGAPORE) PTE. LTD.,Business Analyst,"8000,12000"
job-card-16,WEIR SPM SINGAPORE PTE. LTD.,Senior IT Business Analyst,"7000,8000"
job-card-17,ALLEGIS GLOBAL SOLUTIONS (SINGAPORE) PTE. LTD.,"Business Analyst, FX (MBFC, 1 year contract)","4500,7000"
job-card-18,MONEYOWL PRIVATE LIMITED,Business Analyst,"6000,7000"
job-card-19,SIEMENS MOBILITY PTE. LTD.,Transportation Business Analyst (59337),"4500,9000"
job-card-0,Company Undisclosed,Business Analyst Manager (JD#4402),via Recruiter
job-card-1,ENGIE GLOBAL MARKETS  SINGAPORE BRANCH,IS Integration Business Analyst,"7500,9000"
job-card-2,ARYAN SEARCH PTE. LTD.,Hiring for the position of Business Analyst Insurance with one of the leading client in Singapore,"4000,10000"
job-card-3,ACCELA RECRUITMENT SERVICES PTE. LTD.,Business Analyst,Recruiter
job-card-4,JEWEL PAYMENTECH PTE. LTD.,IT Business Analyst,"4000,6000"
job-card-5,DENTONS RODYK & DAVIDSON LLP,Business Analyst,"3000,5000"
job-card-6,DXC TECHNOLOGY SINGAPORE PTE. LTD.,Advisor Business Analyst,"7500,11250"
job-card-7,NTUC INCOME INSURANCE CO-OPERATIVE LTD,Contract Executive (Business Analyst - 1 Year),"4000,7000"
job-card-8,TANGSPAC CONSULTING PTE LTD,Business analyst (1 year contract),"4000,6000"
job-card-9,ALLEGIS GROUP SINGAPORE PRIVATE LIMITED,Business Analyst,"9000,12000"
job-card-10,CITIBANK N.A.,O&T - Technical Business Analyst - 18014563,"4583,7291"
job-card-11,NUCLEUS SOFTWARE SOLUTIONS PTE LTD,Business Analyst,"5000,7000"
job-card-12,PRUDENTIAL ASSURANCE COMPANY SINGAPORE (PTE) LIMITED,Business Analyst,"5000,8000"
job-card-13,PRUDENTIAL ASSURANCE COMPANY SINGAPORE (PTE) LIMITED,Business Analyst,"2500,5000"
job-card-14,FUTUREX TECHNOLOGIES PTE. LTD.,Business Analyst - AML,"5500,6200"
job-card-15,GREEN LIGHT PROFESSIONAL SERVICES (SINGAPORE) PTE. LTD.,Business Analyst,"8000,12000"
job-card-16,WEIR SPM SINGAPORE PTE. LTD.,Senior IT Business Analyst,"7000,8000"
job-card-17,ALLEGIS GLOBAL SOLUTIONS (SINGAPORE) PTE. LTD.,"Business Analyst, FX (MBFC, 1 year contract)","4500,7000"
job-card-18,MONEYOWL PRIVATE LIMITED,Business Analyst,"6000,7000"
job-card-19,SIEMENS MOBILITY PTE. LTD.,Transportation Business Analyst (59337),"4500,9000"
job-card-0,SIMMTECH SE ASIA PTE. LTD.,Business Analyst - Sales Support,"2500,3500"
job-card-1,ICON OUTSOURCING,Senior Business Analyst,"10500,12000"
job-card-2,ICON OUTSOURCING,Senior Business Analyst,"9000,10500"
job-card-3,TANGSPAC CONSULTING PTE LTD,Senior Business Analyst,"10500,12000"
job-card-4,TANGSPAC CONSULTING PTE LTD,Senior Business Analyst,"9000,10500"
job-card-5,SCIENTE INTERNATIONAL PTE. LTD.,Business Analyst (JD#4306),Recruiter
job-card-6,CANOPY PTE. LTD.,Senior Business Analyst - Manager,"4000,6000"
job-card-7,CUTECH SOLUTIONS & SERVICES PTE. LTD.,Business Analyst,"4500,8000"
job-card-8,ADDSTONES SAS,Business Analyst /  Project Manager,"5000,10000"
job-card-9,APPLE SOUTH ASIA PTE. LTD.,"Senior Business Analyst, Asia Pacific Supply Chain","5000,10000"
job-card-10,APPLE SOUTH ASIA PTE. LTD.,"Senior Business Analyst, Asia Pacific Supply Chain","6000,12000"
job-card-11,GOVERNMENT TECHNOLOGY AGENCY,Business Analyst (Agile Methodology),Salary undisclosed
job-card-12,ACCENTURE PTE LTD,IT Business Analyst,"6000,12000"
job-card-13,WEB PROFESSIONAL HOUSE PTE LTD,Senior Business Analyst,"4500,6500"
job-card-14,WEB PROFESSIONAL HOUSE PTE LTD,Business Analyst,"2500,4500"
job-card-15,IBM SINGAPORE PTE LTD,Digital Banking Business Analyst,"12000,15000"
job-card-16,METEORITE INFORMATICS PTE. LTD.,Business Analyst,"5500,8000"
job-card-17,MANGOSTEEN BCC PTE. LTD.,Business Analyst,"3000,6000"
job-card-18,METEORITE INFORMATICS PTE. LTD.,Business Analyst,"5000,8000"
job-card-19,KERRY CONSULTING PTE. LTD.,Business Analyst (FMCG),Recruiter
job-card-0,ACCION LABS PTE. LTD.,Business Analyst,"6000,10000"
job-card-1,ICON OUTSOURCING,Business Analyst,"7500,9000"
job-card-2,ICON OUTSOURCING,Business Analyst,"7000,8500"
job-card-3,TANGSPAC CONSULTING PTE LTD,Business Analyst,"7500,9000"
job-card-4,TANGSPAC CONSULTING PTE LTD,Business Analyst,"7000,8500"
job-card-5,THOUGHTWORKS PTE. LTD.,Senior Business Analyst,"5000,9500"
job-card-6,ADECCO PERSONNEL PTE LTD,IT Business Analyst,"4000,7000"
job-card-7,KERRY CONSULTING PTE. LTD.,Business Analyst (Retail),Recruiter
job-card-8,HP PPS ASIA PACIFIC PTE. LTD.,Regional Business Analyst,"3000,5500"
job-card-9,ADECCO PERSONNEL PTE LTD,IT Business Analyst,"4000,7500"
job-card-10,ARYAN SEARCH PTE. LTD.,we are hiring for the position of Techno functional Business Analyst .,"4000,6000"
job-card-11,SCIENTE INTERNATIONAL PTE. LTD.,Business Analyst (Agile) (JD#4281),Recruiter
job-card-12,PACIFIC REFRESHMENTS PTE. LTD.,Asia Pacific IT Project Manager - Business Analyst,"6500,13000"
job-card-13,SCIENTE INTERNATIONAL PTE. LTD.,Business Analyst Manager,Recruiter
job-card-14,OMRON ASIA PACIFIC PTE LTD,IT Business Analyst,"4500,6000"
job-card-15,BP SINGAPORE PTE. LIMITED,Lead Business Analyst - International Gas,"11000,16000"
job-card-16,STANDARD CHARTERED BANK,Business Analyst,"6000,12000"
job-card-17,MICLYN EXPRESS OFFSHORE PTE. LTD.,"Business Analyst (Logistic), SAP","5000,6500"
job-card-18,ALLEGIS GROUP SINGAPORE PRIVATE LIMITED,Murex Business Analyst – 12 month rolling contract – Singapore,"12000,15000"
job-card-19,ALLEGIS GROUP SINGAPORE PRIVATE LIMITED,Murex Business Analyst – 12 month rolling contract – Singapore,"9000,12000"
job-card-0,OPTIMUM SOLUTIONS (SINGAPORE) PTE LTD,MAS 610 Business Analyst,"5000,9500"
job-card-1,UNICOM DATABANK PRIVATE LIMITED,"First Vice President, Business Analyst","10000,15000"
job-card-2,BRITISH COUNCIL (SINGAPORE) LIMITED,Procurement Business Analyst  /  Project Manager,"3483,6470"
job-card-3,SCIENTE INTERNATIONAL PTE. LTD.,Business Analyst - Credit Risk (JD#4147),Recruiter
job-card-4,INTELLECT MINDS PTE. LTD.,Business Analyst  /  Project Manager - Advisory,"6500,8000"
job-card-5,SCIENTE INTERNATIONAL PTE. LTD.,Business Analyst (Data Lake) (JD#4444),Recruiter
job-card-6,TECHCOM SOLUTIONS ASIA PACIFIC PTE. LTD.,Business Analyst,"5000,7000"
job-card-7,OPTIMUM SOLUTIONS (SINGAPORE) PTE LTD,Business Analyst (MAS759),"5000,8000"
job-card-8,SCIENTE INTERNATIONAL PTE. LTD.,Senior Business Analyst (SAP FICO) (JD#4422),"4000,6500"
job-card-9,ALLEGIS GROUP SINGAPORE PRIVATE LIMITED,Business Analyst ( 2 yr renewable contract),"12000,15000"
job-card-10,ALLEGIS GROUP SINGAPORE PRIVATE LIMITED,Business Analyst ( 2 yr renewable contract),"9000,12000"
job-card-11,ALLEGIS GROUP SINGAPORE PRIVATE LIMITED,Business Analyst ( 2 yr renewable contract),"6000,9000"
job-card-12,SCIENTE INTERNATIONAL PTE. LTD.,Business Analyst (Investment Banking) (JD#4409),"5000,7000"
job-card-13,NSEARCH GLOBAL PTE. LTD.,Business Analyst,"3500,5000"
job-card-14,INTELLECT MINDS PTE. LTD.,UAT  /  Business Analyst,"4500,6000"
job-card-15,SCIENTE INTERNATIONAL PTE. LTD.,Business Analyst (FX),"4000,6000"
job-card-16,CREDIT SUISSE AG,Project Manager / Business Analyst #117298,"11000,20000"
job-card-17,SCIENTE INTERNATIONAL PTE. LTD.,Senior Business Analyst (JD#4267),Recruiter
job-card-18,OPTIMUM SOLUTIONS (SINGAPORE) PTE LTD,Business Analyst (Regulatory Reporting),"5000,7500"
job-card-19,SCIENTE INTERNATIONAL PTE. LTD.,Business Analyst - Strategy and Transformation (JD#4246),Recruiter
job-card-0,SAVANT INFOTECH SOLUTIONS PTE. LTD.,BUSINESS ANALYST - CONTRACT,Salary undisclosed
job-card-1,PACTERA SINGAPORE PTE. LTD.,*Senior Business Analyst,"5500,10000"
job-card-2,GOVERNMENT TECHNOLOGY AGENCY,Business Analyst (Data Analytics),Salary undisclosed
job-card-3,R SYSTEMS (SINGAPORE) PTE LIMITED,Senior Business Analyst,"4400,5500"
job-card-4,R SYSTEMS (SINGAPORE) PTE LIMITED,junior Business Analyst,"3000,4000"
job-card-5,TATA CONSULTANCY SERVICES ASIA PACIFIC PTE. LTD.,Business Analyst – Finance and Risk Domain,"7000,10000"
job-card-6,ADECCO PERSONNEL PTE LTD,IT Business Analyst /  Project Manager,"4000,8000"
job-card-7,THAKRAL ONE PTE. LTD.,1.	Senior Business Analyst,"12000,15000"
job-card-8,HR-PRO RECRUITMENT SERVICES PTE. LTD.,Bank Business Analyst (1 year Contract),"7000,8000"
job-card-9,DBS BANK LTD.,"Senior Associate, Business Analyst - Group Consumer Credit, Risk Management Group(180003AG)","5000,9000"
job-card-10,Company Undisclosed,Business Analyst,via Recruiter
job-card-11,ORION CONSULTANCY PTE. LIMITED,Business Analyst,"5000,7000"
job-card-12,OVERSEA-CHINESE BANKING CORPORATION LIMITED,Business Analyst – Treasury Financial Control & Advisory,"4000,7000"
job-card-13,DBS BANK LTD.,"Senior Associate  /  Associate, Business Analyst, Middle Office Technology, T&O (180003G7)","4000,8000"
job-card-14,ADECCO PERSONNEL PTE LTD,Senior Information Technology Business Analyst,"7000,8000"
job-card-15,HITACHI SOLUTIONS ASIA PACIFIC PTE. LTD.,Business Analyst,"10000,12000"
job-card-16,TATA NYK SHIPPING PTE. LTD.,Business Analyst,Salary undisclosed
job-card-17,TATA CONSULTANCY SERVICES ASIA PACIFIC PTE. LTD.,Business Analyst,"6000,9000"
job-card-18,APAR TECHNOLOGIES PTE. LTD.,Business Analyst,"5000,7500"
job-card-19,ALLEGIS GROUP SINGAPORE PRIVATE LIMITED,SAP PP & QM Business Analyst – 2 year contract (followed by yearly renewal),"12000,15000"
