job-card-0,INTERSOFTKK (SINGAPORE) PTE. LTD.,Associate Software engineer,"2500,3200"
job-card-1,SYMANTEC ASIA PACIFIC PTE. LTD.,Associate Software Engineer,"60000,70000"
job-card-2,RIDIK PTE. LTD.,Associate Software Engineer,"2500,4000"
job-card-3,RIDIK SOFTWARE SOLUTIONS PTE. LTD.,Associate Software Engineer,"2500,4000"
job-card-4,DBS BANK LTD.,"AVP  /  Senior Associate, Software Engineer, Investment and Trading Technology, T&O (180003LL)","5500,11000"
job-card-5,"JPMORGAN CHASE BANK, N.A.","Software Engineer - Platform Services, Integration Engineering, Associate","5000,10000"
