job-card-0,ADROIT INSTRUMENTATION PTE. LTD.,Engineer  (Healthcare System Specialist),"3000,7500"
job-card-1,AL'CAT MARKETING PTE. LTD.,System Specialist,Salary undisclosed
job-card-2,COVANCE (ASIA) PTE. LTD.,Laboratory Computer System Validation Specialist,"6000,8000"
job-card-3,TRANS EQUATORIAL ENGINEERING PTE LTD,Project Engineer  /  Senior Project Engineer,"2300,5000"
job-card-4,RAFFLES INSTITUTION,Systems Analyst,"2600,4000"
job-card-5,Company Undisclosed,Customer Service Management Specialist – Water Treatment System,"3000,4000"
