job-card-0,ALPHANOVA PTE. LTD.,SAP Consultant (Hana and BW),"3000,8000"
job-card-1,METEORITE INFORMATICS PTE. LTD.,SAP Consultant,"5500,8500"
job-card-2,METEORITE INFORMATICS PTE. LTD.,SAP Consultant,"5500,8000"
job-card-3,ENTITY SOLUTIONS (SINGAPORE) PTE. LTD.,SAP Consultant,"9000,13000"
job-card-4,Company Undisclosed,SAP Consultant,via Recruiter
job-card-5,NETWORK FOR ELECTRONIC TRANSFERS (SINGAPORE) PTE LTD,SAP Consultant,"5500,7500"
job-card-6,NETWORK FOR ELECTRONIC TRANSFERS (SINGAPORE) PTE LTD,SAP Consultant,"5500,7500"
job-card-7,UNIZEN TECHNOLOGIES PTE. LTD.,SAP Consultant,"4500,6500"
job-card-8,FUSION HEALTH CARE TECHNOLOGY SINGAPORE PTE. LTD.,SAP Consultant,"9000,12500"
job-card-9,OFFICE SECRETARIES PTE. LTD.,SAP Consultant (PPM),"7000,8000"
job-card-10,AAP CONSULTING PRIVATE LIMITED,SAP Consultant,Recruiter
job-card-11,APAR TECHNOLOGIES PTE. LTD.,Senior SAP Consultant,"5500,7500"
job-card-12,MCGREGOR BOYALL ASSOCIATES PTE. LTD.,SAP Consultant,Recruiter
job-card-13,MCGREGOR BOYALL ASSOCIATES PTE. LTD.,SAP Consultant,Recruiter
job-card-14,APAR TECHNOLOGIES PTE. LTD.,Senior SAP Consultant,"5200,8500"
job-card-15,METEORITE INFORMATICS PTE. LTD.,SAP Consultant,"5000,8500"
job-card-16,RANDSTAD PTE. LIMITED,SAP Consultant,"6000,7500"
job-card-17,SEARCH INDEX PTE. LTD.,SAP Consultant,"70000,80000"
job-card-18,OFFICE SECRETARIES PTE. LTD.,SAP Consultant (ABAP / PPM),"5000,6500"
job-card-19,TECHCOM SOLUTIONS & CONSULTANCY PTE. LTD.,"Senior SAP Consultant (BW, BI)","6000,7500"
job-card-0,ENTITY SOLUTIONS (SINGAPORE) PTE. LTD.,SAP Consultant,"13000,15000"
job-card-1,APAR TECHNOLOGIES PTE. LTD.,Senior SAP Consultant,"5200,8500"
job-card-2,APAR TECHNOLOGIES PTE. LTD.,Senior SAP Consultant,"10000,15000"
job-card-3,APAR TECHNOLOGIES PTE. LTD.,Senior SAP Consultant,"6500,9500"
job-card-4,APAR TECHNOLOGIES PTE. LTD.,Senior SAP Consultant,"6500,9500"
job-card-5,AVENSYS CONSULTING PTE. LTD.,SAP COnsultant,"5000,8000"
job-card-6,APAR TECHNOLOGIES PTE. LTD.,Senior SAP Consultant,"6000,8500"
job-card-7,TESCOM (SINGAPORE) SOFTWARE SYSTEMS TESTING PTE LTD.,SAP Consultant,"6000,7000"
job-card-8,APAR TECHNOLOGIES PTE. LTD.,SAP Consultant,"5500,8500"
job-card-9,ACCION LABS PTE. LTD.,SAP Consultant,"5500,9000"
job-card-10,RANDSTAD PTE. LIMITED,Senior SAP Consultant,"5800,6800"
job-card-11,DEZIRE TECHNOLOGIES PTE. LTD.,SAP Consultant (Functional),"5000,6500"
job-card-12,GECO ASIA PTE. LTD.,SAP Consultant in Singapore,Recruiter
job-card-13,NEC ASIA PACIFIC PTE. LTD.,SAP Consultant,"5500,6500"
job-card-14,GECO ASIA PTE. LTD.,SAP Consultant in Singapore,Recruiter
job-card-15,GECO ASIA PTE. LTD.,SAP Consultant in Singapore,Recruiter
job-card-16,NEC ASIA PACIFIC PTE. LTD.,SAP Consultant,"5500,7000"
job-card-17,GECO ASIA PTE. LTD.,SAP Consultant in Singapore,Recruiter
job-card-18,APAR TECHNOLOGIES PTE. LTD.,Senior SAP Consultant,"5200,8500"
job-card-19,METEORITE INFORMATICS PTE. LTD.,SAP Consultant,"5000,8000"
job-card-0,ENTITY SOLUTIONS (SINGAPORE) PTE. LTD.,SAP Consultant,"13000,15000"
job-card-1,APAR TECHNOLOGIES PTE. LTD.,Senior SAP Consultant,"5200,8500"
job-card-2,APAR TECHNOLOGIES PTE. LTD.,Senior SAP Consultant,"10000,15000"
job-card-3,APAR TECHNOLOGIES PTE. LTD.,Senior SAP Consultant,"6500,9500"
job-card-4,APAR TECHNOLOGIES PTE. LTD.,Senior SAP Consultant,"6500,9500"
job-card-5,AVENSYS CONSULTING PTE. LTD.,SAP COnsultant,"5000,8000"
job-card-6,APAR TECHNOLOGIES PTE. LTD.,Senior SAP Consultant,"6000,8500"
job-card-7,TESCOM (SINGAPORE) SOFTWARE SYSTEMS TESTING PTE LTD.,SAP Consultant,"6000,7000"
job-card-8,APAR TECHNOLOGIES PTE. LTD.,SAP Consultant,"5500,8500"
job-card-9,ACCION LABS PTE. LTD.,SAP Consultant,"5500,9000"
job-card-10,RANDSTAD PTE. LIMITED,Senior SAP Consultant,"5800,6800"
job-card-11,DEZIRE TECHNOLOGIES PTE. LTD.,SAP Consultant (Functional),"5000,6500"
job-card-12,GECO ASIA PTE. LTD.,SAP Consultant in Singapore,Recruiter
job-card-13,NEC ASIA PACIFIC PTE. LTD.,SAP Consultant,"5500,6500"
job-card-14,GECO ASIA PTE. LTD.,SAP Consultant in Singapore,Recruiter
job-card-15,GECO ASIA PTE. LTD.,SAP Consultant in Singapore,Recruiter
job-card-16,NEC ASIA PACIFIC PTE. LTD.,SAP Consultant,"5500,7000"
job-card-17,GECO ASIA PTE. LTD.,SAP Consultant in Singapore,Recruiter
job-card-18,APAR TECHNOLOGIES PTE. LTD.,Senior SAP Consultant,"5200,8500"
job-card-19,METEORITE INFORMATICS PTE. LTD.,SAP Consultant,"5000,8000"
job-card-0,METEORITE INFORMATICS PTE. LTD.,SAP Consultant,"5500,8000"
job-card-1,FUSION HEALTH CARE TECHNOLOGY SINGAPORE PTE. LTD.,SAP Consultant,"15000,20000"
job-card-2,D L RESOURCES PTE LTD,SAP CONSULTANT,"4700,7000"
job-card-3,D L RESOURCES PTE LTD,SAP CONSULTANT,"4700,7000"
job-card-4,JMC TECHNOLOGIES PTE. LTD.,SAP Consultant,"3000,6000"
job-card-5,JMC TALENT SEARCH PTE. LTD.,SAP Consultant,Recruiter
job-card-6,APAR TECHNOLOGIES PTE. LTD.,Senior SAP Consultant,"5200,8500"
job-card-7,APAR TECHNOLOGIES PTE. LTD.,Senior SAP Consultant,"6000,8500"
job-card-8,VERSANT SYSTEMS PTE. LTD.,Senior SAP Consultant,"7000,10000"
job-card-9,CUTECH SOLUTIONS & SERVICES PTE. LTD.,SAP Consultant,"5000,7000"
job-card-10,TATA CONSULTANCY SERVICES ASIA PACIFIC PTE. LTD.,SAP Functional Consultant,"7000,10000"
job-card-11,ABEAM CONSULTING (SINGAPORE) PTE. LTD.,SAP SuccessFactors Senior Consultant,"6000,9000"
job-card-12,SYNNOVE SYSTEMS PTE. LTD.,SAP S / 4HANA Senior Basis Consultant,"6500,9500"
job-card-13,AXXIS TECHNOLOGIES (S) PTE. LTD.,SAP ABAP Consultant,Salary undisclosed
job-card-14,AXXIS CONSULTING (S) PTE. LTD.,SAP ABAP Consultant,Salary undisclosed
job-card-15,AXXIS TECHNOLOGIES (S) PTE. LTD.,SAP Hybris C4C Consultant,Salary undisclosed
job-card-16,AXXIS CONSULTING (S) PTE. LTD.,SAP Hybris C4C Consultant,Salary undisclosed
job-card-17,ATOS INFORMATION TECHNOLOGY (SINGAPORE) PTE. LTD.,SAP FICO Consultant,"6000,10000"
job-card-18,AXXIS TECHNOLOGIES (S) PTE. LTD.,SAP SD Consultant,Salary undisclosed
job-card-19,AXXIS CONSULTING (S) PTE. LTD.,SAP SD Consultant,Salary undisclosed
job-card-0,RIDIK PTE. LTD.,SAP ABAP Consultant,"6500,8500"
job-card-1,RIDIK SOFTWARE SOLUTIONS PTE. LTD.,SAP ABAP Consultant,"6000,8500"
job-card-2,ABEAM CONSULTING (SINGAPORE) PTE. LTD.,SAP ABAP Senior Consultant,"4000,6000"
job-card-3,AXXIS TECHNOLOGIES (S) PTE. LTD.,SAP MM Consultant,Salary undisclosed
job-card-4,AXXIS CONSULTING (S) PTE. LTD.,SAP MM Consultant,Salary undisclosed
job-card-5,TECHCOM SOLUTIONS ASIA PACIFIC PTE. LTD.,SAP SD consultant,"5500,8000"
job-card-6,MANPOWER STAFFING SERVICES (SINGAPORE) PTE LTD,SAP MM Consultant,"6000,8500"
job-card-7,INTERNATIONAL APPLICATION SOLUTIONS PTE LTD,SAP ABAP CONSULTANT,"4000,6000"
job-card-8,PATH INFOTECH PTE. LTD.,Required SAP MM Functional Consultant,"6000,7500"
job-card-9,INTERNATIONAL APPLICATION SOLUTIONS PTE LTD,SAP ABAP Consultant,"4000,6000"
job-card-10,ICON CONSULTING-GROUP PTE. LTD.,SAP PP Consultant,"7500,15000"
job-card-11,ICON CONSULTING-GROUP PTE. LTD.,SAP PP Consultant,"8000,15000"
job-card-12,ICON CONSULTING-GROUP PTE. LTD.,SAP Ariba Consultant,"7000,15000"
job-card-13,ICON CONSULTING-GROUP PTE. LTD.,SAP TM Consultant,"7000,15000"
job-card-14,PATH INFOTECH PTE. LTD.,Required SAP FICO Consultant with COPA,"6000,7500"
job-card-15,ICON CONSULTING-GROUP PTE. LTD.,SAP FICO Techno-Functional Consultant,"6000,12000"
job-card-16,HITACHI CONSULTING SINGAPORE PTE. LTD.,Consultant (SAP SD / MM),"5000,7500"
job-card-17,DELOITTE CONSULTING PTE. LTD.,Senior Consultant  /  Consultant - Technology - SAP Functional PP / QM,"7000,9000"
job-card-18,ICON CONSULTING-GROUP PTE. LTD.,SAP C4C Consultant  /  Lead,"7000,15000"
job-card-19,CPM CONSULTING PTE. LTD.,SAP® Data Migration Consultant,"6000,7000"
job-card-0,TECHCOM SOLUTIONS ASIA PACIFIC PTE. LTD.,SAP BW / BI Consultant,"4500,7000"
job-card-1,ICON CONSULTING-GROUP PTE. LTD.,SAP BPC Consultant,"7500,15000"
job-card-2,ICON CONSULTING-GROUP PTE. LTD.,SAP FICO BCM Lead  /  Consultant,"6000,12000"
job-card-3,ICON CONSULTING-GROUP PTE. LTD.,SAP Successfactors Consultant,"6500,15000"
job-card-4,ICON CONSULTING-GROUP PTE. LTD.,SAP PP  /  QM Consultant,"7000,15000"
job-card-5,KLARE SERVICES SINGAPORE PTE. LTD.,Senior SAP WCM / EHS Consultant,"18000,25000"
job-card-6,KLARE SERVICES SINGAPORE PTE. LTD.,Senior SAP WCM Consultant,"12000,18000"
job-card-7,KLARE SERVICES SINGAPORE PTE. LTD.,SAP WCM Consultant,"8000,12000"
job-card-8,ICON CONSULTING-GROUP PTE. LTD.,SAP Data Migration Consultant,"6500,15000"
job-card-9,ERP21 PTE LTD,SAP SD Consultant (Level 1 & 2 Support),"4500,6500"
job-card-10,ICON CONSULTING-GROUP PTE. LTD.,SAP HR  /  HCM Consultant,"7000,12000"
job-card-11,ADECCO PERSONNEL PTE LTD,SAP FICO Consultant,"3000,12000"
job-card-12,NITYO INFOTECH SERVICES PTE. LTD.,SAP SCM and Logistics Consultant,"8000,9000"
job-card-13,AXXIS CONSULTING (S) PTE. LTD.,SAP FICO / PS Consultant,Salary undisclosed
job-card-14,AXXIS TECHNOLOGIES (S) PTE. LTD.,SAP FICO / PS Consultant,Salary undisclosed
job-card-15,INFODRIVE SOLUTIONS PTE. LTD.,SAP SD Consultant,"6000,7000"
job-card-16,KLARE SERVICES SINGAPORE PTE. LTD.,SAP BPC Consultant,"8000,12000"
job-card-17,KLARE SERVICES SINGAPORE PTE. LTD.,SAP BPC Consultant,"18000,25000"
job-card-18,AVENSYS CONSULTING PTE. LTD.,SAP PM  / MM Consultant,"5000,8000"
job-card-19,INTERNATIONAL APPLICATION SOLUTIONS PTE LTD,SAP MM Consultant,"6200,8400"
job-card-0,FUTUREX TECHNOLOGIES PTE. LTD.,SAP PM / PS consultant,"5000,6000"
job-card-1,TECH MAHINDRA LIMITED (SINGAPORE BRANCH),Sr. SAP Basis Consultant,"5500,7000"
job-card-2,MCLINK ASIA PTE. LTD.,SAP HANA Consultant,"2800,3500"
job-card-3,IOTALENTS PTE. LTD.,Senior IT Consultant (SAP FI / CO & COPA),"7000,9000"
job-card-4,IOTALENTS PTE. LTD.,Senior IT Consultant (SAP FICO),"7000,9000"
job-card-5,ERP21 PTE LTD,SAP Functional Consultant (FICO),"6000,8500"
job-card-6,ACCENTURE PTE LTD,SAP GRC Consultant,"6000,9000"
job-card-7,COALESCE MANAGEMENT CONSULTING PTE. LIMITED,Senior SAP SD Consultant,"5500,6500"
job-card-8,ABEAM CONSULTING (SINGAPORE) PTE. LTD.,SAP BPC Senior Consultant,"5000,8000"
job-card-9,NITYO INFOTECH SERVICES PTE. LTD.,SAP FICO CONSULTANT,"8000,9000"
job-card-10,ICON CONSULTING-GROUP PTE. LTD.,SAP MM Consultant,"6000,15000"
job-card-11,ICON CONSULTING-GROUP PTE. LTD.,SAP Data Consultant,"8000,15000"
job-card-12,ICON CONSULTING-GROUP PTE. LTD.,SAP Functional Data Consultant,"7500,12000"
job-card-13,ACCENTURE SG SERVICES PTE. LTD.,Senior SAP HCM Consultant,"4500,9000"
job-card-14,ICON CONSULTING-GROUP PTE. LTD.,SAP SD  /  MM  /  LE Consultant,"7000,15000"
job-card-15,GECO ASIA PTE. LTD.,SAP Ariba Downstream Consultant in Singapore (90362),"7000,10000"
job-card-16,GECO ASIA PTE. LTD.,SAP Ariba Senior Consultant  /  Architect in Singapore,"10000,12000"
job-card-17,INFODRIVE SOLUTIONS PTE. LTD.,SAP HR Consultant,"5000,7000"
job-card-18,GECO ASIA PTE. LTD.,SAP BPC Senior Consultant in Singapore (90353),"12000,15000"
job-card-19,QUINNOX SOLUTIONS PTE. LTD.,SAP PM / PS Consultant,"4500,7000"
