job-card-0,NATIONAL UNIVERSITY HOSPITAL (SINGAPORE) PTE LTD,"Consultant / Associate Consultant, Division of Rheumatology, Department of Medicine,",Recruiter
job-card-1,NATIONAL UNIVERSITY HOSPITAL (SINGAPORE) PTE LTD,"Consultant / Associate Consultant, Division of Rheumatology, Department of Medicine",Salary undisclosed
job-card-2,AQUIS SEARCH PTE. LTD.,Associate Consultant (Japanese or Korean speaking),Salary undisclosed
job-card-3,AQUIS SEARCH PTE. LTD.,Associate Consultant (Japanese or Korean speaking),Salary undisclosed
job-card-4,AQUIS SEARCH PTE. LTD.,Associate Consultant (Japanese or Korean speaking),Salary undisclosed
job-card-5,AQUIS SEARCH PTE. LTD.,Associate Consultant (Japanese or Korean speaking),Salary undisclosed
job-card-6,AQUIS SEARCH PTE. LTD.,Associate Consultant (Japanese or Korean speaking),Salary undisclosed
job-card-7,NATIONAL UNIVERSITY HOSPITAL (SINGAPORE) PTE LTD,Associate Consultant (Medical Doctor),Recruiter
job-card-8,HAPPY MARKETER PRIVATE LTD.,"Associate Consultant, Digital Strategy","2500,3500"
job-card-9,NATIONAL UNIVERSITY HOSPITAL (SINGAPORE) PTE LTD,Associate Consultant (Medical Doctor),Salary undisclosed
job-card-10,NATIONAL UNIVERSITY HOSPITAL (SINGAPORE) PTE LTD,"Consultant  /  Associate Consultant, Division of Dermatology, Department of Medicine",Recruiter
job-card-11,NATIONAL UNIVERSITY HOSPITAL (SINGAPORE) PTE LTD,"Consultant  /  Associate Consultant, Division of Dermatology, Department of Medicine",Salary undisclosed
job-card-12,SYNPULSE SINGAPORE PTE. LTD.,"Associate Consultant, Financial Services","3600,7200"
job-card-13,PROTIVITI PTE. LTD.,"Associate Consultant, Robotics Process Authomation (RPA)","3200,4000"
job-card-14,EAMES CONSULTING GROUP (SINGAPORE) PTE. LTD.,Associate Consultant Recruitment,"2800,3500"
job-card-15,EAMES CONSULTING GROUP (SINGAPORE) PTE. LTD.,Associate Consultant Recruitment,"2800,3500"
job-card-16,EAMES CONSULTING GROUP (SINGAPORE) PTE. LTD.,Associate Consultant Recruitment,"2800,3500"
job-card-17,EAMES CONSULTING GROUP (SINGAPORE) PTE. LTD.,Associate Consultant Recruitment,"2800,3500"
job-card-18,ALEXANDRA HEALTH PTE. LTD.,Associate Consultant,"9000,15000"
job-card-19,SALESFORCE.COM SINGAPORE PTE. LTD.,Associate Consultant,"3000,5000"
job-card-0,HRNET ONE PTE LTD,Associate Consultant,"2800,3000"
job-card-1,LAZADA SERVICES SOUTH EAST ASIA PTE. LTD.,Senior Associate Consultant,"5000,7000"
job-card-2,ANACLE SYSTEMS LIMITED,Associate Consultant,"2700,4000"
job-card-3,CPM CONSULTING PTE. LTD.,Associate Consultant,"3000,4000"
job-card-4,INFOSYS LIMITED SINGAPORE BRANCH,Senior Associate Consultant,"5000,7000"
job-card-5,DELOITTE & TOUCHE ENTERPRISE RISK SERVICES PTE LTD,Associate / Consultant (Cyber Risk Services),"2700,5000"
job-card-6,NATIONAL UNIVERSITY HEALTH SERVICES GROUP PTE. LTD.,Associate Consultant,"9200,15200"
job-card-7,WEB PROFESSIONAL HOUSE PTE LTD,Associate Consultant (IT),"2500,4500"
job-card-8,PERSONNEL LINK JOBHUB PTE. LTD.,"Associate Consultant, BI & CPM (Urgent / European MNC / Training Program Provided / $3600)","3000,3600"
job-card-9,JOS APPLICATIONS (S) PTE. LTD.,Associate Consultant,"2300,4500"
job-card-10,HCL SINGAPORE PTE. LTD.,Associate Consultant- Linux Administator,Salary undisclosed
job-card-11,DELOITTE & TOUCHE ENTERPRISE RISK SERVICES PTE LTD,Associate / Consultant (Cyber Risk Services),"2700,5000"
job-card-12,DELOITTE & TOUCHE ENTERPRISE RISK SERVICES PTE LTD,Associate / Consultant (Cyber Risk Services),"2700,5000"
job-card-13,ORACLE FINANCIAL SERVICES SOFTWARE PTE. LTD.,Associate Consultant,"3500,4500"
job-card-14,WEB PROFESSIONAL HOUSE PTE LTD,Associate Consultant (IT),"2500,4500"
job-card-15,NATIONAL UNIVERSITY HEALTH SERVICES GROUP PTE. LTD.,Associate Consultant,"9200,15200"
job-card-16,SINGHEALTH COMMUNITY HOSPITALS,Associate Consultant,"9000,12600"
job-card-17,BRADBURY CONSULTING PTE LTD,Associate Consultant (Japanese-Speaking),Salary undisclosed
job-card-18,DELOITTE & TOUCHE ENTERPRISE RISK SERVICES PTE LTD,Associate / Consultant (Cyber Risk Services),"2700,5000"
job-card-19,HCL SINGAPORE PTE. LTD.,Associate Consultant - Big data Specialist,"9500,11000"
job-card-0,HRNET ONE PTE LTD,Associate Consultant,"2800,3000"
job-card-1,LAZADA SERVICES SOUTH EAST ASIA PTE. LTD.,Senior Associate Consultant,"5000,7000"
job-card-2,ANACLE SYSTEMS LIMITED,Associate Consultant,"2700,4000"
job-card-3,CPM CONSULTING PTE. LTD.,Associate Consultant,"3000,4000"
job-card-4,INFOSYS LIMITED SINGAPORE BRANCH,Senior Associate Consultant,"5000,7000"
job-card-5,DELOITTE & TOUCHE ENTERPRISE RISK SERVICES PTE LTD,Associate / Consultant (Cyber Risk Services),"2700,5000"
job-card-6,NATIONAL UNIVERSITY HEALTH SERVICES GROUP PTE. LTD.,Associate Consultant,"9200,15200"
job-card-7,WEB PROFESSIONAL HOUSE PTE LTD,Associate Consultant (IT),"2500,4500"
job-card-8,PERSONNEL LINK JOBHUB PTE. LTD.,"Associate Consultant, BI & CPM (Urgent / European MNC / Training Program Provided / $3600)","3000,3600"
job-card-9,JOS APPLICATIONS (S) PTE. LTD.,Associate Consultant,"2300,4500"
job-card-10,HCL SINGAPORE PTE. LTD.,Associate Consultant- Linux Administator,Salary undisclosed
job-card-11,DELOITTE & TOUCHE ENTERPRISE RISK SERVICES PTE LTD,Associate / Consultant (Cyber Risk Services),"2700,5000"
job-card-12,DELOITTE & TOUCHE ENTERPRISE RISK SERVICES PTE LTD,Associate / Consultant (Cyber Risk Services),"2700,5000"
job-card-13,ORACLE FINANCIAL SERVICES SOFTWARE PTE. LTD.,Associate Consultant,"3500,4500"
job-card-14,WEB PROFESSIONAL HOUSE PTE LTD,Associate Consultant (IT),"2500,4500"
job-card-15,NATIONAL UNIVERSITY HEALTH SERVICES GROUP PTE. LTD.,Associate Consultant,"9200,15200"
job-card-16,SINGHEALTH COMMUNITY HOSPITALS,Associate Consultant,"9000,12600"
job-card-17,BRADBURY CONSULTING PTE LTD,Associate Consultant (Japanese-Speaking),Salary undisclosed
job-card-18,DELOITTE & TOUCHE ENTERPRISE RISK SERVICES PTE LTD,Associate / Consultant (Cyber Risk Services),"2700,5000"
job-card-19,HCL SINGAPORE PTE. LTD.,Associate Consultant - Big data Specialist,"9500,11000"
job-card-0,SPACE EXECUTIVE PTE. LTD.,Associate Consultant,"4000,6000"
job-card-1,STHREE PTE. LTD.,Associate Recruitment Consultant (Real Staffing),"3000,4500"
job-card-2,ADROIT HR PROFESSIONAL PTE. LTD.,Associate; Business Analytics Program Manager /  Analytics Consultant /  Data Scientist(Big Data Mining),Salary undisclosed
job-card-3,EAMES CONSULTING GROUP (SINGAPORE) PTE. LTD.,"Associate Director /  Senior Recruitment Consultant For Broking, Claims & Underwriting Division",Salary undisclosed
job-card-4,BEATHCHAPMAN (PTE. LTD.),Associate Recruitment Consultant – Technology,"2500,3500"
job-card-5,KPMG SERVICES PTE. LTD.,Digital Finance – Workday Finance Consultant (Senior Associate  /  Assistant Manager),"4900,7100"
job-card-6,KERRY CONSULTING PTE. LTD.,Recruitment Consultant - Associate Director Level,"8000,15000"
job-card-7,SCIENTE INTERNATIONAL PTE. LTD.,Associate IT Recruitment Consultant,Salary undisclosed
job-card-8,HUDSON GLOBAL RESOURCES (SINGAPORE) PTE. LTD.,Associate Recruitment Consultant,"3000,4000"
job-card-9,ALTAIR GLOBAL RELOCATION SINGAPORE PTE. LTD.,Global Services Associate,"2500,3000"
job-card-10,IMPACT INVESTMENT EXCHANGE (ASIA) PTE. LTD.,Credit Asset Management Associate,"3500,4000"
job-card-11,JC CONSULTING PTE. LTD.,Recruitment Consultant (Technology Sector),"3500,8000"
job-card-12,BLACKPEAK (SINGAPORE) PTE. LIMITED,Associate Position at Blackpeak Singapore,"3300,3500"
job-card-13,Company Undisclosed,Associate Recruitment Consultant,Salary undisclosed
