{"_id":{"$oid":"5b7fd1264fecef104c32f1b7"},"SNO":"1","Job Title":"Data Analyst","Max":"4500","Min":"1500","Median":"2100","Mean":"2550","`":"16000","MIN":"1800","MEDIAN":"5000","MEAN":"5923.177083"}
{"_id":{"$oid":"5b7fd1264fecef104c32f1b8"},"SNO":"2","Job Title":"Business Analytics Analyst","Max":"3000","Min":"2500","Median":"2750","Mean":"2750","`":"#N/A","MIN":"#N/A","MEDIAN":"#N/A","MEAN":"#N/A"}
{"_id":{"$oid":"5b7fd1264fecef104c32f1b9"},"SNO":"3","Job Title":"Consultant","Max":"9500","Min":"2000","Median":"3500","Mean":"4194.375","`":"25000","MIN":"1500","MEDIAN":"6000","MEAN":"8453.604396"}
{"_id":{"$oid":"5b7fd1264fecef104c32f1ba"},"SNO":"4","Job Title":"Business Analyst","Max":"9000","Min":"800","Median":"4150","Mean":"4384.087379","`":"16000","MIN":"2500","MEDIAN":"7000","MEAN":"7271.022124"}
{"_id":{"$oid":"5b7fd1264fecef104c32f1bb"},"SNO":"5","Job Title":"Senior Fraud Engineer","Max":"5000","Min":"4000","Median":"4500","Mean":"4500","`":"#N/A","MIN":"#N/A","MEDIAN":"#N/A","MEAN":"#N/A"}
{"_id":{"$oid":"5b7fd1264fecef104c32f1bc"},"SNO":"6","Job Title":"Principal Analyst (Data Analytics)","Max":"12500","Min":"2500","Median":"12500","Mean":"5014.691131","`":"#N/A","MIN":"#N/A","MEDIAN":"#N/A","MEAN":"#N/A"}
{"_id":{"$oid":"5b7fd1264fecef104c32f1bd"},"SNO":"7","Job Title":"Data Scientist","Max":"11000","Min":"2000","Median":"5500","Mean":"5508.045977","`":"#N/A","MIN":"#N/A","MEDIAN":"#N/A","MEAN":"#N/A"}
{"_id":{"$oid":"5b7fd1264fecef104c32f1be"},"SNO":"8","Job Title":"Data Scientist","Max":"15000","Min":"2000","Median":"5000","Mean":"5735.057471","`":"#N/A","MIN":"#N/A","MEDIAN":"#N/A","MEAN":"#N/A"}
{"_id":{"$oid":"5b7fd1264fecef104c32f1bf"},"SNO":"9","Job Title":"Operations Planning Analyst","Max":"16000","Min":"1800","Median":"5000","Mean":"5747.914216","`":"#N/A","MIN":"#N/A","MEDIAN":"#N/A","MEAN":"#N/A"}
{"_id":{"$oid":"5b7fd1264fecef104c32f1c0"},"SNO":"10","Job Title":"Senior Software Engineer","Max":"15000","Min":"1800","Median":"5500","Mean":"5908.553161","`":"15000","MIN":"1800","MEDIAN":"5500","MEAN":"5937.119048"}
{"_id":{"$oid":"5b7fd1264fecef104c32f1c1"},"SNO":"11","Job Title":"Member of Technical Staff (MTS) - IT","Max":"15000","Min":"1800","Median":"5500","Mean":"5937.119048","`":"#N/A","MIN":"#N/A","MEDIAN":"#N/A","MEAN":"#N/A"}
{"_id":{"$oid":"5b7fd1264fecef104c32f1c2"},"SNO":"12","Job Title":"Senior Software Engineer","Max":"20000","Min":"1800","Median":"5500","Mean":"6121.324713","`":"15000","MIN":"1800","MEDIAN":"5500","MEAN":"5937.119048"}
{"_id":{"$oid":"5b7fd1264fecef104c32f1c3"},"SNO":"13","Job Title":"Associate","Max":"23000","Min":"2800","Median":"6000","Mean":"6383.157895","`":"#N/A","MIN":"#N/A","MEDIAN":"#N/A","MEAN":"#N/A"}
{"_id":{"$oid":"5b7fd1264fecef104c32f1c4"},"SNO":"14","Job Title":"IT Consultant","Max":"22500","Min":"1000","Median":"3100","Mean":"6611.181159","`":"#N/A","MIN":"#N/A","MEDIAN":"#N/A","MEAN":"#N/A"}
{"_id":{"$oid":"5b7fd1264fecef104c32f1c5"},"SNO":"15","Job Title":"Senior Data Analyst","Max":"18700","Min":"2000","Median":"6000","Mean":"7001.179941","`":"#N/A","MIN":"#N/A","MEDIAN":"#N/A","MEAN":"#N/A"}
{"_id":{"$oid":"5b7fd1264fecef104c32f1c6"},"SNO":"16","Job Title":"Contract Predictive Analyst","Max":"16000","Min":"2500","Median":"7000","Mean":"7379.352174","`":"#N/A","MIN":"#N/A","MEDIAN":"#N/A","MEAN":"#N/A"}
{"_id":{"$oid":"5b7fd1264fecef104c32f1c7"},"SNO":"17","Job Title":"Data scientist","Max":"25000","Min":"1500","Median":"6625","Mean":"7395.362637","`":"#N/A","MIN":"#N/A","MEDIAN":"#N/A","MEAN":"#N/A"}
{"_id":{"$oid":"5b7fd1264fecef104c32f1c8"},"SNO":"18","Job Title":"Development Manager","Max":"21000","Min":"500","Median":"6000","Mean":"7400.419643","`":"#N/A","MIN":"#N/A","MEDIAN":"#N/A","MEAN":"#N/A"}
{"_id":{"$oid":"5b7fd1264fecef104c32f1c9"},"SNO":"19","Job Title":"Data Analyst","Max":"12000","Min":"2800","Median":"7000","Mean":"7432.116379","`":"16000","MIN":"1800","MEDIAN":"5000","MEAN":"5923.177083"}
{"_id":{"$oid":"5b7fd1264fecef104c32f1ca"},"SNO":"20","Job Title":"Business Analytics Developer","Max":"15000","Min":"4000","Median":"7000","Mean":"7697.826087","`":"#N/A","MIN":"#N/A","MEDIAN":"#N/A","MEAN":"#N/A"}
{"_id":{"$oid":"5b7fd1264fecef104c32f1cb"},"SNO":"21","Job Title":"Data & Analytics - Senior Consultant","Max":"25000","Min":"2500","Median":"7000","Mean":"7849.21875","`":"#N/A","MIN":"#N/A","MEDIAN":"#N/A","MEAN":"#N/A"}
{"_id":{"$oid":"5b7fd1264fecef104c32f1cc"},"SNO":"22","Job Title":"Research Assistant","Max":"11000","Min":"5500","Median":"8250","Mean":"8250","`":"#N/A","MIN":"#N/A","MEDIAN":"#N/A","MEAN":"#N/A"}
{"_id":{"$oid":"5b7fd1264fecef104c32f1cd"},"SNO":"23","Job Title":"Senior Business Analyst","Max":"94500","Min":"1500","Median":"6000","Mean":"8453.604396","`":"#N/A","MIN":"#N/A","MEDIAN":"#N/A","MEAN":"#N/A"}
{"_id":{"$oid":"5b7fd1264fecef104c32f1ce"},"SNO":"24","Job Title":"Data Scientist - Advanced Analytics","Max":"50000","Min":"2200","Median":"7245","Mean":"8542.742105","`":"#N/A","MIN":"#N/A","MEDIAN":"#N/A","MEAN":"#N/A"}
{"_id":{"$oid":"5b7fd1264fecef104c32f1cf"},"SNO":"25","Job Title":"Senior Security Engineer","Max":"25000","Min":"4500","Median":"8000","Mean":"9273.809524","`":"#N/A","MIN":"#N/A","MEDIAN":"#N/A","MEAN":"#N/A"}
{"_id":{"$oid":"5b7fd1264fecef104c32f1d0"},"SNO":"26","Job Title":"Senior Actuary Actuarial and Risk Management","Max":"14000","Min":"4000","Median":"6000","Mean":"11000","`":"#N/A","MIN":"#N/A","MEDIAN":"#N/A","MEAN":"#N/A"}
{"_id":{"$oid":"5b7fd1264fecef104c32f1d1"},"SNO":"27","Job Title":"Senior Associate","Max":"19000","Min":"4100","Median":"11200","Mean":"11002.94118","`":"#N/A","MIN":"#N/A","MEDIAN":"#N/A","MEAN":"#N/A"}
{"_id":{"$oid":"5b7fd1264fecef104c32f1d2"},"SNO":"28","Job Title":"Data Quality Consultant","Max":"17000","Min":"10000","Median":"13500","Mean":"13500","`":"#N/A","MIN":"#N/A","MEDIAN":"#N/A","MEAN":"#N/A"}
{"_id":{"$oid":"5b7fd1264fecef104c32f1d3"},"SNO":"29","Job Title":"Senior Statistical Analyst","Max":"29166.66667","Min":"600","Median":"13958.33333","Mean":"19436.22222","`":"#N/A","MIN":"#N/A","MEDIAN":"#N/A","MEAN":"#N/A"}
{"_id":{"$oid":"5b7fd1264fecef104c32f1d4"},"SNO":"30","Job Title":"Project Manager","Max":"","Min":"","Median":"","Mean":"","`":"21000","MIN":"500","MEDIAN":"6875","MEAN":"7400.419643"}
{"_id":{"$oid":"5b7fd1264fecef104c32f1d5"},"SNO":"31","Job Title":"Functional Consultant","Max":"","Min":"","Median":"","Mean":"","`":"#N/A","MIN":"#N/A","MEDIAN":"#N/A","MEAN":"#N/A"}
{"_id":{"$oid":"5b7fd1264fecef104c32f1d6"},"SNO":"32","Job Title":"Graduate Research Assistant","Max":"","Min":"","Median":"","Mean":"","`":"#N/A","MIN":"#N/A","MEDIAN":"#N/A","MEAN":"#N/A"}
{"_id":{"$oid":"5b7fd1264fecef104c32f1d7"},"SNO":"33","Job Title":"Entrepreneur","Max":"","Min":"","Median":"","Mean":"","`":"#N/A","MIN":"#N/A","MEDIAN":"#N/A","MEAN":"#N/A"}
{"_id":{"$oid":"5b7fd1264fecef104c32f1d8"},"SNO":"34","Job Title":"Strategic Policy & Planning Manager","Max":"","Min":"","Median":"","Mean":"","`":"#N/A","MIN":"#N/A","MEDIAN":"#N/A","MEAN":"#N/A"}
{"_id":{"$oid":"5b7fd1264fecef104c32f1d9"},"SNO":"35","Job Title":"Apprentice","Max":"","Min":"","Median":"","Mean":"","`":"#N/A","MIN":"#N/A","MEDIAN":"#N/A","MEAN":"#N/A"}
{"_id":{"$oid":"5b7fd1264fecef104c32f1da"},"SNO":"36","Job Title":"Data Analyst","Max":"","Min":"","Median":"","Mean":"","`":"16000","MIN":"1800","MEDIAN":"5000","MEAN":"5923.177083"}
{"_id":{"$oid":"5b7fd1264fecef104c32f1db"},"SNO":"37","Job Title":"Project Manager","Max":"","Min":"","Median":"","Mean":"","`":"21000","MIN":"500","MEDIAN":"6875","MEAN":"7400.419643"}
{"_id":{"$oid":"5b7fd1264fecef104c32f1dc"},"SNO":"38","Job Title":"Enterprise Data Architect|Enterprise Architect Office","Max":"","Min":"","Median":"","Mean":"","`":"#N/A","MIN":"#N/A","MEDIAN":"#N/A","MEAN":"#N/A"}
{"_id":{"$oid":"5b7fd1264fecef104c32f1dd"},"SNO":"39","Job Title":"Project Manager","Max":"","Min":"","Median":"","Mean":"","`":"21000","MIN":"500","MEDIAN":"6875","MEAN":"7400.419643"}
{"_id":{"$oid":"5b7fd1264fecef104c32f1de"},"SNO":"40","Job Title":"Data Science Analyst","Max":"","Min":"","Median":"","Mean":"","`":"#N/A","MIN":"#N/A","MEDIAN":"#N/A","MEAN":"#N/A"}
{"_id":{"$oid":"5b7fd1264fecef104c32f1df"},"SNO":"41","Job Title":"Software Engineer","Max":"","Min":"","Median":"","Mean":"","`":"15000","MIN":"1800","MEDIAN":"5500","MEAN":"5937.119048"}
{"_id":{"$oid":"5b7fd1264fecef104c32f1e0"},"SNO":"42","Job Title":"Data Analyst","Max":"","Min":"","Median":"","Mean":"","`":"16000","MIN":"1800","MEDIAN":"5000","MEAN":"5923.177083"}
{"_id":{"$oid":"5b7fd1264fecef104c32f1e1"},"SNO":"43","Job Title":"Deputy Head of Department","Max":"","Min":"","Median":"","Mean":"","`":"#N/A","MIN":"#N/A","MEDIAN":"#N/A","MEAN":"#N/A"}
{"_id":{"$oid":"5b7fd1264fecef104c32f1e2"},"SNO":"44","Job Title":"Data Analyst","Max":"","Min":"","Median":"","Mean":"","`":"16000","MIN":"1800","MEDIAN":"5000","MEAN":"5923.177083"}
{"_id":{"$oid":"5b7fd1264fecef104c32f1e3"},"SNO":"45","Job Title":"Product Developer (Analytics)","Max":"","Min":"","Median":"","Mean":"","`":"#N/A","MIN":"#N/A","MEDIAN":"#N/A","MEAN":"#N/A"}
{"_id":{"$oid":"5b7fd1264fecef104c32f1e4"},"SNO":"46","Job Title":"Data Analyst (consumer analysis part-time)","Max":"","Min":"","Median":"","Mean":"","`":"#N/A","MIN":"#N/A","MEDIAN":"#N/A","MEAN":"#N/A"}
{"_id":{"$oid":"5b7fd1264fecef104c32f1e5"},"SNO":"47","Job Title":"Data Scientist","Max":"","Min":"","Median":"","Mean":"","`":"#N/A","MIN":"#N/A","MEDIAN":"#N/A","MEAN":"#N/A"}
{"_id":{"$oid":"5b7fd1264fecef104c32f1e6"},"SNO":"48","Job Title":"Web Hosting Manager","Max":"","Min":"","Median":"","Mean":"","`":"#N/A","MIN":"#N/A","MEDIAN":"#N/A","MEAN":"#N/A"}
{"_id":{"$oid":"5b7fd1264fecef104c32f1e7"},"SNO":"49","Job Title":"Project Manager","Max":"","Min":"","Median":"","Mean":"","`":"21000","MIN":"500","MEDIAN":"6875","MEAN":"7400.419643"}
{"_id":{"$oid":"5b7fd1264fecef104c32f1e8"},"SNO":"50","Job Title":"Sr' Project Manager (SkillsFuture Singapore)","Max":"","Min":"","Median":"","Mean":"","`":"#N/A","MIN":"#N/A","MEDIAN":"#N/A","MEAN":"#N/A"}
{"_id":{"$oid":"5b7fd1264fecef104c32f1e9"},"SNO":"51","Job Title":"Senior Data Architect","Max":"","Min":"","Median":"","Mean":"","`":"#N/A","MIN":"#N/A","MEDIAN":"#N/A","MEAN":"#N/A"}
{"_id":{"$oid":"5b7fd1264fecef104c32f1ea"},"SNO":"52","Job Title":"Data Analyst","Max":"","Min":"","Median":"","Mean":"","`":"16000","MIN":"1800","MEDIAN":"5000","MEAN":"5923.177083"}
{"_id":{"$oid":"5b7fd1264fecef104c32f1eb"},"SNO":"53","Job Title":"Assistant Manager","Max":"","Min":"","Median":"","Mean":"","`":"23890","MIN":"2000","MEDIAN":"7000","MEAN":"8223.519878"}
{"_id":{"$oid":"5b7fd1264fecef104c32f1ec"},"SNO":"54","Job Title":"Principal Consultant","Max":"","Min":"","Median":"","Mean":"","`":"#N/A","MIN":"#N/A","MEDIAN":"#N/A","MEAN":"#N/A"}
{"_id":{"$oid":"5b7fd1264fecef104c32f1ed"},"SNO":"55","Job Title":"Research Assistant","Max":"","Min":"","Median":"","Mean":"","`":"#N/A","MIN":"#N/A","MEDIAN":"#N/A","MEAN":"#N/A"}
{"_id":{"$oid":"5b7fd1264fecef104c32f1ee"},"SNO":"56","Job Title":"IT Analyst","Max":"","Min":"","Median":"","Mean":"","`":"17500","MIN":"2000","MEDIAN":"5667","MEAN":"5979"}
{"_id":{"$oid":"5b7fd1264fecef104c32f1ef"},"SNO":"57","Job Title":"Senior System Analyst","Max":"","Min":"","Median":"","Mean":"","`":"#N/A","MIN":"#N/A","MEDIAN":"#N/A","MEAN":"#N/A"}
{"_id":{"$oid":"5b7fd1264fecef104c32f1f0"},"SNO":"58","Job Title":"Global Data Analyst","Max":"","Min":"","Median":"","Mean":"","`":"#N/A","MIN":"#N/A","MEDIAN":"#N/A","MEAN":"#N/A"}
{"_id":{"$oid":"5b7fd1264fecef104c32f1f1"},"SNO":"59","Job Title":"Senior Engineer","Max":"","Min":"","Median":"","Mean":"","`":"20000","MIN":"1800","MEDIAN":"5500","MEAN":"6086.811966"}
{"_id":{"$oid":"5b7fd1264fecef104c32f1f2"},"SNO":"60","Job Title":"Consultant","Max":"","Min":"","Median":"","Mean":"","`":"25000","MIN":"1500","MEDIAN":"6000","MEAN":"8453.604396"}
{"_id":{"$oid":"5b7fd1264fecef104c32f1f3"},"SNO":"61","Job Title":"Director Global Research Services","Max":"","Min":"","Median":"","Mean":"","`":"#N/A","MIN":"#N/A","MEDIAN":"#N/A","MEAN":"#N/A"}
{"_id":{"$oid":"5b7fd1264fecef104c32f1f4"},"SNO":"62","Job Title":"Asst Principal Engineer","Max":"15000","Min":"1800","Median":"5500","Mean":"5937.119048","`":"#N/A","MIN":"#N/A","MEDIAN":"#N/A","MEAN":"#N/A"}
{"_id":{"$oid":"5b7fd1264fecef104c32f1f5"},"SNO":"63","Job Title":"Data Analyst","Max":"15000","Min":"1600","Median":"5000","Mean":"5555.486726","`":"16000","MIN":"1800","MEDIAN":"5000","MEAN":"5923.177083"}
{"_id":{"$oid":"5b7fd1264fecef104c32f1f6"},"SNO":"64","Job Title":"","Max":"15000","Min":"1800","Median":"5500","Mean":"5937.119048","`":"","MIN":"","MEDIAN":"","MEAN":""}
{"_id":{"$oid":"5b7fd1264fecef104c32f1f7"},"SNO":"65","Job Title":"","Max":"16000","Min":"2500","Median":"7000","Mean":"7271.022124","`":"","MIN":"","MEDIAN":"","MEAN":""}
{"_id":{"$oid":"5b7fd1264fecef104c32f1f8"},"SNO":"66","Job Title":"","Max":"25000","Min":"1500","Median":"6625","Mean":"7395.362637","`":"","MIN":"","MEDIAN":"","MEAN":""}
{"_id":{"$oid":"5b7fd1264fecef104c32f1f9"},"SNO":"67","Job Title":"","Max":"15600","Min":"2000","Median":"4700","Mean":"5133.983607","`":"","MIN":"","MEDIAN":"","MEAN":""}
{"_id":{"$oid":"5b7fd1264fecef104c32f1fa"},"SNO":"68","Job Title":"","Max":"22500","Min":"2300","Median":"6500","Mean":"7764.027108","`":"","MIN":"","MEDIAN":"","MEAN":""}
{"_id":{"$oid":"5b7fd1264fecef104c32f1fb"},"SNO":"69","Job Title":"","Max":"8000","Min":"2300","Median":"4000","Mean":"4540","`":"","MIN":"","MEDIAN":"","MEAN":""}
{"_id":{"$oid":"5b7fd1264fecef104c32f1fc"},"SNO":"70","Job Title":"","Max":"15000","Min":"1600","Median":"5000","Mean":"5932.716049","`":"","MIN":"","MEDIAN":"","MEAN":""}
{"_id":{"$oid":"5b7fd1264fecef104c32f1fd"},"SNO":"71","Job Title":"","Max":"20833","Min":"2000","Median":"5500","Mean":"6096.919492","`":"","MIN":"","MEDIAN":"","MEAN":""}
{"_id":{"$oid":"5b7fd1264fecef104c32f1fe"},"SNO":"72","Job Title":"","Max":"21000","Min":"500","Median":"6875","Mean":"7400.419643","`":"","MIN":"","MEDIAN":"","MEAN":""}
{"_id":{"$oid":"5b7fd1264fecef104c32f1ff"},"SNO":"73","Job Title":"","Max":"18000","Min":"1500","Median":"6000","Mean":"6475.201852","`":"","MIN":"","MEDIAN":"","MEAN":""}
{"_id":{"$oid":"5b7fd1264fecef104c32f200"},"SNO":"74","Job Title":"","Max":"15200","Min":"2300","Median":"4000","Mean":"5265.454545","`":"","MIN":"","MEDIAN":"","MEAN":""}
{"_id":{"$oid":"5b7fd1264fecef104c32f201"},"SNO":"75","Job Title":"","Max":"","Min":"","Median":"","Mean":"","`":"","MIN":"","MEDIAN":"","MEAN":""}
{"_id":{"$oid":"5b7fd1264fecef104c32f202"},"SNO":"76","Job Title":"","Max":"18000","Min":"2500","Median":"5000","Mean":"5702.48227","`":"","MIN":"","MEDIAN":"","MEAN":""}
{"_id":{"$oid":"5b7fd1264fecef104c32f203"},"SNO":"77","Job Title":"","Max":"25000","Min":"1500","Median":"6000","Mean":"8453.604396","`":"","MIN":"","MEDIAN":"","MEAN":""}
{"_id":{"$oid":"5b7fd1264fecef104c32f204"},"SNO":"78","Job Title":"","Max":"#N/A","Min":"#N/A","Median":"#N/A","Mean":"#N/A","`":"","MIN":"","MEDIAN":"","MEAN":""}
{"_id":{"$oid":"5b7fd1264fecef104c32f205"},"SNO":"79","Job Title":"","Max":"16000","Min":"1800","Median":"5000","Mean":"5923.177083","`":"","MIN":"","MEDIAN":"","MEAN":""}
{"_id":{"$oid":"5b7fd1264fecef104c32f206"},"SNO":"80","Job Title":"","Max":"29820","Min":"1000","Median":"5000","Mean":"6266.536508","`":"","MIN":"","MEDIAN":"","MEAN":""}
{"_id":{"$oid":"5b7fd1264fecef104c32f207"},"SNO":"81","Job Title":"","Max":"11000","Min":"3500","Median":"8250","Mean":"8166.666667","`":"","MIN":"","MEDIAN":"","MEAN":""}
{"_id":{"$oid":"5b7fd1264fecef104c32f208"},"SNO":"82","Job Title":"","Max":"16000","Min":"1800","Median":"5000","Mean":"5663.676768","`":"","MIN":"","MEDIAN":"","MEAN":""}
{"_id":{"$oid":"5b7fd1264fecef104c32f209"},"SNO":"83","Job Title":"","Max":"5000","Min":"1300","Median":"2850","Mean":"2872.727273","`":"","MIN":"","MEDIAN":"","MEAN":""}
{"_id":{"$oid":"5b7fd1264fecef104c32f20a"},"SNO":"84","Job Title":"","Max":"24500","Min":"2000","Median":"9847.5","Mean":"10109.74542","`":"","MIN":"","MEDIAN":"","MEAN":""}
{"_id":{"$oid":"5b7fd1264fecef104c32f20b"},"SNO":"85","Job Title":"","Max":"#N/A","Min":"#N/A","Median":"#N/A","Mean":"#N/A","`":"","MIN":"","MEDIAN":"","MEAN":""}
{"_id":{"$oid":"5b7fd1264fecef104c32f20c"},"SNO":"86","Job Title":"","Max":"7000","Min":"4500","Median":"5500","Mean":"5625","`":"","MIN":"","MEDIAN":"","MEAN":""}
{"_id":{"$oid":"5b7fd1264fecef104c32f20d"},"SNO":"87","Job Title":"","Max":"12000","Min":"2500","Median":"5000","Mean":"5652.326923","`":"","MIN":"","MEDIAN":"","MEAN":""}
{"_id":{"$oid":"5b7fd1264fecef104c32f20e"},"SNO":"88","Job Title":"","Max":"11000","Min":"2500","Median":"4500","Mean":"5086.111111","`":"","MIN":"","MEDIAN":"","MEAN":""}
{"_id":{"$oid":"5b7fd1264fecef104c32f20f"},"SNO":"89","Job Title":"","Max":"#N/A","Min":"#N/A","Median":"#N/A","Mean":"#N/A","`":"","MIN":"","MEDIAN":"","MEAN":""}
{"_id":{"$oid":"5b7fd1264fecef104c32f210"},"SNO":"90","Job Title":"","Max":"13000","Min":"2000","Median":"6500","Mean":"6645.454545","`":"","MIN":"","MEDIAN":"","MEAN":""}
{"_id":{"$oid":"5b7fd1264fecef104c32f211"},"SNO":"91","Job Title":"","Max":"5000","Min":"2500","Median":"3750","Mean":"3750","`":"","MIN":"","MEDIAN":"","MEAN":""}
{"_id":{"$oid":"5b7fd1264fecef104c32f212"},"SNO":"92","Job Title":"","Max":"#N/A","Min":"#N/A","Median":"#N/A","Mean":"#N/A","`":"","MIN":"","MEDIAN":"","MEAN":""}
{"_id":{"$oid":"5b7fd1264fecef104c32f213"},"SNO":"93","Job Title":"","Max":"17500","Min":"2000","Median":"5667","Mean":"5979","`":"","MIN":"","MEDIAN":"","MEAN":""}
{"_id":{"$oid":"5b7fd1264fecef104c32f214"},"SNO":"94","Job Title":"","Max":"#N/A","Min":"#N/A","Median":"#N/A","Mean":"#N/A","`":"","MIN":"","MEDIAN":"","MEAN":""}
{"_id":{"$oid":"5b7fd1264fecef104c32f215"},"SNO":"95","Job Title":"","Max":"#N/A","Min":"#N/A","Median":"#N/A","Mean":"#N/A","`":"","MIN":"","MEDIAN":"","MEAN":""}
{"_id":{"$oid":"5b7fd1264fecef104c32f216"},"SNO":"96","Job Title":"","Max":"25000","Min":"2800","Median":"7000","Mean":"8103.418803","`":"","MIN":"","MEDIAN":"","MEAN":""}
{"_id":{"$oid":"5b7fd1264fecef104c32f217"},"SNO":"97","Job Title":"","Max":"15000","Min":"1800","Median":"5500","Mean":"5937.119048","`":"","MIN":"","MEDIAN":"","MEAN":""}
{"_id":{"$oid":"5b7fd1264fecef104c32f218"},"SNO":"98","Job Title":"","Max":"20000","Min":"1800","Median":"5500","Mean":"6086.811966","`":"","MIN":"","MEDIAN":"","MEAN":""}
{"_id":{"$oid":"5b7fd1264fecef104c32f219"},"SNO":"99","Job Title":"","Max":"#N/A","Min":"#N/A","Median":"#N/A","Mean":"#N/A","`":"","MIN":"","MEDIAN":"","MEAN":""}
{"_id":{"$oid":"5b7fd1264fecef104c32f21a"},"SNO":"100","Job Title":"","Max":"8500","Min":"2000","Median":"4000","Mean":"4078.947368","`":"","MIN":"","MEDIAN":"","MEAN":""}
{"_id":{"$oid":"5b7fd1264fecef104c32f21b"},"SNO":"101","Job Title":"","Max":"#N/A","Min":"#N/A","Median":"#N/A","Mean":"#N/A","`":"","MIN":"","MEDIAN":"","MEAN":""}
{"_id":{"$oid":"5b7fd1264fecef104c32f21c"},"SNO":"102","Job Title":"","Max":"15600","Min":"3000","Median":"6900","Mean":"7763.6","`":"","MIN":"","MEDIAN":"","MEAN":""}
{"_id":{"$oid":"5b7fd1264fecef104c32f21d"},"SNO":"103","Job Title":"","Max":"#N/A","Min":"#N/A","Median":"#N/A","Mean":"#N/A","`":"","MIN":"","MEDIAN":"","MEAN":""}
{"_id":{"$oid":"5b7fd1264fecef104c32f21e"},"SNO":"104","Job Title":"","Max":"#N/A","Min":"#N/A","Median":"#N/A","Mean":"#N/A","`":"","MIN":"","MEDIAN":"","MEAN":""}
{"_id":{"$oid":"5b7fd1264fecef104c32f21f"},"SNO":"105","Job Title":"","Max":"14700","Min":"2000","Median":"5000","Mean":"5287.813333","`":"","MIN":"","MEDIAN":"","MEAN":""}
{"_id":{"$oid":"5b7fd1264fecef104c32f220"},"SNO":"106","Job Title":"","Max":"#N/A","Min":"#N/A","Median":"#N/A","Mean":"#N/A","`":"","MIN":"","MEDIAN":"","MEAN":""}
{"_id":{"$oid":"5b7fd1264fecef104c32f221"},"SNO":"107","Job Title":"","Max":"#N/A","Min":"#N/A","Median":"#N/A","Mean":"#N/A","`":"","MIN":"","MEDIAN":"","MEAN":""}
{"_id":{"$oid":"5b7fd1264fecef104c32f222"},"SNO":"108","Job Title":"","Max":"16000","Min":"1800","Median":"5000","Mean":"5756.689394","`":"","MIN":"","MEDIAN":"","MEAN":""}
{"_id":{"$oid":"5b7fd1264fecef104c32f223"},"SNO":"109","Job Title":"","Max":"#N/A","Min":"#N/A","Median":"#N/A","Mean":"#N/A","`":"","MIN":"","MEDIAN":"","MEAN":""}
{"_id":{"$oid":"5b7fd1264fecef104c32f224"},"SNO":"110","Job Title":"","Max":"#N/A","Min":"#N/A","Median":"#N/A","Mean":"#N/A","`":"","MIN":"","MEDIAN":"","MEAN":""}
{"_id":{"$oid":"5b7fd1264fecef104c32f225"},"SNO":"111","Job Title":"","Max":"20000","Min":"2500","Median":"7000","Mean":"7928.08046","`":"","MIN":"","MEDIAN":"","MEAN":""}
{"_id":{"$oid":"5b7fd1264fecef104c32f226"},"SNO":"112","Job Title":"","Max":"11000","Min":"2000","Median":"5500","Mean":"5598.076923","`":"","MIN":"","MEDIAN":"","MEAN":""}
{"_id":{"$oid":"5b7fd1264fecef104c32f227"},"SNO":"113","Job Title":"","Max":"23890","Min":"2000","Median":"7000","Mean":"8223.519878","`":"","MIN":"","MEDIAN":"","MEAN":""}
{"_id":{"$oid":"5b7fd1264fecef104c32f228"},"SNO":"114","Job Title":"","Max":"12000","Min":"6000","Median":"9000","Mean":"9000","`":"","MIN":"","MEDIAN":"","MEAN":""}
{"_id":{"$oid":"5b7fd1264fecef104c32f229"},"SNO":"115","Job Title":"","Max":"#N/A","Min":"#N/A","Median":"#N/A","Mean":"#N/A","`":"","MIN":"","MEDIAN":"","MEAN":""}
{"_id":{"$oid":"5b7fd1264fecef104c32f22a"},"SNO":"116","Job Title":"","Max":"#N/A","Min":"#N/A","Median":"#N/A","Mean":"#N/A","`":"","MIN":"","MEDIAN":"","MEAN":""}
{"_id":{"$oid":"5b7fd1264fecef104c32f22b"},"SNO":"117","Job Title":"","Max":"15000","Min":"4000","Median":"8000","Mean":"8640","`":"","MIN":"","MEDIAN":"","MEAN":""}
{"_id":{"$oid":"5b7fd1264fecef104c32f22c"},"SNO":"118","Job Title":"","Max":"12600","Min":"2000","Median":"4000","Mean":"4395.481982","`":"","MIN":"","MEDIAN":"","MEAN":""}
{"_id":{"$oid":"5b7fd1264fecef104c32f22d"},"SNO":"119","Job Title":"","Max":"#N/A","Min":"#N/A","Median":"#N/A","Mean":"#N/A","`":"","MIN":"","MEDIAN":"","MEAN":""}
{"_id":{"$oid":"5b7fd1264fecef104c32f22e"},"SNO":"120","Job Title":"","Max":"#N/A","Min":"#N/A","Median":"#N/A","Mean":"#N/A","`":"","MIN":"","MEDIAN":"","MEAN":""}
{"_id":{"$oid":"5b7fd1264fecef104c32f22f"},"SNO":"121","Job Title":"","Max":"#N/A","Min":"#N/A","Median":"#N/A","Mean":"#N/A","`":"","MIN":"","MEDIAN":"","MEAN":""}
{"_id":{"$oid":"5b7fd1264fecef104c32f230"},"SNO":"","Job Title":null,"Max":null,"Min":null,"Median":null,"Mean":null,"`":null,"MIN":null,"MEDIAN":null,"MEAN":null}
