{"_id":{"$oid":"5b7fd1394fecef104c32f231"},"SNO":"1","Job Title":"Software Engineer","Max":"15000","Min":"1800","Median":"5500","Mean":"5937.119048"}
{"_id":{"$oid":"5b7fd1394fecef104c32f232"},"SNO":"2","Job Title":"System Engineer","Max":"15000","Min":"1600","Median":"5000","Mean":"5555.486726"}
{"_id":{"$oid":"5b7fd1394fecef104c32f233"},"SNO":"3","Job Title":"Senior Software Engineer","Max":"15000","Min":"1800","Median":"5500","Mean":"5937.119048"}
{"_id":{"$oid":"5b7fd1394fecef104c32f234"},"SNO":"4","Job Title":"Business Analyst","Max":"16000","Min":"2500","Median":"7000","Mean":"7271.022124"}
{"_id":{"$oid":"5b7fd1394fecef104c32f235"},"SNO":"5","Job Title":"Senior Consultant","Max":"25000","Min":"1500","Median":"6625","Mean":"7395.362637"}
{"_id":{"$oid":"5b7fd1394fecef104c32f236"},"SNO":"6","Job Title":"Programmer Analyst","Max":"15600","Min":"2000","Median":"4700","Mean":"5133.983607"}
{"_id":{"$oid":"5b7fd1394fecef104c32f237"},"SNO":"7","Job Title":"Technical Consultant","Max":"22500","Min":"2300","Median":"6500","Mean":"7764.027108"}
{"_id":{"$oid":"5b7fd1394fecef104c32f238"},"SNO":"8","Job Title":"System Specialist","Max":"8000","Min":"2300","Median":"4000","Mean":"4540"}
{"_id":{"$oid":"5b7fd1394fecef104c32f239"},"SNO":"9","Job Title":"Assistant System Engineer","Max":"15000","Min":"1600","Median":"5000","Mean":"5932.716049"}
{"_id":{"$oid":"5b7fd1394fecef104c32f23a"},"SNO":"10","Job Title":"Application Developer","Max":"20833","Min":"2000","Median":"5500","Mean":"6096.919492"}
{"_id":{"$oid":"5b7fd1394fecef104c32f23b"},"SNO":"11","Job Title":"Project Manager","Max":"21000","Min":"500","Median":"6875","Mean":"7400.419643"}
{"_id":{"$oid":"5b7fd1394fecef104c32f23c"},"SNO":"12","Job Title":"Analyst","Max":"18000","Min":"1500","Median":"6000","Mean":"6475.201852"}
{"_id":{"$oid":"5b7fd1394fecef104c32f23d"},"SNO":"13","Job Title":"Associate Consultant","Max":"15200","Min":"2300","Median":"4000","Mean":"5265.454545"}
{"_id":{"$oid":"5b7fd1394fecef104c32f23e"},"SNO":"14","Job Title":"Retail Banking Customer Insight Manager(Junior Executive)","Max":"","Min":"","Median":"","Mean":""}
{"_id":{"$oid":"5b7fd1394fecef104c32f23f"},"SNO":"15","Job Title":"System Administrator","Max":"18000","Min":"2500","Median":"5000","Mean":"5702.48227"}
{"_id":{"$oid":"5b7fd1394fecef104c32f240"},"SNO":"16","Job Title":"Consultant","Max":"25000","Min":"1500","Median":"6000","Mean":"8453.604396"}
{"_id":{"$oid":"5b7fd1394fecef104c32f241"},"SNO":"17","Job Title":"Senior Executive Information Systems Planning & Chief Information Office","Max":"#N/A","Min":"#N/A","Median":"#N/A","Mean":"#N/A"}
{"_id":{"$oid":"5b7fd1394fecef104c32f242"},"SNO":"18","Job Title":"Data Analyst","Max":"16000","Min":"1800","Median":"5000","Mean":"5923.177083"}
{"_id":{"$oid":"5b7fd1394fecef104c32f243"},"SNO":"19","Job Title":"Specialist","Max":"29820","Min":"1000","Median":"5000","Mean":"6266.536508"}
{"_id":{"$oid":"5b7fd1394fecef104c32f244"},"SNO":"20","Job Title":"Data Analytics Associate","Max":"11000","Min":"3500","Median":"8250","Mean":"8166.666667"}
{"_id":{"$oid":"5b7fd1394fecef104c32f245"},"SNO":"21","Job Title":"Systems Engineer","Max":"16000","Min":"1800","Median":"5000","Mean":"5663.676768"}
{"_id":{"$oid":"5b7fd1394fecef104c32f246"},"SNO":"22","Job Title":"Duty Manager","Max":"5000","Min":"1300","Median":"2850","Mean":"2872.727273"}
{"_id":{"$oid":"5b7fd1394fecef104c32f247"},"SNO":"23","Job Title":"Assistant Vice President","Max":"24500","Min":"2000","Median":"9847.5","Mean":"10109.74542"}
{"_id":{"$oid":"5b7fd1394fecef104c32f248"},"SNO":"24","Job Title":"Engineer (Capability Development)","Max":"#N/A","Min":"#N/A","Median":"#N/A","Mean":"#N/A"}
{"_id":{"$oid":"5b7fd1394fecef104c32f249"},"SNO":"25","Job Title":"Senior IT Security Analyst","Max":"7000","Min":"4500","Median":"5500","Mean":"5625"}
{"_id":{"$oid":"5b7fd1394fecef104c32f24a"},"SNO":"26","Job Title":"Firmware Engineer","Max":"12000","Min":"2500","Median":"5000","Mean":"5652.326923"}
{"_id":{"$oid":"5b7fd1394fecef104c32f24b"},"SNO":"27","Job Title":"Associate Software Engineer","Max":"11000","Min":"2500","Median":"4500","Mean":"5086.111111"}
{"_id":{"$oid":"5b7fd1394fecef104c32f24c"},"SNO":"28","Job Title":"Founder","Max":"#N/A","Min":"#N/A","Median":"#N/A","Mean":"#N/A"}
{"_id":{"$oid":"5b7fd1394fecef104c32f24d"},"SNO":"29","Job Title":"Staff Engineer","Max":"13000","Min":"2000","Median":"6500","Mean":"6645.454545"}
{"_id":{"$oid":"5b7fd1394fecef104c32f24e"},"SNO":"30","Job Title":"Graduate Analyst","Max":"5000","Min":"2500","Median":"3750","Mean":"3750"}
{"_id":{"$oid":"5b7fd1394fecef104c32f24f"},"SNO":"31","Job Title":"Analyst Market Development","Max":"#N/A","Min":"#N/A","Median":"#N/A","Mean":"#N/A"}
{"_id":{"$oid":"5b7fd1394fecef104c32f250"},"SNO":"32","Job Title":"IT Analyst","Max":"17500","Min":"2000","Median":"5667","Mean":"5979"}
{"_id":{"$oid":"5b7fd1394fecef104c32f251"},"SNO":"33","Job Title":"Business Intelligence/analytics Professional","Max":"#N/A","Min":"#N/A","Median":"#N/A","Mean":"#N/A"}
{"_id":{"$oid":"5b7fd1394fecef104c32f252"},"SNO":"34","Job Title":"Irish Representative","Max":"#N/A","Min":"#N/A","Median":"#N/A","Mean":"#N/A"}
{"_id":{"$oid":"5b7fd1394fecef104c32f253"},"SNO":"35","Job Title":"SAP Consultant","Max":"25000","Min":"2800","Median":"7000","Mean":"8103.418803"}
{"_id":{"$oid":"5b7fd1394fecef104c32f254"},"SNO":"36","Job Title":"Junior Software Engineer","Max":"15000","Min":"1800","Median":"5500","Mean":"5937.119048"}
{"_id":{"$oid":"5b7fd1394fecef104c32f255"},"SNO":"37","Job Title":"Senior Engineer","Max":"20000","Min":"1800","Median":"5500","Mean":"6086.811966"}
{"_id":{"$oid":"5b7fd1394fecef104c32f256"},"SNO":"38","Job Title":"Lead Engineer (Mechanical) for Submarine Systems","Max":"#N/A","Min":"#N/A","Median":"#N/A","Mean":"#N/A"}
{"_id":{"$oid":"5b7fd1394fecef104c32f257"},"SNO":"39","Job Title":"Senior IT Engineer","Max":"8500","Min":"2000","Median":"4000","Mean":"4078.947368"}
{"_id":{"$oid":"5b7fd1394fecef104c32f258"},"SNO":"40","Job Title":"Manager Senior Manager Director Global Research Production","Max":"#N/A","Min":"#N/A","Median":"#N/A","Mean":"#N/A"}
{"_id":{"$oid":"5b7fd1394fecef104c32f259"},"SNO":"41","Job Title":"Senior Programmer Analyst","Max":"15600","Min":"3000","Median":"6900","Mean":"7763.6"}
{"_id":{"$oid":"5b7fd1394fecef104c32f25a"},"SNO":"42","Job Title":"Military Engineering Officer","Max":"#N/A","Min":"#N/A","Median":"#N/A","Mean":"#N/A"}
{"_id":{"$oid":"5b7fd1394fecef104c32f25b"},"SNO":"43","Job Title":"Senior Technical Architect & Lead","Max":"#N/A","Min":"#N/A","Median":"#N/A","Mean":"#N/A"}
{"_id":{"$oid":"5b7fd1394fecef104c32f25c"},"SNO":"44","Job Title":"Network Engineer","Max":"14700","Min":"2000","Median":"5000","Mean":"5287.813333"}
{"_id":{"$oid":"5b7fd1394fecef104c32f25d"},"SNO":"45","Job Title":"Software Engineer - (Business Data Analysis)","Max":"#N/A","Min":"#N/A","Median":"#N/A","Mean":"#N/A"}
{"_id":{"$oid":"5b7fd1394fecef104c32f25e"},"SNO":"46","Job Title":"Vice President GC Analytics","Max":"#N/A","Min":"#N/A","Median":"#N/A","Mean":"#N/A"}
{"_id":{"$oid":"5b7fd1394fecef104c32f25f"},"SNO":"47","Job Title":"Sr' Systems Engineer","Max":"16000","Min":"1800","Median":"5000","Mean":"5756.689394"}
{"_id":{"$oid":"5b7fd1394fecef104c32f260"},"SNO":"48","Job Title":"Advanced Analytics (Operations Research) Regional Industrial Engineer","Max":"#N/A","Min":"#N/A","Median":"#N/A","Mean":"#N/A"}
{"_id":{"$oid":"5b7fd1394fecef104c32f261"},"SNO":"49","Job Title":"Subject Matter Expert","Max":"20000","Min":"1600","Median":"7000","Mean":"7655.839233"}
{"_id":{"$oid":"5b7fd1394fecef104c32f262"},"SNO":"50","Job Title":"Product Manager","Max":"20000","Min":"2500","Median":"7000","Mean":"7928.08046"}
{"_id":{"$oid":"5b7fd1394fecef104c32f263"},"SNO":"51","Job Title":"System Analyst","Max":"11000","Min":"2000","Median":"5500","Mean":"5598.076923"}
{"_id":{"$oid":"5b7fd1394fecef104c32f264"},"SNO":"52","Job Title":"Assistant Manager","Max":"23890","Min":"2000","Median":"7000","Mean":"8223.519878"}
{"_id":{"$oid":"5b7fd1394fecef104c32f265"},"SNO":"53","Job Title":"Business Analytics Associate","Max":"12000","Min":"6000","Median":"9000","Mean":"9000"}
{"_id":{"$oid":"5b7fd1394fecef104c32f266"},"SNO":"54","Job Title":"Project Engineer(Business Analyst/QA)","Max":"#N/A","Min":"#N/A","Median":"#N/A","Mean":"#N/A"}
{"_id":{"$oid":"5b7fd1394fecef104c32f267"},"SNO":"55","Job Title":"Business Intelligence and Analytics lead","Max":"#N/A","Min":"#N/A","Median":"#N/A","Mean":"#N/A"}
{"_id":{"$oid":"5b7fd1394fecef104c32f268"},"SNO":"56","Job Title":"Application Architect","Max":"15000","Min":"4000","Median":"8000","Mean":"8640"}
{"_id":{"$oid":"5b7fd1394fecef104c32f269"},"SNO":"57","Job Title":"Research Associate","Max":"12600","Min":"2000","Median":"4000","Mean":"4395.481982"}
{"_id":{"$oid":"5b7fd1394fecef104c32f26a"},"SNO":"58","Job Title":"Yield Analysis Engineer","Max":"#N/A","Min":"#N/A","Median":"#N/A","Mean":"#N/A"}
{"_id":{"$oid":"5b7fd1394fecef104c32f26b"},"SNO":"59","Job Title":"Operations Excellence & Change Management Specialist","Max":"#N/A","Min":"#N/A","Median":"#N/A","Mean":"#N/A"}
{"_id":{"$oid":"5b7fd1394fecef104c32f26c"},"SNO":"60","Job Title":"Platform Delivery Lead","Max":"#N/A","Min":"#N/A","Median":"#N/A","Mean":"#N/A"}
{"_id":{"$oid":"5b7fd1394fecef104c32f26d"},"SNO":"","Job Title":null,"Max":null,"Min":null,"Median":null,"Mean":null}
