{"_id":{"$oid":"5b7c41889b9be51b281e1217"},"UniqueEntityNumber(Uen)":"T08LL0859H","EntityName":"ERNST & YOUNG LLP","StreetAddress":"1 Raffles Quay#18-01Singapore 048583","EntityStatus":"Live","EntityType":"LLP","UenIssuanceAgency":"Accounting and Corporate Regulatory Authority  (ACRA)","UenIssueDate":"2008-09-13","IncorporationDate":"2008-07-01","NumberOfficers":"65","UenAuditFirm1":"T08LL0859H","NameAuditFirm1":"ERNST & YOUNG LLP","UenAuditFirm2":"T08LL0859H","NameAuditFirm2":"ERNST & YOUNG LLP","UenAuditFirm3":"T08LL0859H","NameAuditFirm3":"ERNST & YOUNG LLP","UenAuditFirm4":"T08LL0859H","NameAuditFirm4":"ERNST & YOUNG LLP","UenAuditFirm5":"T08LL0859H","NameAuditFirm5":"ERNST & YOUNG LLP","PrimarySsicCode":"69201: ACCOUNTING AND AUDITING SERVICES (INCLUDING TAXATION ADVISORY SERVICES)","SecondaryUserDescribedActivity":"ACCOUNTING AND AUDITING SERVICES ONLY","CompanyName":"Ernst & Young LLP"}
{"_id":{"$oid":"5b7c41889b9be51b281e1218"},"UniqueEntityNumber(Uen)":"200511020R","EntityName":"TURCK BANNER SINGAPORE PTE LTD","StreetAddress":"25 International Business Park#04-75/77German CentreSingapore 609916","EntityStatus":"Live Company","EntityType":"Local Company","CompanyTypeDescription":"PRIVATE COMPANY LIMITED BY SHARES","UenIssuanceAgency":"Accounting and Corporate Regulatory Authority  (ACRA)","UenIssueDate":"2008-09-13","IncorporationDate":"2005-08-10","AccountDueDate":"2016-06-09","AnnualReturnDate":"2015-12-31","NumberCharges":"1","NumberOfficers":"9","FormerEntityName":"TURCK SINGAPORE PTE LTD","PrimarySsicCode":"46549: WHOLESALE OF INDUSTRIAL CONSTRUCTION AND RELATED MACHINERY AND EQUIPMENT NEC","SecondarySsicCode":"46900: GENERAL WHOLESALE TRADE (INCLUDING GENERAL IMPORTERS AND EXPORTERS)","PrimaryUserDescribedActivity":"DISTRIBUTOR OF INDUSTRIAL AUTOMATION PRODUCTS SENSORS CONNECTORS AND CABLES","CompanyName":"Turck Banner Singapore"}
{"_id":{"$oid":"5b7c41889b9be51b281e1219"},"UniqueEntityNumber(Uen)":"S68SS0034F","EntityName":"Singapore Armed Forces Sports Association","StreetAddress":"Pasir Laba RoadSingapore 637386","EntityStatus":"Registered","EntityType":"SS","UenIssuanceAgency":"Registry of Societies  (ROS)","UenIssueDate":"2008-08-28","CompanyName":"Singapore Armed Forces"}
{"_id":{"$oid":"5b7c41889b9be51b281e121a"},"UniqueEntityNumber(Uen)":"201502906K","EntityName":"HEWLETT PACKARD ENTERPRISE INTERNATIONAL PTE LTD","StreetAddress":"1 Depot Close#11-01Singapore 109841","EntityStatus":"Live Company","EntityType":"Local Company","CompanyTypeDescription":"PRIVATE COMPANY LIMITED BY SHARES","UenIssuanceAgency":"Accounting and Corporate Regulatory Authority  (ACRA)","UenIssueDate":"2015-02-03","IncorporationDate":"2015-01-29","AccountDueDate":"2017-06-29","AnnualReturnDate":"2016-10-31","NumberOfficers":"4","PrimarySsicCode":"62019: DEVELOPMENT OF OTHER SOFTWARE AND PROGRAMMING ACTIVITIES NEC","SecondarySsicCode":"82999: OTHER BUSINESS SUPPORT SERVICE ACTIVITIES (EG JUNKETS ADMINISTRATION OF LOYALTY PROGRAMMES)","CompanyName":"Hewlett Packard Enterprise"}
{"_id":{"$oid":"5b7c41889b9be51b281e121b"},"UniqueEntityNumber(Uen)":"53383714J","EntityName":"ST AEROSPACE","StreetAddress":"Ang Mo Kio Electronics Park RoadSingapore 567710","EntityStatus":"Registered","EntityType":"Business","UenIssuanceAgency":"Accounting and Corporate Regulatory Authority  (ACRA)","UenIssueDate":"2018-06-28","CompanyName":"ST Aerospace"}
{"_id":{"$oid":"5b7c41889b9be51b281e121c"},"UniqueEntityNumber(Uen)":"T10LL1646J","EntityName":"KPMG ADVISORY LLP","StreetAddress":"16 Raffles Quay#22-00Hong Leong BuildingSingapore 048581","EntityStatus":"Live","EntityType":"LLP","UenIssuanceAgency":"Accounting and Corporate Regulatory Authority  (ACRA)","UenIssueDate":"2010-10-01","IncorporationDate":"2010-10-01","NumberOfficers":"58","PrimarySsicCode":"70201: BUSINESS AND MANAGEMENT CONSULTANCY SERVICES (GENERAL)","CompanyName":"KPMG LLP"}
{"_id":{"$oid":"5b7c41889b9be51b281e121d"},"UniqueEntityNumber(Uen)":"200715323E","EntityName":"ACP COMPUTER TRAINING SCHOOL PTE LTD","StreetAddress":"3 Ang Mo Kio Street 62#06-18Link@amkSingapore 569139","EntityStatus":"Live Company","EntityType":"Local Company","CompanyTypeDescription":"PRIVATE COMPANY LIMITED BY SHARES","UenIssuanceAgency":"Accounting and Corporate Regulatory Authority  (ACRA)","UenIssueDate":"2008-09-13","IncorporationDate":"2007-08-20","AccountDueDate":"2017-06-30","AnnualReturnDate":"2016-12-31","NumberOfficers":"3","PrimarySsicCode":"85304: COMMERCIAL SCHOOLS OFFERING HIGHER EDUCATION PROGRAMMES","CompanyName":"ACP COMPUTER TRAINING SCHOOL"}
{"_id":{"$oid":"5b7c41889b9be51b281e121e"},"UniqueEntityNumber(Uen)":"52994970M","EntityName":"XTREMAX","StreetAddress":"10 Anson Road#18-18International PlazaSingapore 079903","EntityStatus":"Ceased Registration","EntityType":"Business","BusinessConstitutionDescription":"Partnership","UenIssuanceAgency":"Accounting and Corporate Regulatory Authority  (ACRA)","UenIssueDate":"2008-09-12","IncorporationDate":"2003-05-27","NumberOfficers":"3","PrimarySsicCode":"62022: SOFTWARE CONSULTANCY","SecondarySsicCode":"62019: DEVELOPMENT OF OTHER SOFTWARE AND PROGRAMMING ACTIVITIES NEC","CompanyName":"XTREMAX"}
{"_id":{"$oid":"5b7c41889b9be51b281e121f"},"UniqueEntityNumber(Uen)":"201115457E","EntityName":"DECISION SOLUTIONS PTE LTD","StreetAddress":"165 Bukit Merah Central#07-3689Singapore 150165","EntityStatus":"Live Company","EntityType":"Local Company","CompanyTypeDescription":"PRIVATE COMPANY LIMITED BY SHARES","UenIssuanceAgency":"Accounting and Corporate Regulatory Authority  (ACRA)","UenIssueDate":"2011-07-01","IncorporationDate":"2011-06-30","AccountDueDate":"2017-07-20","AnnualReturnDate":"2016-12-31","NumberOfficers":"3","PrimarySsicCode":"82999: OTHER BUSINESS SUPPORT SERVICE ACTIVITIES (EG JUNKETS ADMINISTRATION OF LOYALTY PROGRAMMES)","PrimaryUserDescribedActivity":"DEVELOP AND MARKET PLANNING SOLUTIONS","CompanyName":"DECISION SOLUTIONS"}
{"_id":{"$oid":"5b7c41889b9be51b281e1220"},"UniqueEntityNumber(Uen)":"199705989C","EntityName":"PHILIPS ELECTRONICS SINGAPORE PTE LTD","StreetAddress":"622 Lorong 1 Toa PayohSingapore 319763","EntityStatus":"Live Company","EntityType":"Local Company","CompanyTypeDescription":"PRIVATE COMPANY LIMITED BY SHARES","UenIssuanceAgency":"Accounting and Corporate Regulatory Authority  (ACRA)","UenIssueDate":"2008-09-11","IncorporationDate":"1997-08-28","AccountDueDate":"2017-08-29","AnnualReturnDate":"2016-12-31","NumberOfficers":"5","FormerEntityName":"PHILIPS CONSUMER COMMUNICATIONS ASIA PACIFIC PTE LTD","PrimarySsicCode":"26400: MANUFACTURE OF CONSUMER ELECTRONICS","SecondarySsicCode":"41009: BUILDING CONSTRUCTION NEC","PrimaryUserDescribedActivity":"MANUF/SALE OF VISUAL/AUDIOCONSUMER ELECTCOMMUNICATIONS MEDICAL EQPT/PROD","SecondaryUserDescribedActivity":"MIXED CONSTRUCTION ACTIVITIESROAD WORKS AND ENGINEERING CONSTRUCTION","CompanyName":"PHILIPS ELECTRONICS"}
{"_id":{"$oid":"5b7c41889b9be51b281e1221"},"UniqueEntityNumber(Uen)":"201021496N","EntityName":"IBM GLOBAL SERVICES PTE LTD","StreetAddress":"7 Changi Business Park Central 1Ibm PlaceSingapore 486072","EntityStatus":"Live Company","EntityType":"Local Company","CompanyTypeDescription":"PRIVATE COMPANY LIMITED BY SHARES","UenIssuanceAgency":"Accounting and Corporate Regulatory Authority  (ACRA)","UenIssueDate":"2010-10-09","IncorporationDate":"2010-10-08","AccountDueDate":"2017-08-29","AnnualReturnDate":"2016-12-31","NumberOfficers":"5","PrimarySsicCode":"70201: BUSINESS AND MANAGEMENT CONSULTANCY SERVICES (GENERAL)","CompanyName":"IBM Global Services"}
{"_id":{"$oid":"5b7c41889b9be51b281e1222"},"UniqueEntityNumber(Uen)":"200308003M","EntityName":"TATA CONSULTANCY SERVICES ASIA PACIFIC PTE LTD","StreetAddress":"60 Anson Road#18-01/02Mapletree AnsonSingapore 079914","EntityStatus":"Live Company","EntityType":"Local Company","CompanyTypeDescription":"PRIVATE COMPANY LIMITED BY SHARES","UenIssuanceAgency":"Accounting and Corporate Regulatory Authority  (ACRA)","UenIssueDate":"2008-09-12","IncorporationDate":"2003-08-19","AccountDueDate":"2017-08-18","AnnualReturnDate":"2017-03-31","NumberOfficers":"7","PrimarySsicCode":"62022: SOFTWARE CONSULTANCY","SecondarySsicCode":"70201: BUSINESS AND MANAGEMENT CONSULTANCY SERVICES (GENERAL)","CompanyName":"Tata Consultancy Services"}
{"_id":{"$oid":"5b7c41889b9be51b281e1223"},"UniqueEntityNumber(Uen)":"201822833H","EntityName":"AONE CLASSIC DESIGN PTE LTD","StreetAddress":"Balestier RoadSingapore 320002","EntityStatus":"Registered","EntityType":"Local Company","UenIssuanceAgency":"Accounting and Corporate Regulatory Authority  (ACRA)","UenIssueDate":"2018-07-05","CompanyName":"Aon"}
{"_id":{"$oid":"5b7c41889b9be51b281e1224"},"UniqueEntityNumber(Uen)":"201328563D","EntityName":"DR REDDYS SINGAPORE PTE LTD","StreetAddress":"16 Raffles Quay#33-03Hong Leong BuildingSingapore 048581","EntityStatus":"Live Company","EntityType":"Local Company","CompanyTypeDescription":"PRIVATE COMPANY LIMITED BY SHARES","UenIssuanceAgency":"Accounting and Corporate Regulatory Authority  (ACRA)","UenIssueDate":"2013-10-23","IncorporationDate":"2013-10-22","AccountDueDate":"2017-08-16","AnnualReturnDate":"2017-03-31","NumberOfficers":"7","PrimarySsicCode":"72101: RESEARCH AND EXPERIMENTAL DEVELOPMENT ON BIOTECHNOLOGY LIFE AND MEDICAL SCIENCE","SecondarySsicCode":"82999: OTHER BUSINESS SUPPORT SERVICE ACTIVITIES (EG JUNKETS ADMINISTRATION OF LOYALTY PROGRAMMES)","PrimaryUserDescribedActivity":"ESTABLISH RESEARCH GROUP TO LEVERAGE THE BIOTECHNOLOGY INFRASTRUCTURE IN SG","SecondaryUserDescribedActivity":"ACCESS GLOBAL TALENT IN R&D; AND OTHER SEGMENTS","CompanyName":"DR REDDYS"}
{"_id":{"$oid":"5b7c41889b9be51b281e1225"},"UniqueEntityNumber(Uen)":"201428685H","EntityName":"ZS ASSOCIATES SINGAPORE PTE LTD","StreetAddress":"2 Shenton Way#18-01Sgx Centre ISingapore 068804","EntityStatus":"Live Company","EntityType":"Local Company","CompanyTypeDescription":"PRIVATE COMPANY LIMITED BY SHARES","UenIssuanceAgency":"Accounting and Corporate Regulatory Authority  (ACRA)","UenIssueDate":"2014-09-27","IncorporationDate":"2014-09-26","AccountDueDate":"2017-06-29","AnnualReturnDate":"2016-12-31","NumberOfficers":"5","PrimarySsicCode":"70201: BUSINESS AND MANAGEMENT CONSULTANCY SERVICES (GENERAL)","CompanyName":"ZS Associates"}
{"_id":{"$oid":"5b7c41889b9be51b281e1226"},"UniqueEntityNumber(Uen)":"201102858G","EntityName":"VUCLIP (SINGAPORE) PTE LTD","StreetAddress":"8 Temasek Boulevard#35-01Suntec Tower ThreeSingapore 038988","EntityStatus":"Live Company","EntityType":"Local Company","CompanyTypeDescription":"PRIVATE COMPANY LIMITED BY SHARES","UenIssuanceAgency":"Accounting and Corporate Regulatory Authority  (ACRA)","UenIssueDate":"2011-02-02","IncorporationDate":"2011-02-01","AccountDueDate":"2017-08-29","AnnualReturnDate":"2016-12-31","NumberOfficers":"6","PrimarySsicCode":"70201: BUSINESS AND MANAGEMENT CONSULTANCY SERVICES (GENERAL)","PrimaryUserDescribedActivity":"MARKETING AND BUSINESS DEVELOPMENT IN SOUTH EAST ASIA","CompanyName":"VUCLIP (SINGAPORE)"}
{"_id":{"$oid":"5b7c41889b9be51b281e1227"},"UniqueEntityNumber(Uen)":"201508454W","EntityName":"PAYPAL PAYMENT HOLDINGS PTE LTD","StreetAddress":"5 Temasek Boulevard#09-01Suntec Tower FiveSingapore 038985","EntityStatus":"Live Company","EntityType":"Local Company","CompanyTypeDescription":"PRIVATE COMPANY LIMITED BY SHARES","UenIssuanceAgency":"Accounting and Corporate Regulatory Authority  (ACRA)","UenIssueDate":"2015-04-03","IncorporationDate":"2015-03-30","AccountDueDate":"2017-04-17","AnnualReturnDate":"2016-12-31","NumberOfficers":"4","PrimarySsicCode":"64202: OTHER HOLDING COMPANIES","SecondarySsicCode":"64999: OTHER FINANCIAL SERVICE ACTIVITIES EXCEPT INSURANCE AND PENSION FUNDING ACTIVITIES NEC","PrimaryUserDescribedActivity":"INVESTMENT HOLDING","SecondaryUserDescribedActivity":"HOLDER OF A STORED VALUE FACILITY AND PROVIDING PAYMENT AND SUPPORT SERVICES","CompanyName":"PayPal"}
{"_id":{"$oid":"5b7c41889b9be51b281e1228"},"UniqueEntityNumber(Uen)":"201808303Z","EntityName":"SINGTEL CYBER SECURITY (ASIA PACIFIC) PTE LTD","StreetAddress":"Exeter RoadSingapore 239732","EntityStatus":"Registered","EntityType":"Local Company","UenIssuanceAgency":"Accounting and Corporate Regulatory Authority  (ACRA)","UenIssueDate":"2018-03-09","CompanyName":"Singtel"}
{"_id":{"$oid":"5b7c41889b9be51b281e1229"},"UniqueEntityNumber(Uen)":"199505582Z","EntityName":"SEAGATE TECHNOLOGY MEDIA PTE LTD","StreetAddress":"7000 Ang Mo Kio Avenue 5Singapore 569877","EntityStatus":"Dissolved - Members' Voluntary Winding Up","EntityType":"Local Company","CompanyTypeDescription":"PRIVATE COMPANY LIMITED BY SHARES","UenIssuanceAgency":"Accounting and Corporate Regulatory Authority  (ACRA)","UenIssueDate":"2008-09-10","IncorporationDate":"1995-08-05","AccountDueDate":"1996-06-20","AnnualReturnDate":"1995-12-31","NumberOfficers":"8","FormerEntityName":"CDD SINGAPORE PTE LTD","PrimarySsicCode":"26202: MANUFACTURE OF DISK DRIVES (INCLUDING CD-ROM DRIVES DVD-ROM DRIVES OPTICAL DRIVES FLASH DRIVES TAPE DRIVES SOLID STATE DRIVES STORAGE SUBSYSTEMS)","CompanyName":"Seagate Technology"}
{"_id":{"$oid":"5b7c41889b9be51b281e122a"},"UniqueEntityNumber(Uen)":"T01FC6073G","EntityName":"MINDTREE LIMITED (SINGAPORE BRANCH)","StreetAddress":"17 Changi Business Park Central 1#05-03Honeywell BuildingSingapore 486073","EntityType":"Foreign Company","CompanyTypeDescription":"FOREIGN COMPANY REGISTERED IN SINGAPORE","UenIssuanceAgency":"Accounting and Corporate Regulatory Authority  (ACRA)","UenIssueDate":"2008-09-12","IncorporationDate":"2001-05-29","NumberOfficers":"12","FormerEntityName":"MINDTREE CONSULTING INDIA PTE LTD (INCORPORATED IN INDIA AS MINDMINDTREE CONSULTING LIMITED SINGAPORE BRANCH","PrimarySsicCode":"62022: SOFTWARE CONSULTANCY","SecondarySsicCode":"62011: DEVELOPMENT OF E-COMMERCE APPLICATIONS","CompanyName":"MINDTREE LIMITED (SINGAPORE BRANCH)\t"}
{"_id":{"$oid":"5b7c41889b9be51b281e122b"},"UniqueEntityNumber(Uen)":"201112696E","EntityName":"AXA HEALTHCARE MANAGEMENT (ASIA REGIONAL CENTRE) PTE LTD","StreetAddress":"8 Shenton Way#27-03Axa TowerSingapore 068811","EntityStatus":"Live Company","EntityType":"Local Company","CompanyTypeDescription":"PRIVATE COMPANY LIMITED BY SHARES","UenIssuanceAgency":"Accounting and Corporate Regulatory Authority  (ACRA)","UenIssueDate":"2011-05-28","IncorporationDate":"2011-05-27","AccountDueDate":"2017-06-30","AnnualReturnDate":"2016-12-31","NumberOfficers":"7","PrimarySsicCode":"82999: OTHER BUSINESS SUPPORT SERVICE ACTIVITIES (EG JUNKETS ADMINISTRATION OF LOYALTY PROGRAMMES)","PrimaryUserDescribedActivity":"THE PROVISION OF HEALTHCARE SERVICES","CompanyName":"AXA HEALTHCARE"}
{"_id":{"$oid":"5b7c41889b9be51b281e122c"},"UniqueEntityNumber(Uen)":"201502906K","EntityName":"HEWLETT PACKARD ENTERPRISE INTERNATIONAL PTE LTD","StreetAddress":"1 Depot Close#11-01Singapore 109841","EntityStatus":"Live Company","EntityType":"Local Company","CompanyTypeDescription":"PRIVATE COMPANY LIMITED BY SHARES","UenIssuanceAgency":"Accounting and Corporate Regulatory Authority  (ACRA)","UenIssueDate":"2015-02-03","IncorporationDate":"2015-01-29","AccountDueDate":"2017-06-29","AnnualReturnDate":"2016-10-31","NumberOfficers":"4","PrimarySsicCode":"62019: DEVELOPMENT OF OTHER SOFTWARE AND PROGRAMMING ACTIVITIES NEC","SecondarySsicCode":"82999: OTHER BUSINESS SUPPORT SERVICE ACTIVITIES (EG JUNKETS ADMINISTRATION OF LOYALTY PROGRAMMES)","CompanyName":"HEWLETT PACKARD ENTERPRISE"}
{"_id":{"$oid":"5b7c41889b9be51b281e122d"},"UniqueEntityNumber(Uen)":"201302506E","EntityName":"SENSE INFOSYS PTE LTD","StreetAddress":"30 Toh Guan Road#08-05Singapore 608840","EntityStatus":"Live Company","EntityType":"Local Company","CompanyTypeDescription":"PRIVATE COMPANY LIMITED BY SHARES","UenIssuanceAgency":"Accounting and Corporate Regulatory Authority  (ACRA)","UenIssueDate":"2013-01-25","IncorporationDate":"2013-01-24","AccountDueDate":"2017-08-21","AnnualReturnDate":"2017-03-31","NumberOfficers":"5","PrimarySsicCode":"62022: SOFTWARE CONSULTANCY","SecondarySsicCode":"26302: MANUFACTURE OF NETWORKING PRODUCTS (EG ROUTERS SWITCHES)","PrimaryUserDescribedActivity":"CONSULTANCY AND SOFTWARE DEVELOPMENT","SecondaryUserDescribedActivity":"MARINE NETWORKING AND COMMUNICATION","CompanyName":"SENSE INFOSYS"}
{"_id":{"$oid":"5b7c41889b9be51b281e122e"},"UniqueEntityNumber(Uen)":"201021496N","EntityName":"IBM GLOBAL SERVICES PTE LTD","StreetAddress":"7 Changi Business Park Central 1Ibm PlaceSingapore 486072","EntityStatus":"Live Company","EntityType":"Local Company","CompanyTypeDescription":"PRIVATE COMPANY LIMITED BY SHARES","UenIssuanceAgency":"Accounting and Corporate Regulatory Authority  (ACRA)","UenIssueDate":"2010-10-09","IncorporationDate":"2010-10-08","AccountDueDate":"2017-08-29","AnnualReturnDate":"2016-12-31","NumberOfficers":"5","PrimarySsicCode":"70201: BUSINESS AND MANAGEMENT CONSULTANCY SERVICES (GENERAL)","CompanyName":"IBM GLOBAL SERVICES"}
{"_id":{"$oid":"5b7c41889b9be51b281e122f"},"UniqueEntityNumber(Uen)":"53318081C","EntityName":"PANASONIC COMMERCIAL EQUIPMENT SYSTEMS ASIA PACIFIC","StreetAddress":"202 Bedok South Avenue 1#01-15Singapore 469332","EntityStatus":"Live","EntityType":"Business","BusinessConstitutionDescription":"Sole Proprietor","UenIssuanceAgency":"Accounting and Corporate Regulatory Authority  (ACRA)","UenIssueDate":"2015-10-02","IncorporationDate":"2015-10-01","NumberOfficers":"1","PrimarySsicCode":"43299: OTHER CONSTRUCTION INSTALLATION NEC","SecondarySsicCode":"46593: WHOLESALE OF COMMERCIAL FOOD SERVICE EQUIPMENT (EG HOTEL KITCHEN EQUIPMENT)","PrimaryUserDescribedActivity":"SUPPLY INSTALL & SVC COMMERCIAL DISPLAY REFRIGERATION PRDTS/KITCHEN EQUIPMTS","SecondaryUserDescribedActivity":"SUPPLY INSTALL & SVC COMMERCIAL DISPLAY REFRIGERATION PRDTS/KITCHEN EQUIPMTS","CompanyName":"Panasonic Asia Pacific"}
{"_id":{"$oid":"5b7c41889b9be51b281e1230"},"UniqueEntityNumber(Uen)":"200504979Z","EntityName":"SINGAPORE UNIVERSITY OF SOCIAL SCIENCES","StreetAddress":"461 Clementi RoadSingapore 599491","EntityStatus":"Live Company","EntityType":"Local Company","CompanyTypeDescription":"PUBLIC COMPANY LIMITED BY GUARANTEE","UenIssuanceAgency":"Accounting and Corporate Regulatory Authority  (ACRA)","UenIssueDate":"2008-09-13","IncorporationDate":"2005-04-14","AccountDueDate":"2017-06-30","AnnualReturnDate":"2016-12-31","NumberOfficers":"18","FormerEntityName":"SIM UNIVERSITY","PrimarySsicCode":"85302: UNIVERSITIES","CompanyName":"SINGAPORE UNIVERSITY OF SOCIAL SCIENCES"}
{"_id":{"$oid":"5b7c41889b9be51b281e1231"},"UniqueEntityNumber(Uen)":"201414114M","EntityName":"LENOVO ENTERPRISE SOLUTIONS (SINGAPORE) PTE LTD","StreetAddress":"151 Lorong Chuan#02-01New Tech ParkSingapore 556741","EntityStatus":"Live Company","EntityType":"Local Company","CompanyTypeDescription":"PRIVATE COMPANY LIMITED BY SHARES","UenIssuanceAgency":"Accounting and Corporate Regulatory Authority  (ACRA)","UenIssueDate":"2014-05-17","IncorporationDate":"2014-05-16","AccountDueDate":"2016-11-28","AnnualReturnDate":"2016-03-31","NumberOfficers":"6","PrimarySsicCode":"26209: MANUFACTURE OF COMPUTERS AND PERIPHERAL EQUIPMENT NEC","SecondarySsicCode":"46511: WHOLESALE OF COMPUTER HARDWARE AND PERIPHERAL EQUIPMENT","CompanyName":"LENOVO (SINGAPORE)"}
{"_id":{"$oid":"5b7c41889b9be51b281e1232"},"UniqueEntityNumber(Uen)":"53360094D","EntityName":"MICRONA TECH","StreetAddress":"7 Gambas Crescent#07-06Ark@gambasSingapore 757087","EntityStatus":"Live","EntityType":"Business","BusinessConstitutionDescription":"Sole Proprietor","UenIssuanceAgency":"Accounting and Corporate Regulatory Authority  (ACRA)","UenIssueDate":"2017-04-06","IncorporationDate":"2017-04-06","NumberOfficers":"2","PrimarySsicCode":"46522: WHOLESALE OF ELECTRONIC COMPONENTS","SecondarySsicCode":"46641: WHOLESALE OF BASIC INDUSTRIAL CHEMICALS (EXCEPT FERTILISERS)","PrimaryUserDescribedActivity":"TRADE GREEN ENERGY AND CHEMICAL PRODUCT","SecondaryUserDescribedActivity":"TRADE GREEN ENERGY AND CHEMICAL PRODUCT","CompanyName":"MICRON TECH"}
{"_id":{"$oid":"5b7c41889b9be51b281e1233"},"UniqueEntityNumber(Uen)":"200107453K","EntityName":"ORACLE FINANCIAL SERVICES SOFTWARE PTE LTD","StreetAddress":"27 International Business Park#02-01Iquest@ibpSingapore 609924","EntityStatus":"Live Company","EntityType":"Local Company","CompanyTypeDescription":"PRIVATE COMPANY LIMITED BY SHARES","UenIssuanceAgency":"Accounting and Corporate Regulatory Authority  (ACRA)","UenIssueDate":"2008-09-12","IncorporationDate":"2001-11-16","AccountDueDate":"2016-09-29","AnnualReturnDate":"2016-03-31","NumberCharges":"1","NumberOfficers":"5","FormerEntityName":"I-FLEX SOLUTIONS PTE LTD","PrimarySsicCode":"82999: OTHER BUSINESS SUPPORT SERVICE ACTIVITIES (EG JUNKETS ADMINISTRATION OF LOYALTY PROGRAMMES)","SecondarySsicCode":"96099: OTHER PERSONAL SERVICE ACTIVITIES NEC","PrimaryUserDescribedActivity":"TO DESIGNDEVELOPIMPORTEXPORT IMPLEMENT COMPUTER SOFTWARE & COMPUTER SYSTEMS","SecondaryUserDescribedActivity":"SOFTWARE & HARDWARE CONSULTANCY (INCLUDING SYSTEMS CONSULTANCY)","CompanyName":"Oracle Financial Services Software"}
{"_id":{"$oid":"5b7c41889b9be51b281e1234"},"UniqueEntityNumber(Uen)":"201614700K","EntityName":"ACCENTURE SG SERVICES PTE LTD","StreetAddress":"250 North Bridge Road#35-00Raffles City TowerSingapore 179101","EntityStatus":"Live Company","EntityType":"Local Company","CompanyTypeDescription":"PRIVATE COMPANY LIMITED BY SHARES","UenIssuanceAgency":"Accounting and Corporate Regulatory Authority  (ACRA)","UenIssueDate":"2016-05-31","IncorporationDate":"2016-05-31","AccountDueDate":"2017-02-27","AnnualReturnDate":"2016-08-31","NumberOfficers":"7","PrimarySsicCode":"62021: HARDWARE CONSULTANCY (INCLUDING SYSTEMS CONSULTANCY)","SecondarySsicCode":"70201: BUSINESS AND MANAGEMENT CONSULTANCY SERVICES (GENERAL)","PrimaryUserDescribedActivity":"IT CONSULTANCY AND COMPUTER SYSTEMS INTEGRATION ACTIVITIES","SecondaryUserDescribedActivity":"GENERAL BUSINESS AND MANAGEMENT CONSULTANCY SERVICES","CompanyName":"Accenture"}
{"_id":{"$oid":"5b7c41889b9be51b281e1235"},"UniqueEntityNumber(Uen)":"201317320R","EntityName":"CROSSTRACK PTE LTD","StreetAddress":"2 Jalan Rajah#05-24Golden Wall Flatted FactorySingapore 329134","EntityStatus":"Live Company","EntityType":"Local Company","CompanyTypeDescription":"EXEMPT PRIVATE COMPANY LIMITED BY SHARES","UenIssuanceAgency":"Accounting and Corporate Regulatory Authority  (ACRA)","UenIssueDate":"2013-07-01","IncorporationDate":"2013-06-27","AccountDueDate":"2017-06-30","AnnualReturnDate":"2016-12-31","NumberOfficers":"2","PrimarySsicCode":"62013: DEVELOPMENT OF SOFTWARE FOR INTERACTIVE DIGITAL MEDIA (EXCEPT GAMES)","CompanyName":"CROSSTRACK"}
{"_id":{"$oid":"5b7c41889b9be51b281e1236"},"UniqueEntityNumber(Uen)":"200712733G","EntityName":"WIPRO SINGAPORE PTE LIMITED","StreetAddress":"31 Cantonment RoadSingapore 089747","EntityStatus":"Live Company","EntityType":"Local Company","CompanyTypeDescription":"PRIVATE COMPANY LIMITED BY SHARES","UenIssuanceAgency":"Accounting and Corporate Regulatory Authority  (ACRA)","UenIssueDate":"2008-09-13","IncorporationDate":"2007-07-13","AccountDueDate":"2016-11-29","AnnualReturnDate":"2016-03-31","NumberOfficers":"5","PrimarySsicCode":"64202: OTHER HOLDING COMPANIES","SecondarySsicCode":"62019: DEVELOPMENT OF OTHER SOFTWARE AND PROGRAMMING ACTIVITIES NEC","SecondaryUserDescribedActivity":"SOFTWARE DEVELOPMENT & SOFTWARE CONSULTING","CompanyName":"WIPRO SINGAPORE"}
{"_id":{"$oid":"5b7c41889b9be51b281e1237"},"UniqueEntityNumber(Uen)":"200101872E","EntityName":"CRIMSONLOGIC GLOBAL PTE LTD","StreetAddress":"31 Science Park RoadThe CrimsonSingapore 117611","EntityStatus":"Live Company","EntityType":"Local Company","CompanyTypeDescription":"PRIVATE COMPANY LIMITED BY SHARES","UenIssuanceAgency":"Accounting and Corporate Regulatory Authority  (ACRA)","UenIssueDate":"2008-09-12","IncorporationDate":"2001-03-21","AccountDueDate":"2017-08-03","AnnualReturnDate":"2017-03-31","NumberOfficers":"7","FormerEntityName":"SINGAPORE NETWORK SERVICES GLOBAL PTE LTD","PrimarySsicCode":"64202: OTHER HOLDING COMPANIES","CompanyName":"CRIMSONLOGIC"}
{"_id":{"$oid":"5b7c41889b9be51b281e1238"},"UniqueEntityNumber(Uen)":"200102575K","EntityName":"BLUEFISH TECHNOLOGIES PTE LTD","StreetAddress":"45 Cantonment RoadSingapore 089748","EntityStatus":"Struck Off","EntityType":"Local Company","CompanyTypeDescription":"PRIVATE COMPANY LIMITED BY SHARES","UenIssuanceAgency":"Accounting and Corporate Regulatory Authority  (ACRA)","UenIssueDate":"2008-09-12","IncorporationDate":"2001-04-18","AccountDueDate":"2008-06-06","AnnualReturnDate":"2007-12-31","NumberOfficers":"4","PrimarySsicCode":"26204: MANUFACTURE OF SMART CARDS AND RELATED PRODUCTS (EG SMART CARD READERS)","CompanyName":"BLUEFISH TECHNOLOGIES"}
{"_id":{"$oid":"5b7c41889b9be51b281e1239"},"UniqueEntityNumber(Uen)":"200807753Z","EntityName":"IDIRECT ASIA PTE LTD","StreetAddress":"6 Ang Mo Kio Electronics Park Road#06-01Singapore 567711","EntityStatus":"Live Company","EntityType":"Local Company","CompanyTypeDescription":"PRIVATE COMPANY LIMITED BY SHARES","UenIssuanceAgency":"Accounting and Corporate Regulatory Authority  (ACRA)","UenIssueDate":"2008-09-13","IncorporationDate":"2008-04-21","AccountDueDate":"2017-04-19","AnnualReturnDate":"2016-12-31","NumberOfficers":"6","PrimarySsicCode":"26309: MANUFACTURE OF COMMUNICATIONS EQUIPMENT NEC","SecondarySsicCode":"46900: GENERAL WHOLESALE TRADE (INCLUDING GENERAL IMPORTERS AND EXPORTERS)","PrimaryUserDescribedActivity":"DESIGN MANUFACTURE & SERVICES FOR ELECTRONICS AND COMMUNICATION SYSTEMS","SecondaryUserDescribedActivity":"GENERAL TRADE (IMPORT/EXPORT) OF ELECTRONICS AND COMMUNICATION SYSTEMS","CompanyName":"IDIRECT ASIA"}
{"_id":{"$oid":"5b7c41889b9be51b281e123a"},"UniqueEntityNumber(Uen)":"200402446Z","EntityName":"BARCLAYS CAPITAL GLOBAL SERVICES SINGAPORE PTE LTD","StreetAddress":"10 Marina Boulevard#23-01Marina Bay Financial CentreSingapore 018983","EntityStatus":"Struck Off","EntityType":"Local Company","CompanyTypeDescription":"PRIVATE COMPANY LIMITED BY SHARES","UenIssuanceAgency":"Accounting and Corporate Regulatory Authority  (ACRA)","UenIssueDate":"2008-09-12","IncorporationDate":"2004-03-03","AccountDueDate":"2013-04-09","AnnualReturnDate":"2012-12-31","NumberOfficers":"8","PrimarySsicCode":"70101: ACTIVITIES OF HEAD AND REGIONAL HEAD OFFICES; CENTRALISED ADMINISTRATIVE OFFICES AND SUBSIDIARY MANAGEMENT OFFICES","PrimaryUserDescribedActivity":"PROVISION OF INFRASTRUCTURE SERVICES TO BARCLAYS GROUP","CompanyName":"Barclays Capital"}
{"_id":{"$oid":"5b7c41889b9be51b281e123b"},"UniqueEntityNumber(Uen)":"201804195C","EntityName":"MAYBANK SINGAPORE LIMITED","StreetAddress":"Battery RoadSingapore 049907","EntityStatus":"Registered","EntityType":"Local Company","UenIssuanceAgency":"Accounting and Corporate Regulatory Authority  (ACRA)","UenIssueDate":"2018-02-01","CompanyName":"Maybank Singapore"}
{"_id":{"$oid":"5b7c41889b9be51b281e123c"},"UniqueEntityNumber(Uen)":"201808331R","EntityName":"NCSOLUTIONS PTE LTD","StreetAddress":"Circular RoadSingapore 049422","EntityStatus":"Registered","EntityType":"Local Company","UenIssuanceAgency":"Accounting and Corporate Regulatory Authority  (ACRA)","UenIssueDate":"2018-03-09","CompanyName":"NCSOLUTIONS"}
{"_id":{"$oid":"5b7c41889b9be51b281e123d"},"UniqueEntityNumber(Uen)":"T10LL1646J","EntityName":"KPMG ADVISORY LLP","StreetAddress":"16 Raffles Quay#22-00Hong Leong BuildingSingapore 048581","EntityStatus":"Live","EntityType":"LLP","UenIssuanceAgency":"Accounting and Corporate Regulatory Authority  (ACRA)","UenIssueDate":"2010-10-01","IncorporationDate":"2010-10-01","NumberOfficers":"58","PrimarySsicCode":"70201: BUSINESS AND MANAGEMENT CONSULTANCY SERVICES (GENERAL)","CompanyName":"KPMG LLP"}
{"_id":{"$oid":"5b7c41889b9be51b281e123e"},"UniqueEntityNumber(Uen)":"200801443E","EntityName":"MEDIATEK INVESTMENT SINGAPORE PTE LTD","StreetAddress":"80 Robinson Road#02-00Singapore 068898","EntityStatus":"Live Company","EntityType":"Local Company","CompanyTypeDescription":"PRIVATE COMPANY LIMITED BY SHARES","UenIssuanceAgency":"Accounting and Corporate Regulatory Authority  (ACRA)","UenIssueDate":"2008-09-13","IncorporationDate":"2008-01-18","AccountDueDate":"2017-06-30","AnnualReturnDate":"2016-12-31","NumberOfficers":"5","FormerEntityName":"EOS TECHNOLOGY PTE LTDMSTAR SEMICONDUCTOR PTE LTD","PrimarySsicCode":"64202: OTHER HOLDING COMPANIES","CompanyName":"MediaTek"}
{"_id":{"$oid":"5b7c41889b9be51b281e123f"},"UniqueEntityNumber(Uen)":"201633677C","EntityName":"IBMS TAX SERVICES PTE LTD","StreetAddress":"20 Maxwell Road#10-11Maxwell HouseSingapore 069113","EntityStatus":"Live Company","EntityType":"Local Company","CompanyTypeDescription":"EXEMPT PRIVATE COMPANY LIMITED BY SHARES","UenIssuanceAgency":"Accounting and Corporate Regulatory Authority  (ACRA)","UenIssueDate":"2016-12-10","IncorporationDate":"2016-12-10","NumberOfficers":"1","PrimarySsicCode":"49214: TAXI SERVICES","CompanyName":"IBM"}
{"_id":{"$oid":"5b7c41889b9be51b281e1240"},"UniqueEntityNumber(Uen)":"200801778C","EntityName":"NATIONAL UNIVERSITY HEALTH SYSTEM PTE LTD","StreetAddress":"80 Robinson Road#02-00Singapore 068898","EntityStatus":"Live Company","EntityType":"Local Company","CompanyTypeDescription":"PRIVATE COMPANY LIMITED BY SHARES","UenIssuanceAgency":"Accounting and Corporate Regulatory Authority  (ACRA)","UenIssueDate":"2008-09-13","IncorporationDate":"2008-01-23","AccountDueDate":"2017-09-08","AnnualReturnDate":"2017-03-31","NumberOfficers":"20","PrimarySsicCode":"70101: ACTIVITIES OF HEAD AND REGIONAL HEAD OFFICES; CENTRALISED ADMINISTRATIVE OFFICES AND SUBSIDIARY MANAGEMENT OFFICES","SecondarySsicCode":"86909: OTHER HEALTH SERVICES NEC (EG REHABILITATION ACTIVITIES EG PHYSIOTHERAPY CHIROPRACTIC SPEECH THERAPY)","SecondaryUserDescribedActivity":"HEALTHCARE-RELATED SERVICES INCLUDING HEALTHCARE DELIVERYTEACHING & RESEARCH","CompanyName":"National University Health System"}
{"_id":{"$oid":"5b7c41889b9be51b281e1241"},"UniqueEntityNumber(Uen)":"201734661D","EntityName":"KEPPEL TECHNOLOGY AND INNOVATION PTE LTD","StreetAddress":"Harbourfront AvenueSingapore 098632","EntityStatus":"Registered","EntityType":"Local Company","UenIssuanceAgency":"Accounting and Corporate Regulatory Authority  (ACRA)","UenIssueDate":"2017-12-01","CompanyName":"KEPPEL TECHNOLOGY AND INNOVATION"}
{"_id":{"$oid":"5b7c41889b9be51b281e1242"},"UniqueEntityNumber(Uen)":"201401850N","EntityName":"NEWCLEUS PTE LTD","StreetAddress":"73 Ayer Rajah Crescent#02-24Singapore 139952","EntityStatus":"Live Company","EntityType":"Local Company","CompanyTypeDescription":"EXEMPT PRIVATE COMPANY LIMITED BY SHARES","UenIssuanceAgency":"Accounting and Corporate Regulatory Authority  (ACRA)","UenIssueDate":"2014-01-18","IncorporationDate":"2014-01-17","AccountDueDate":"2017-05-17","AnnualReturnDate":"2016-12-31","NumberOfficers":"2","PrimarySsicCode":"62013: DEVELOPMENT OF SOFTWARE FOR INTERACTIVE DIGITAL MEDIA (EXCEPT GAMES)","SecondarySsicCode":"70201: BUSINESS AND MANAGEMENT CONSULTANCY SERVICES (GENERAL)","PrimaryUserDescribedActivity":"DATA ANALYTICS SOFTWARE","SecondaryUserDescribedActivity":"CRM & DATA MANAGEMENT CONSULTING SERVICES","CompanyName":"NEWCLEUS"}
{"_id":{"$oid":"5b7c41889b9be51b281e1243"},"UniqueEntityNumber(Uen)":"53191180B","EntityName":"THOMSON REUTERS ALB","StreetAddress":"18 Science Park DriveSingapore 118229","EntityStatus":"Cancelled","EntityType":"Business","BusinessConstitutionDescription":"Sole Proprietor","UenIssuanceAgency":"Accounting and Corporate Regulatory Authority  (ACRA)","UenIssueDate":"2011-05-10","IncorporationDate":"2011-05-09","NumberOfficers":"1","PrimarySsicCode":"58132: PUBLISHING OF JOURNALS PERIODICALS AND MAGAZINES","SecondarySsicCode":"82302: CONVENTION/CONFERENCE ORGANISERS","PrimaryUserDescribedActivity":"PUBLISHER OF LEGAL MAGAZINES","SecondaryUserDescribedActivity":"PUBLISHER OF LEGAL MAGAZINES","CompanyName":"Thomson Reuters"}
{"_id":{"$oid":"5b7c41889b9be51b281e1244"},"UniqueEntityNumber(Uen)":"200510645G","EntityName":"COMBUILDER ENGINEERING PTE LTD","StreetAddress":"10 Ang Mo Kio Street 65#03-12TechpointSingapore 569059","EntityStatus":"Live Company","EntityType":"Local Company","CompanyTypeDescription":"EXEMPT PRIVATE COMPANY LIMITED BY SHARES","UenIssuanceAgency":"Accounting and Corporate Regulatory Authority  (ACRA)","UenIssueDate":"2008-09-13","IncorporationDate":"2005-08-03","AccountDueDate":"2017-01-03","AnnualReturnDate":"2016-07-31","NumberOfficers":"2","PrimarySsicCode":"62019: DEVELOPMENT OF OTHER SOFTWARE AND PROGRAMMING ACTIVITIES NEC","SecondarySsicCode":"62024: COMPUTER SYSTEMS INTEGRATION ACTIVITIES","PrimaryUserDescribedActivity":"DESIGN DEVELOPMENT AND IMPLEMENTATION OF LARGE SCALE SYSTEMS SOFTWARE","SecondaryUserDescribedActivity":"LARGE SCALE SYSTEMS INTEGRATION","CompanyName":"COMBUILDER ENGINEERING"}
{"_id":{"$oid":"5b7c41889b9be51b281e1245"},"UniqueEntityNumber(Uen)":"T08GA0026J","EntityName":"Republic of Singapore Navy","StreetAddress":"Gombak DriveSingapore 669645","EntityStatus":"Registered","EntityType":"GA","UenIssuanceAgency":"Ministry of Finance  (MOF)","UenIssueDate":"2008-09-24","CompanyName":"Republic of Singapore Navy"}
{"_id":{"$oid":"5b7c41889b9be51b281e1246"},"UniqueEntityNumber(Uen)":"200208217N","EntityName":"ICOGNITIVE PTE LTD","StreetAddress":"53 Cantonment Road#02-00Singapore 089753","EntityStatus":"Live Company","EntityType":"Local Company","CompanyTypeDescription":"EXEMPT PRIVATE COMPANY LIMITED BY SHARES","UenIssuanceAgency":"Accounting and Corporate Regulatory Authority  (ACRA)","UenIssueDate":"2008-09-12","IncorporationDate":"2002-09-21","AccountDueDate":"2016-06-30","AnnualReturnDate":"2015-12-31","NumberOfficers":"4","PrimarySsicCode":"62022: SOFTWARE CONSULTANCY","PrimaryUserDescribedActivity":"SOFTWARE DEVELOPMENT & CONSULTANCY","CompanyName":"ICOGNITIVE"}
{"_id":{"$oid":"5b7c41889b9be51b281e1247"},"UniqueEntityNumber(Uen)":"190800011G","EntityName":"THE GREAT EASTERN LIFE ASSURANCE COMPANY LIMITED","StreetAddress":"1 Pickering Street#16-01Great Eastern CentreSingapore 048659","EntityStatus":"Live Company","EntityType":"Local Company","CompanyTypeDescription":"PUBLIC COMPANY LIMITED BY SHARES","UenIssuanceAgency":"Accounting and Corporate Regulatory Authority  (ACRA)","UenIssueDate":"2008-09-09","IncorporationDate":"1908-08-26","AccountDueDate":"2017-04-14","AnnualReturnDate":"2016-12-31","NumberOfficers":"10","PrimarySsicCode":"65110: LIFE INSURANCE","CompanyName":"THE GREAT EASTERN LIFE ASSURANCE"}
{"_id":{"$oid":"5b7c41889b9be51b281e1248"},"UniqueEntityNumber(Uen)":"201331905K","EntityName":"ETIQA INSURANCE PTE LTD","StreetAddress":"1 Raffles Quay#22-01Singapore 048583","EntityStatus":"Live Company","EntityType":"Local Company","CompanyTypeDescription":"PRIVATE COMPANY LIMITED BY SHARES","UenIssuanceAgency":"Accounting and Corporate Regulatory Authority  (ACRA)","UenIssueDate":"2013-11-27","IncorporationDate":"2013-11-26","AccountDueDate":"2017-04-03","AnnualReturnDate":"2016-12-31","NumberOfficers":"8","FormerEntityName":"ETIQA PTE LTD","PrimarySsicCode":"65110: LIFE INSURANCE","SecondarySsicCode":"65124: GENERAL INSURANCE (EXCEPT MARINE AND IMPORT EXPORT & CREDIT INSURANCE)-","PrimaryUserDescribedActivity":"LIFE INSURANCE","SecondaryUserDescribedActivity":"GENERAL INSURANCE","CompanyName":"ETIQA INSURANCE"}
{"_id":{"$oid":"5b7c41889b9be51b281e1249"},"UniqueEntityNumber(Uen)":"199706229Z","EntityName":"PSA CORPORATION LIMITED","StreetAddress":"460 Alexandra Road#38-00Psa BuildingSingapore 119963","EntityStatus":"Live Company","EntityType":"Local Company","CompanyTypeDescription":"PUBLIC COMPANY LIMITED BY SHARES","UenIssuanceAgency":"Accounting and Corporate Regulatory Authority  (ACRA)","UenIssueDate":"2008-09-11","IncorporationDate":"1997-09-29","AccountDueDate":"2017-04-07","AnnualReturnDate":"2016-12-31","NumberOfficers":"7","PrimarySsicCode":"52223: PORT OPERATORS","SecondarySsicCode":"64202: OTHER HOLDING COMPANIES","CompanyName":"PSA CORPORATION LIMITED"}
{"_id":{"$oid":"5b7c41889b9be51b281e124a"},"UniqueEntityNumber(Uen)":"198000082C","EntityName":"RESORTS WORLD (SINGAPORE) PTE LTD","StreetAddress":"77 Robinson Road#13-00Robinson 77Singapore 068896","EntityStatus":"Live Company","EntityType":"Local Company","CompanyTypeDescription":"PRIVATE COMPANY LIMITED BY SHARES","UenIssuanceAgency":"Accounting and Corporate Regulatory Authority  (ACRA)","UenIssueDate":"2008-09-09","IncorporationDate":"1980-01-08","AccountDueDate":"2017-06-30","AnnualReturnDate":"2016-12-31","NumberOfficers":"5","PrimarySsicCode":"64202: OTHER HOLDING COMPANIES","PrimaryUserDescribedActivity":"HOLDING COMPANIES","CompanyName":"RESORTS WORLD (SINGAPORE)"}
{"_id":{"$oid":"5b7c41889b9be51b281e124b"},"UniqueEntityNumber(Uen)":"201737271G","EntityName":"SWISS RE ASIA PTE LTD","StreetAddress":"Marina ViewSingapore 018961","EntityStatus":"Registered","EntityType":"Local Company","UenIssuanceAgency":"Accounting and Corporate Regulatory Authority  (ACRA)","UenIssueDate":"2017-12-31","CompanyName":"Swiss Asia"}
{"_id":{"$oid":"5b7c41889b9be51b281e124c"},"UniqueEntityNumber(Uen)":"200001855H","EntityName":"SMRT CORPORATION LTD","StreetAddress":"251 North Bridge RoadMrtc HeadquartersSingapore 179102","EntityStatus":"Live Company","EntityType":"Local Company","CompanyTypeDescription":"PUBLIC COMPANY LIMITED BY SHARES","UenIssuanceAgency":"Accounting and Corporate Regulatory Authority  (ACRA)","UenIssueDate":"2008-09-12","IncorporationDate":"2000-03-06","AccountDueDate":"2017-07-17","AnnualReturnDate":"2017-03-31","NumberOfficers":"11","FormerEntityName":"SMRT CORPORATION PTE LTD","PrimarySsicCode":"64202: OTHER HOLDING COMPANIES","CompanyName":"SMRT CORPORATION LTD"}
{"_id":{"$oid":"5b7c41889b9be51b281e124d"},"UniqueEntityNumber(Uen)":"201804195C","EntityName":"MAYBANK SINGAPORE LIMITED","StreetAddress":"Battery RoadSingapore 049907","EntityStatus":"Registered","EntityType":"Local Company","UenIssuanceAgency":"Accounting and Corporate Regulatory Authority  (ACRA)","UenIssueDate":"2018-02-01","CompanyName":"Maybank"}
{"_id":{"$oid":"5b7c41889b9be51b281e124e"},"UniqueEntityNumber(Uen)":"T08LL0859H","EntityName":"ERNST & YOUNG LLP","StreetAddress":"1 Raffles Quay#18-01Singapore 048583","EntityStatus":"Live","EntityType":"LLP","UenIssuanceAgency":"Accounting and Corporate Regulatory Authority  (ACRA)","UenIssueDate":"2008-09-13","IncorporationDate":"2008-07-01","NumberOfficers":"65","UenAuditFirm1":"T08LL0859H","NameAuditFirm1":"ERNST & YOUNG LLP","UenAuditFirm2":"T08LL0859H","NameAuditFirm2":"ERNST & YOUNG LLP","UenAuditFirm3":"T08LL0859H","NameAuditFirm3":"ERNST & YOUNG LLP","UenAuditFirm4":"T08LL0859H","NameAuditFirm4":"ERNST & YOUNG LLP","UenAuditFirm5":"T08LL0859H","NameAuditFirm5":"ERNST & YOUNG LLP","PrimarySsicCode":"69201: ACCOUNTING AND AUDITING SERVICES (INCLUDING TAXATION ADVISORY SERVICES)","SecondaryUserDescribedActivity":"ACCOUNTING AND AUDITING SERVICES ONLY","CompanyName":"Ernst & Young LLP"}
{"_id":{"$oid":"5b7c41889b9be51b281e124f"},"UniqueEntityNumber(Uen)":"199701972G","EntityName":"GLOBALFOUNDRIES SILICON PARTNERS PTE LTD","StreetAddress":"60 Woodlands Ind Park D Street 2Singapore 738406","EntityStatus":"Amalgamated","EntityType":"Local Company","CompanyTypeDescription":"PRIVATE COMPANY LIMITED BY SHARES","UenIssuanceAgency":"Accounting and Corporate Regulatory Authority  (ACRA)","UenIssueDate":"2008-09-11","IncorporationDate":"1997-03-26","AccountDueDate":"2013-06-24","AnnualReturnDate":"2012-12-29","NumberCharges":"2","NumberOfficers":"6","FormerEntityName":"CHARTERED SILICON PARTNERS PTE LTD","PrimarySsicCode":"96099: OTHER PERSONAL SERVICE ACTIVITIES NEC","SecondarySsicCode":"46522: WHOLESALE OF ELECTRONIC COMPONENTS","CompanyName":"GLOBALFOUNDRIES"}
{"_id":{"$oid":"5b7c41889b9be51b281e1250"},"UniqueEntityNumber(Uen)":"201808390C","EntityName":"MEDIX TECHNOLOGIES PTE LTD","StreetAddress":"Balestier RoadSingapore 320002","EntityStatus":"Registered","EntityType":"Local Company","UenIssuanceAgency":"Accounting and Corporate Regulatory Authority  (ACRA)","UenIssueDate":"2018-03-10","CompanyName":"MEDIX TECHNOLOGIES"}
{"_id":{"$oid":"5b7c41889b9be51b281e1251"},"UniqueEntityNumber(Uen)":"201531354D","EntityName":"SINGAPORE COMPUTERS PTE LTD","StreetAddress":"7 Keppel Road#02-05Tanjong Pagar ComplexSingapore 089053","EntityStatus":"Live Company","EntityType":"Local Company","CompanyTypeDescription":"EXEMPT PRIVATE COMPANY LIMITED BY SHARES","UenIssuanceAgency":"Accounting and Corporate Regulatory Authority  (ACRA)","UenIssueDate":"2015-08-10","IncorporationDate":"2015-08-09","AnnualReturnDate":"2016-12-31","NumberOfficers":"2","PrimarySsicCode":"62090: OTHER INFORMATION TECHNOLOGY AND COMPUTER SERVICE ACTIVITIES (EG DISASTER RECOVERY SERVICES)","SecondarySsicCode":"95110: REPAIR AND MAINTENANCE OF COMPUTER HARDWARE DATA PROCESSING EQUIPMENT AND COMPUTER PERIPHERALS","PrimaryUserDescribedActivity":"NETWORKING SOLUTIONS FOR HOMES & OFFICES","SecondaryUserDescribedActivity":"REPAIR OF PC & LAPTOPS & OFFICE MAINTENANCE","CompanyName":"SINGAPORE COMPUTERS"}
{"_id":{"$oid":"5b7c41889b9be51b281e1252"},"UniqueEntityNumber(Uen)":"201731499K","EntityName":"MASTERCARD AP FINANCING PTE LTD","StreetAddress":"Fraser StreetSingapore 189352","EntityStatus":"Registered","EntityType":"Local Company","UenIssuanceAgency":"Accounting and Corporate Regulatory Authority  (ACRA)","UenIssueDate":"2017-11-02","CompanyName":"Mastercard"}
{"_id":{"$oid":"5b7c41889b9be51b281e1253"},"UniqueEntityNumber(Uen)":"T12FC0182C","EntityName":"SAVIANCE TECHNOLOGIES PRIVATE LIMITED","StreetAddress":"60 Paya Lebar Road#08-43Paya Lebar SquareSingapore 409051","EntityType":"Foreign Company","CompanyTypeDescription":"FOREIGN COMPANY REGISTERED IN SINGAPORE","UenIssuanceAgency":"Accounting and Corporate Regulatory Authority  (ACRA)","UenIssueDate":"2012-11-06","IncorporationDate":"2012-11-06","NumberOfficers":"3","PrimarySsicCode":"62022: SOFTWARE CONSULTANCY","CompanyName":"Saviance Technologies"}
{"_id":{"$oid":"5b7c41889b9be51b281e1254"},"UniqueEntityNumber(Uen)":"201609848G","EntityName":"COGNITIVE ECM PTE LTD","StreetAddress":"12 Hoy Fatt Road#04-01ABryton HouseSingapore 159506","EntityStatus":"Live Company","EntityType":"Local Company","CompanyTypeDescription":"EXEMPT PRIVATE COMPANY LIMITED BY SHARES","UenIssuanceAgency":"Accounting and Corporate Regulatory Authority  (ACRA)","UenIssueDate":"2016-04-13","IncorporationDate":"2016-04-13","AccountDueDate":"2017-09-13","AnnualReturnDate":"2017-03-31","NumberOfficers":"3","PrimarySsicCode":"62013: DEVELOPMENT OF SOFTWARE FOR INTERACTIVE DIGITAL MEDIA (EXCEPT GAMES)","SecondarySsicCode":"63119: DATA PROCESSING AND RELATED ACTIVITIES NEC (EG DATA TABULATION SERVICES COMPUTER TIME SHARING SERVICES APPLICATION SERVICE PROVIDERS DATA STORAGE AND STREAMING SERVICES)","CompanyName":"COGNITIVE ECM"}
{"_id":{"$oid":"5b7c41889b9be51b281e1255"},"UniqueEntityNumber(Uen)":"S57SS0012G","EntityName":"Persatuan Ulama dan Guru-Guru Agama Islam (Singapura) (Singapore Islamic Scholars and Religious Teac","StreetAddress":"Changi RoadSingapore 419975","EntityStatus":"Registered","EntityType":"SS","UenIssuanceAgency":"Registry of Societies  (ROS)","UenIssueDate":"2008-08-28","CompanyName":"Persatuan Ulama dan Guru-Guru Agama Islam"}
{"_id":{"$oid":"5b7c41889b9be51b281e1256"},"UniqueEntityNumber(Uen)":"200204734N","EntityName":"GLOBALINK SOLUTIONS PTE LTD","StreetAddress":"1003 Bukit Merah Central#05-21Singapore 159836","EntityStatus":"Live Company","EntityType":"Local Company","CompanyTypeDescription":"EXEMPT PRIVATE COMPANY LIMITED BY SHARES","UenIssuanceAgency":"Accounting and Corporate Regulatory Authority  (ACRA)","UenIssueDate":"2008-09-12","IncorporationDate":"2002-06-03","AccountDueDate":"2016-12-31","AnnualReturnDate":"2016-06-30","NumberOfficers":"4","PrimarySsicCode":"82999: OTHER BUSINESS SUPPORT SERVICE ACTIVITIES (EG JUNKETS ADMINISTRATION OF LOYALTY PROGRAMMES)","SecondarySsicCode":"58120: PUBLISHING OF DIRECTORIES AND MAILING LISTS","PrimaryUserDescribedActivity":"SOFTWARE INTERNATIONALIZATION DEVELOPMENT","SecondaryUserDescribedActivity":"IT CONSULTANCY SERVICES","CompanyName":"Globalink Solutions"}
{"_id":{"$oid":"5b7c41889b9be51b281e1257"},"UniqueEntityNumber(Uen)":"T17FC0160D","EntityName":"COGNIZANT WORLDWIDE LIMITED (SINGAPORE BRANCH)","StreetAddress":"Changi Business Park CrescentSingapore 486025","EntityStatus":"Registered","EntityType":"Foreign Company","UenIssuanceAgency":"Accounting and Corporate Regulatory Authority  (ACRA)","UenIssueDate":"2017-10-27","CompanyName":"Cognizant"}
{"_id":{"$oid":"5b7c41889b9be51b281e1258"},"UniqueEntityNumber(Uen)":"49413400C","EntityName":"DBS BANK","StreetAddress":"6 Shenton WayDbs BldgSingapore 068809","EntityType":"Business","BusinessConstitutionDescription":"Sole Proprietor","UenIssuanceAgency":"Accounting and Corporate Regulatory Authority  (ACRA)","UenIssueDate":"2008-09-10","IncorporationDate":"1993-09-30","NumberOfficers":"2","PrimarySsicCode":"64121: DOMESTIC BANKING UNITS (DBU) OF FULL BANKS","SecondarySsicCode":"64122: ASIAN CURRENCY UNITS (ACU) OF FULL BANKS","CompanyName":"DBS Bank"}
{"_id":{"$oid":"5b7c41889b9be51b281e1259"},"UniqueEntityNumber(Uen)":"200606195C","EntityName":"OBS GLOBAL FINANCIAL SOLUTIONS PTE LTD","StreetAddress":"2 Balestier Road#04-697Balestier Hill Shopping CentreSingapore 320002","EntityStatus":"Struck Off","EntityType":"Local Company","CompanyTypeDescription":"EXEMPT PRIVATE COMPANY LIMITED BY SHARES","UenIssuanceAgency":"Accounting and Corporate Regulatory Authority  (ACRA)","UenIssueDate":"2008-09-13","IncorporationDate":"2006-04-28","AccountDueDate":"2008-12-31","AnnualReturnDate":"2007-12-31","NumberOfficers":"2","PrimarySsicCode":"62019: DEVELOPMENT OF OTHER SOFTWARE AND PROGRAMMING ACTIVITIES NEC","SecondarySsicCode":"62022: SOFTWARE CONSULTANCY","CompanyName":"OBS FINANCIAL"}
{"_id":{"$oid":"5b7c41889b9be51b281e125a"},"UniqueEntityNumber(Uen)":"199206210K","EntityName":"AUTODESK ASIA PTE LTD","StreetAddress":"3 Fusionopolis Way#10-21SymbiosisSingapore 138633","EntityStatus":"Live Company","EntityType":"Local Company","CompanyTypeDescription":"PRIVATE COMPANY LIMITED BY SHARES","UenIssuanceAgency":"Accounting and Corporate Regulatory Authority  (ACRA)","UenIssueDate":"2008-09-10","IncorporationDate":"1992-11-18","AccountDueDate":"2016-09-29","AnnualReturnDate":"2016-01-31","NumberOfficers":"5","FormerEntityName":"AUTODESK ASIA PTE LTD","PrimarySsicCode":"62022: SOFTWARE CONSULTANCY","PrimaryUserDescribedActivity":"MANUFACTURING TRADING TECHNICAL SUPPORT SERVICES R&D; & CONSULTING SERVICES","CompanyName":"Autodesk"}
{"_id":{"$oid":"5b7c41889b9be51b281e125b"},"UniqueEntityNumber(Uen)":"T08GB0027D","EntityName":"Land Transport Authority of Singapore","StreetAddress":"Hampshire RoadSingapore 219428","EntityStatus":"Registered","EntityType":"GB","UenIssuanceAgency":"Ministry of Finance  (MOF)","UenIssueDate":"2008-08-26","CompanyName":"Land Transport Authority of Singapore"}
{"_id":{"$oid":"5b7c41889b9be51b281e125c"},"UniqueEntityNumber(Uen)":"201719757R","EntityName":"SINGHOST PTE LTD","StreetAddress":"10 Anson Road#22-02International PlazaSingapore 079903","EntityStatus":"Live Company","EntityType":"Local Company","CompanyTypeDescription":"PRIVATE COMPANY LIMITED BY SHARES","UenIssuanceAgency":"Accounting and Corporate Regulatory Authority  (ACRA)","UenIssueDate":"2017-07-14","IncorporationDate":"2017-07-14","NumberOfficers":"5","PrimarySsicCode":"63111: WEB HOSTING AND OTHER HOSTING SERVICES (EG CLOUD HOSTING SERVER HOSTING AND DATA HOSTING)","SecondarySsicCode":"62090: OTHER INFORMATION TECHNOLOGY AND COMPUTER SERVICE ACTIVITIES (EG DISASTER RECOVERY SERVICES)","PrimaryUserDescribedActivity":"WEB HOSTING","SecondaryUserDescribedActivity":"CLOUD HOSTING INFRASTRUCTURE","CompanyName":"SINGHOST"}
{"_id":{"$oid":"5b7c41889b9be51b281e125d"},"UniqueEntityNumber(Uen)":"199406830K","EntityName":"GUY CARPENTER & COMPANY PRIVATE LIMITED","StreetAddress":"8 Marina View#09-06Asia Square Tower 1Singapore 018960","EntityStatus":"Live Company","EntityType":"Local Company","CompanyTypeDescription":"PRIVATE COMPANY LIMITED BY SHARES","UenIssuanceAgency":"Accounting and Corporate Regulatory Authority  (ACRA)","UenIssueDate":"2008-09-10","IncorporationDate":"1994-09-22","AccountDueDate":"2016-06-07","AnnualReturnDate":"2015-12-31","NumberOfficers":"6","FormerEntityName":"WILLCOX JOHNSON & HIGGINS ASIA PTE LTDGUY CARPENTER & COMPANY (S) PTE LTD","PrimarySsicCode":"66299: OTHER ACTIVITIES AUXILIARY TO INSURANCE AND PENSION FUNDING NEC (EG ACTIVITIES OF ACTUARIES)","PrimaryUserDescribedActivity":"REINSURANCE BROKERS","CompanyName":"Guy Carpenter"}
{"_id":{"$oid":"5b7c41889b9be51b281e125e"},"UniqueEntityNumber(Uen)":"200815170K","EntityName":"SOMPO HOLDINGS (ASIA) PTE LTD","StreetAddress":"50 Raffles Place#11-03Singapore Land TowerSingapore 048623","EntityStatus":"Live Company","EntityType":"Local Company","CompanyTypeDescription":"PRIVATE COMPANY LIMITED BY SHARES","UenIssuanceAgency":"Accounting and Corporate Regulatory Authority  (ACRA)","UenIssueDate":"2008-09-13","IncorporationDate":"2008-08-01","AccountDueDate":"2017-05-05","AnnualReturnDate":"2016-12-31","NumberOfficers":"10","FormerEntityName":"SJA PTE LTDSOMPO JAPAN ASIA HOLDINGS PTE LTDSOMPO JAPAN NIPPONKOA HOLDINGS (ASIA) PTE LTD","PrimarySsicCode":"70201: BUSINESS AND MANAGEMENT CONSULTANCY SERVICES (GENERAL)","CompanyName":"SOMPO HOLDINGS"}
{"_id":{"$oid":"5b7c41889b9be51b281e125f"},"UniqueEntityNumber(Uen)":"T13FC0088D","EntityName":"CHINA MERCHANTS BANK CO LTD","StreetAddress":"1 Raffles Place#32-61One Raffles PlaceSingapore 048616","EntityType":"Foreign Company","CompanyTypeDescription":"FOREIGN COMPANY REGISTERED IN SINGAPORE","UenIssuanceAgency":"Accounting and Corporate Regulatory Authority  (ACRA)","UenIssueDate":"2013-05-30","IncorporationDate":"2013-05-30","NumberOfficers":"18","PrimarySsicCode":"64131: DOMESTIC BANKING UNITS (DBU) OF WHOLESALE BANKS","SecondarySsicCode":"64132: ASIAN CURRENCY UNITS (ACU) OF WHOLESALE BANKS","CompanyName":"China Merchants Bank"}
{"_id":{"$oid":"5b7c41889b9be51b281e1260"},"UniqueEntityNumber(Uen)":"53366729A","EntityName":"ALIBABA DRIVING SERVICES","StreetAddress":"769 Bedok Reservoir View#03-197LongvaleSingapore 470769","EntityStatus":"Live","EntityType":"Business","BusinessConstitutionDescription":"Sole Proprietor","UenIssuanceAgency":"Accounting and Corporate Regulatory Authority  (ACRA)","UenIssueDate":"2017-07-17","IncorporationDate":"2017-07-17","NumberOfficers":"1","PrimarySsicCode":"49219: PASSENGER LAND TRANSPORT NEC (EG PRIVATE CARS FOR HIRE WITH OPERATOR AND TRISHAWS)","PrimaryUserDescribedActivity":"PASSENGER LAND TRANSPORT NEC (EG PRIVATE CARS FOR HIRE WITH OPERATOR AND TR","SecondaryUserDescribedActivity":"PASSENGER LAND TRANSPORT NEC (EG PRIVATE CARS FOR HIRE WITH OPERATOR AND TR","CompanyName":"Alibaba"}
{"_id":{"$oid":"5b7c41889b9be51b281e1261"},"UniqueEntityNumber(Uen)":"53347235X","EntityName":"BNP PARIBAS WEALTH MANAGEMENT","StreetAddress":"20 Collyer Quay#01-0120 Collyer QuaySingapore 049319","EntityStatus":"Live","EntityType":"Business","BusinessConstitutionDescription":"Sole Proprietor","UenIssuanceAgency":"Accounting and Corporate Regulatory Authority  (ACRA)","UenIssueDate":"2016-10-01","IncorporationDate":"2016-10-01","NumberOfficers":"1","PrimarySsicCode":"66301: ASSET/PORTFOLIO MANAGEMENT","CompanyName":"BNP Paribas"}
{"_id":{"$oid":"5b7c41889b9be51b281e1262"},"UniqueEntityNumber(Uen)":"52917528B","EntityName":"ANZ INTERNATIONAL PRIVATE BANKING","StreetAddress":"10 Collyer Quay#17-01/07Ocean BuildingSingapore 049315","EntityStatus":"Cancelled","EntityType":"Business","BusinessConstitutionDescription":"Partnership","UenIssuanceAgency":"Accounting and Corporate Regulatory Authority  (ACRA)","UenIssueDate":"2008-09-12","IncorporationDate":"2000-04-13","NumberOfficers":"3","FormerEntityName":"ANZ PRIVATE BANK ASIA","PrimarySsicCode":"64151: DOMESTIC BANKING UNITS (DBU) OF MERCHANT BANKS","SecondarySsicCode":"64152: ASIAN CURRENCY UNITS (ACU) OF MERCHANT BANKS","CompanyName":"ANZ INTERNATIONAL PRIVATE BANKING"}
{"_id":{"$oid":"5b7c41889b9be51b281e1263"},"UniqueEntityNumber(Uen)":"53384079A","EntityName":"EMC LEARNING LAB","StreetAddress":"Jalan BersehSingapore 200025","EntityStatus":"Registered","EntityType":"Business","UenIssuanceAgency":"Accounting and Corporate Regulatory Authority  (ACRA)","UenIssueDate":"2018-07-05","CompanyName":"EMC"}
{"_id":{"$oid":"5b7c41889b9be51b281e1264"},"UniqueEntityNumber(Uen)":"T17UF7618G","EntityName":"STANDARD CHARTERED BANK SINGAPORE BRANCH","StreetAddress":"Singapore","EntityStatus":"Registered","EntityType":"Unregistered Foreign Entity","UenIssuanceAgency":"Accounting and Corporate Regulatory Authority  (ACRA)","UenIssueDate":"2017-10-31","CompanyName":"Standard Chartered Bank"}
{"_id":{"$oid":"5b7c41889b9be51b281e1265"},"UniqueEntityNumber(Uen)":"198601884W","EntityName":"ROBERT BOSCH SECURITY SOLUTIONS PTE LTD","StreetAddress":"11 Bishan Street 21Singapore 573943","Telephone":"62486102","EntityStatus":"Live Company","EntityType":"Local Company","CompanyTypeDescription":"PRIVATE COMPANY LIMITED BY SHARES","UenIssuanceAgency":"Accounting and Corporate Regulatory Authority  (ACRA)","UenIssueDate":"2008-09-10","IncorporationDate":"1986-09-06","AccountDueDate":"2017-06-30","AnnualReturnDate":"2016-12-31","NumberCharges":"6","NumberOfficers":"4","FormerEntityName":"MICROPROCESSOR CONTROL SYSTEMS (S) PTE LTDADC TECHNOLOGIES INTERNATIONAL PTE LTD","PrimarySsicCode":"43293: INSTALLATION OF BUILDING AUTOMATED SYSTEMS FOR REMOTE MONITORING","SecondarySsicCode":"26129: MANUFACTURE OF OTHER ELECTRONIC COMPONENTS AND BOARDS NEC","Me02":"L1","1/8/2017":"","Me04":"L5","Me06":"L1","CompanyName":"ROBERT BOSCH"}
{"_id":{"$oid":"5b7c41889b9be51b281e1266"},"UniqueEntityNumber(Uen)":"201220576N","EntityName":"SPARKLINE PTE LTD","StreetAddress":"31 Tanjong Pagar Road#04-01Singapore 088454","EntityStatus":"Live Company","EntityType":"Local Company","CompanyTypeDescription":"EXEMPT PRIVATE COMPANY LIMITED BY SHARES","UenIssuanceAgency":"Accounting and Corporate Regulatory Authority  (ACRA)","UenIssueDate":"2012-08-20","IncorporationDate":"2012-08-18","AccountDueDate":"2016-12-31","AnnualReturnDate":"2016-07-31","NumberOfficers":"4","FormerEntityName":"SPARKLINE ANALYTICS PTE LTD","PrimarySsicCode":"62022: SOFTWARE CONSULTANCY","PrimaryUserDescribedActivity":"WEBSITE OPTIMIZATION CONSULTANCY","CompanyName":"Sparkline"}
{"_id":{"$oid":"5b7c41889b9be51b281e1267"},"UniqueEntityNumber(Uen)":"53211870K","EntityName":"MICROFOCUS CONSULTING","StreetAddress":"18 Moulmein Rise#14-02City EdgeSingapore 308133","EntityStatus":"Cancelled","EntityType":"Business","BusinessConstitutionDescription":"Sole Proprietor","UenIssuanceAgency":"Accounting and Corporate Regulatory Authority  (ACRA)","UenIssueDate":"2012-03-30","IncorporationDate":"2012-03-29","NumberOfficers":"2","PrimarySsicCode":"70201: BUSINESS AND MANAGEMENT CONSULTANCY SERVICES (GENERAL)","PrimaryUserDescribedActivity":"PROJECT MANAGEMENT SERVICES AND BUSINESS DEVELOPMENT CONSULTANCY","SecondaryUserDescribedActivity":"PROJECT MANAGEMENT SERVICES AND BUSINESS DEVELOPMENT CONSULTANCY","CompanyName":"Micro Focus"}
{"_id":{"$oid":"5b7c41889b9be51b281e1268"},"UniqueEntityNumber(Uen)":"201528217G","EntityName":"TEMASEK FINANCIAL HOLDINGS PRIVATE LIMITED","StreetAddress":"60B Orchard Road#06-18The Atrium @ OrchardSingapore 238891","EntityStatus":"Live Company","EntityType":"Local Company","CompanyTypeDescription":"PRIVATE COMPANY LIMITED BY SHARES","UenIssuanceAgency":"Accounting and Corporate Regulatory Authority  (ACRA)","UenIssueDate":"2015-07-08","IncorporationDate":"2015-07-07","AccountDueDate":"2017-08-16","AnnualReturnDate":"2017-03-31","NumberOfficers":"9","PrimarySsicCode":"64202: OTHER HOLDING COMPANIES","SecondarySsicCode":"64999: OTHER FINANCIAL SERVICE ACTIVITIES EXCEPT INSURANCE AND PENSION FUNDING ACTIVITIES NEC","PrimaryUserDescribedActivity":"INVESTMENT HOLDING","SecondaryUserDescribedActivity":"FINANCING COMPANY","CompanyName":"TEMASEK HOLDINGS"}
{"_id":{"$oid":"5b7c41889b9be51b281e1269"},"UniqueEntityNumber(Uen)":"200001424C","EntityName":"AMDOCS SINGAPORE PTE LTD","StreetAddress":"10 Collyer Quay#10-01Ocean Financial CentreSingapore 049315","EntityStatus":"Live Company","EntityType":"Local Company","CompanyTypeDescription":"PRIVATE COMPANY LIMITED BY SHARES","UenIssuanceAgency":"Accounting and Corporate Regulatory Authority  (ACRA)","UenIssueDate":"2008-09-11","IncorporationDate":"2000-02-22","AccountDueDate":"2017-08-10","AnnualReturnDate":"2016-12-31","NumberOfficers":"5","FormerEntityName":"LAZULI INVESTMENTS PTE LTDAMDOCS BILLING PTE LTD","PrimarySsicCode":"62024: COMPUTER SYSTEMS INTEGRATION ACTIVITIES","SecondarySsicCode":"62022: SOFTWARE CONSULTANCY","PrimaryUserDescribedActivity":"PROVIDING COMPUTER SYSTEMS INTEGRATION ACTIVITIES","SecondaryUserDescribedActivity":"PROVIDING SOFTWARE CONSULTANCY","CompanyName":"Amdocs"}
{"_id":{"$oid":"5b7c41889b9be51b281e126a"},"UniqueEntityNumber(Uen)":"T02FC6282C","EntityName":"HCL TECHNOLOGIES LIMITED","StreetAddress":"8 Shenton Way#37-02Temasek TowerSingapore 068811","EntityType":"Foreign Company","CompanyTypeDescription":"FOREIGN COMPANY REGISTERED IN SINGAPORE","UenIssuanceAgency":"Accounting and Corporate Regulatory Authority  (ACRA)","UenIssueDate":"2008-09-12","IncorporationDate":"2002-08-28","NumberOfficers":"2","PrimarySsicCode":"62019: DEVELOPMENT OF OTHER SOFTWARE AND PROGRAMMING ACTIVITIES NEC","SecondarySsicCode":"70201: BUSINESS AND MANAGEMENT CONSULTANCY SERVICES (GENERAL)","CompanyName":"HCL Technologies"}
{"_id":{"$oid":"5b7c41889b9be51b281e126b"},"UniqueEntityNumber(Uen)":"T10FC0143B","EntityName":"HEWLETT-PACKARD CARIBE BV SINGAPORE BRANCH","StreetAddress":"450 Alexandra RoadSingapore 119960","EntityType":"Foreign Company","CompanyTypeDescription":"FOREIGN COMPANY REGISTERED IN SINGAPORE","UenIssuanceAgency":"Accounting and Corporate Regulatory Authority  (ACRA)","UenIssueDate":"2010-12-08","IncorporationDate":"2010-12-08","NumberOfficers":"5","PrimarySsicCode":"64202: OTHER HOLDING COMPANIES","PrimaryUserDescribedActivity":"HOLDING AND FINANCING COMPANY","CompanyName":"Hewlett-Packard Singapore"}
{"_id":{"$oid":"5b7c41889b9be51b281e126c"},"UniqueEntityNumber(Uen)":"198804614R","EntityName":"BARCLAYS CAPITAL HOLDINGS (SINGAPORE) PRIVATE LIMITED","StreetAddress":"10 Marina Boulevard#24-01Marina Bay Financial CentreSingapore 018983","EntityStatus":"Live Company","EntityType":"Local Company","CompanyTypeDescription":"PRIVATE COMPANY LIMITED BY SHARES","UenIssuanceAgency":"Accounting and Corporate Regulatory Authority  (ACRA)","UenIssueDate":"2008-09-10","IncorporationDate":"1988-12-16","AccountDueDate":"2017-04-21","AnnualReturnDate":"2016-12-31","NumberOfficers":"5","FormerEntityName":"BARCLAYS DE ZOETE WEDD HOLDINGS (SINGAPORE) PTE LTDBZW HOLDINGS (SINGAPORE) PRIVATE LIMITED","PrimarySsicCode":"64201: BANK/FINANCIAL HOLDING COMPANIES","PrimaryUserDescribedActivity":"HOLDING COMPANIES","CompanyName":"BARCLAYS CAPITAL HOLDINGS"}
{"_id":{"$oid":"5b7c41889b9be51b281e126d"},"UniqueEntityNumber(Uen)":"200814464H","EntityName":"INTEGRATED HEALTH INFORMATION SYSTEMS PTE LTD","StreetAddress":"6 Serangoon North Avenue 5#01-01/02Singapore 554910","EntityStatus":"Live Company","EntityType":"Local Company","CompanyTypeDescription":"PRIVATE COMPANY LIMITED BY SHARES","UenIssuanceAgency":"Accounting and Corporate Regulatory Authority  (ACRA)","UenIssueDate":"2008-09-13","IncorporationDate":"2008-07-23","AccountDueDate":"2017-08-24","AnnualReturnDate":"2017-03-31","NumberOfficers":"14","PrimarySsicCode":"62023: COMPUTER FACILITIES MANAGEMENT ACTIVITIES","SecondarySsicCode":"62024: COMPUTER SYSTEMS INTEGRATION ACTIVITIES","CompanyName":"INTEGRATED HEALTH INFORMATION SYSTEMS"}
{"_id":{"$oid":"5b7c41889b9be51b281e126e"},"UniqueEntityNumber(Uen)":"201806892D","EntityName":"MIMSHACH PTE LTD","StreetAddress":"Cuppage RoadSingapore 229469","EntityStatus":"Registered","EntityType":"Local Company","UenIssuanceAgency":"Accounting and Corporate Regulatory Authority  (ACRA)","UenIssueDate":"2018-02-27","CompanyName":"MIMS"}
{"_id":{"$oid":"5b7c41889b9be51b281e126f"},"UniqueEntityNumber(Uen)":"T08CC3020C","EntityName":"TEMASEK POLYTECHNIC GENERAL EDUCATION FUND","StreetAddress":"Tampines Avenue 1Singapore 529757","EntityStatus":"Registered","EntityType":"CC","UenIssuanceAgency":"Ministry of Culture Community and Youth  (MCCY)","UenIssueDate":"2008-10-24","CompanyName":"Temasek Polytechnic"}
{"_id":{"$oid":"5b7c41889b9be51b281e1270"},"UniqueEntityNumber(Uen)":"200817256W","EntityName":"NATIONAL VOLUNTEER AND PHILANTHROPY CENTRE","StreetAddress":"6 Eu Tong Sen Street#04-88The CentralSingapore 059817","EntityStatus":"Live Company","EntityType":"Local Company","CompanyTypeDescription":"PUBLIC COMPANY LIMITED BY GUARANTEE","UenIssuanceAgency":"Accounting and Corporate Regulatory Authority  (ACRA)","UenIssueDate":"2008-12-16","IncorporationDate":"2008-09-01","AccountDueDate":"2016-11-09","AnnualReturnDate":"2016-03-31","NumberOfficers":"17","PrimarySsicCode":"88929: COMMUNITY ACTIVITIES NEC","PrimaryUserDescribedActivity":"TO DEVELOP AND PROMOTE VOLUNTEERISM AND PHILANTHROPY IN SINGAPORE","CompanyName":"NATIONAL VOLUNTEER AND PHILANTHROPY CENTRE"}
{"_id":{"$oid":"5b7c41889b9be51b281e1271"},"UniqueEntityNumber(Uen)":"199402303G","EntityName":"RENESAS ELECTRONICS SINGAPORE PTE LTD","StreetAddress":"80 Bendemeer Road#06-02Hyflux Innovation CentreSingapore 339949","EntityStatus":"Live Company","EntityType":"Local Company","CompanyTypeDescription":"PRIVATE COMPANY LIMITED BY SHARES","UenIssuanceAgency":"Accounting and Corporate Regulatory Authority  (ACRA)","UenIssueDate":"2008-09-10","IncorporationDate":"1994-04-02","AccountDueDate":"2017-03-29","AnnualReturnDate":"2016-12-31","NumberOfficers":"6","FormerEntityName":"NEC ELECTRONICS SINGAPORE PTE LTD","PrimarySsicCode":"46522: WHOLESALE OF ELECTRONIC COMPONENTS","CompanyName":"RENESAS ELECTRONICS"}
{"_id":{"$oid":"5b7c41889b9be51b281e1272"},"UniqueEntityNumber(Uen)":"200002967N","EntityName":"GEMALTO HOLDING PTE LTD","StreetAddress":"1 Phillip Street#03-01Royal One PhillipSingapore 048692","EntityStatus":"Live Company","EntityType":"Local Company","CompanyTypeDescription":"PRIVATE COMPANY LIMITED BY SHARES","UenIssuanceAgency":"Accounting and Corporate Regulatory Authority  (ACRA)","UenIssueDate":"2008-09-12","IncorporationDate":"2000-04-07","AccountDueDate":"2017-06-16","AnnualReturnDate":"2016-12-31","NumberOfficers":"5","FormerEntityName":"CRESSIDA TRADING PTE LTDDAYTRADERHQ SINGAPORE PTE LTDCP8 SINGAPORE PTE LTDAXALTO SINGAPORE PTE LTD","PrimarySsicCode":"46522: WHOLESALE OF ELECTRONIC COMPONENTS","PrimaryUserDescribedActivity":"DEVELOP MKTG SALES SUPPORT OF SMART CARDS & RELATED PROD & SERV FOR ALL IND","CompanyName":"Gemalto"}
{"_id":{"$oid":"5b7c41889b9be51b281e1273"},"UniqueEntityNumber(Uen)":"199806305H","EntityName":"ECQUARIA TECHNOLOGIES PTE LTD","StreetAddress":"11 Lorong 3 Toa Payoh#02-31Jackson SquareSingapore 319579","EntityStatus":"Live Company","EntityType":"Local Company","CompanyTypeDescription":"PRIVATE COMPANY LIMITED BY SHARES","UenIssuanceAgency":"Accounting and Corporate Regulatory Authority  (ACRA)","UenIssueDate":"2008-09-11","IncorporationDate":"1998-12-24","AccountDueDate":"2016-12-30","AnnualReturnDate":"2016-06-30","NumberCharges":"6","NumberOfficers":"5","PrimarySsicCode":"62019: DEVELOPMENT OF OTHER SOFTWARE AND PROGRAMMING ACTIVITIES NEC","SecondarySsicCode":"62022: SOFTWARE CONSULTANCY","CompanyName":"Ecquaria Technologies Pte Ltd"}
{"_id":{"$oid":"5b7c41889b9be51b281e1274"},"UniqueEntityNumber(Uen)":"53285670L","EntityName":"INFOSYS CONSULTING SERVICES","StreetAddress":"269B Punggol Field#13-189Singapore 822269","EntityStatus":"Cancelled","EntityType":"Business","BusinessConstitutionDescription":"Sole Proprietor","UenIssuanceAgency":"Accounting and Corporate Regulatory Authority  (ACRA)","UenIssueDate":"2014-12-12","IncorporationDate":"2014-12-10","NumberOfficers":"2","PrimarySsicCode":"62090: OTHER INFORMATION TECHNOLOGY AND COMPUTER SERVICE ACTIVITIES (EG DISASTER RECOVERY SERVICES)","SecondarySsicCode":"47910: RETAIL SALE VIA INTERNET","PrimaryUserDescribedActivity":"IT SERVICES","SecondaryUserDescribedActivity":"IT SERVICES","CompanyName":"Infosys Consulting"}
{"_id":{"$oid":"5b7c41889b9be51b281e1275"},"UniqueEntityNumber(Uen)":"T05FC6683L","EntityName":"IBM INTERNATIONAL HOLDINGS BV SINGAPORE BRANCH","StreetAddress":"6 Tampines Industrial Avenue 5Singapore 528760","EntityType":"Foreign Company","CompanyTypeDescription":"FOREIGN COMPANY REGISTERED IN SINGAPORE","UenIssuanceAgency":"Accounting and Corporate Regulatory Authority  (ACRA)","UenIssueDate":"2008-09-13","IncorporationDate":"2005-05-04","NumberCharges":"1","NumberOfficers":"7","PrimarySsicCode":"64202: OTHER HOLDING COMPANIES","SecondarySsicCode":"26201: MANUFACTURE OF COMPUTERS AND DATA PROCESSING EQUIPMENT EXCEPT COMPUTER PERIPHERAL EQUIPMENT","CompanyName":"IBM INTERNATIONAL"}
{"_id":{"$oid":"5b7c41889b9be51b281e1276"},"UniqueEntityNumber(Uen)":"T15FC0115D","EntityName":"LENOVO (INDIA) PRIVATE LIMITED SINGAPORE BRANCH","StreetAddress":"151 Lorong Chuan#02-01New Tech ParkSingapore 556741","EntityType":"Foreign Company","CompanyTypeDescription":"FOREIGN COMPANY REGISTERED IN SINGAPORE","UenIssuanceAgency":"Accounting and Corporate Regulatory Authority  (ACRA)","UenIssueDate":"2015-08-18","IncorporationDate":"2015-08-18","NumberOfficers":"6","PrimarySsicCode":"26201: MANUFACTURE OF COMPUTERS AND DATA PROCESSING EQUIPMENT EXCEPT COMPUTER PERIPHERAL EQUIPMENT","CompanyName":"Lenovo"}
{"_id":{"$oid":"5b7c41889b9be51b281e1277"},"UniqueEntityNumber(Uen)":"201813819G","EntityName":"RAZERPAY PTE LTD","StreetAddress":"Chai Chee LaneSingapore 469029","EntityStatus":"Registered","EntityType":"Local Company","UenIssuanceAgency":"Accounting and Corporate Regulatory Authority  (ACRA)","UenIssueDate":"2018-04-23","CompanyName":"Razer"}
